<?xml version="1.0" encoding="utf-8"?>
<SceneData xmlns:xsd="http://www.w3.org/2001/XMLSchema" xmlns:xsi="http://www.w3.org/2001/XMLSchema-instance" name="Dream_Mighty_Zote">
  <sceneObjects>
    <SceneObject path="Mighty_Zote_0014_8">
      <components>
        <string>Transform</string>
        <string>SpriteRenderer</string>
      </components>
    </SceneObject>
    <SceneObject path="Mighty_Zote_0014_8 (3)">
      <components>
        <string>Transform</string>
        <string>SpriteRenderer</string>
      </components>
    </SceneObject>
    <SceneObject path="rg_lamp2 (5)">
      <components>
        <string>Transform</string>
        <string>SpriteRenderer</string>
      </components>
    </SceneObject>
    <SceneObject path="rg_lamp2 (5)/Flame">
      <components>
        <string>Transform</string>
        <string>SpriteRenderer</string>
        <string>Animator</string>
      </components>
    </SceneObject>
    <SceneObject path="rg_lamp2 (5)/torch_glow_02">
      <components>
        <string>Transform</string>
        <string>SpriteRenderer</string>
        <string>Animator</string>
      </components>
    </SceneObject>
    <SceneObject path="bretta_zote_wall">
      <components>
        <string>Transform</string>
        <string>SpriteRenderer</string>
      </components>
    </SceneObject>
    <SceneObject path="Mighty_Zote_0010_12 (1)">
      <components>
        <string>Transform</string>
        <string>SpriteRenderer</string>
      </components>
    </SceneObject>
    <SceneObject path="_Enemies">
      <components>
        <string>Transform</string>
      </components>
    </SceneObject>
    <SceneObject path="Mighty_Zote_0011_11 (2)">
      <components>
        <string>Transform</string>
        <string>SpriteRenderer</string>
      </components>
    </SceneObject>
    <SceneObject path="Mighty_Zote_0014_8 (2)">
      <components>
        <string>Transform</string>
        <string>SpriteRenderer</string>
      </components>
    </SceneObject>
    <SceneObject path="Mighty_Zote_0013_9">
      <components>
        <string>Transform</string>
        <string>SpriteRenderer</string>
      </components>
    </SceneObject>
    <SceneObject path="rg_lamp2 (8)">
      <components>
        <string>Transform</string>
        <string>SpriteRenderer</string>
      </components>
    </SceneObject>
    <SceneObject path="rg_lamp2 (8)/Flame">
      <components>
        <string>Transform</string>
        <string>SpriteRenderer</string>
        <string>Animator</string>
      </components>
    </SceneObject>
    <SceneObject path="rg_lamp2 (8)/torch_glow_02">
      <components>
        <string>Transform</string>
        <string>SpriteRenderer</string>
        <string>Animator</string>
      </components>
    </SceneObject>
    <SceneObject path="mage_particles">
      <components>
        <string>Transform</string>
      </components>
    </SceneObject>
    <SceneObject path="mage_particles/Particle System glowies">
      <components>
        <string>Transform</string>
        <string>ParticleSystem</string>
        <string>ParticleSystemRenderer</string>
      </components>
    </SceneObject>
    <SceneObject path="mage_particles/Particle System glowies (1)">
      <components>
        <string>Transform</string>
        <string>ParticleSystem</string>
        <string>ParticleSystemRenderer</string>
      </components>
    </SceneObject>
    <SceneObject path="mage_particles/Particle System glowies (2)">
      <components>
        <string>Transform</string>
        <string>ParticleSystem</string>
        <string>ParticleSystemRenderer</string>
      </components>
    </SceneObject>
    <SceneObject path="mage_particles/Particle System glowies (3)">
      <components>
        <string>Transform</string>
        <string>ParticleSystem</string>
        <string>ParticleSystemRenderer</string>
      </components>
    </SceneObject>
    <SceneObject path="bretta_fader (1)">
      <components>
        <string>Transform</string>
        <string>SpriteRenderer</string>
      </components>
    </SceneObject>
    <SceneObject path="Mighty_Zote_0015_7">
      <components>
        <string>Transform</string>
        <string>SpriteRenderer</string>
      </components>
    </SceneObject>
    <SceneObject path="_Items">
      <components>
        <string>Transform</string>
      </components>
    </SceneObject>
    <SceneObject path="Mighty_Zote_0012_10 (3)">
      <components>
        <string>Transform</string>
        <string>SpriteRenderer</string>
      </components>
    </SceneObject>
    <SceneObject path="Mighty_Zote_0013_9 (9)">
      <components>
        <string>Transform</string>
        <string>SpriteRenderer</string>
      </components>
    </SceneObject>
    <SceneObject path="Mighty_Zote_0013_9 (13)">
      <components>
        <string>Transform</string>
        <string>SpriteRenderer</string>
      </components>
    </SceneObject>
    <SceneObject path="Mighty_Zote_0008_14">
      <components>
        <string>Transform</string>
        <string>SpriteRenderer</string>
      </components>
    </SceneObject>
    <SceneObject path="rg_lamp2 (1)">
      <components>
        <string>Transform</string>
        <string>SpriteRenderer</string>
      </components>
    </SceneObject>
    <SceneObject path="rg_lamp2 (1)/Flame">
      <components>
        <string>Transform</string>
        <string>SpriteRenderer</string>
        <string>Animator</string>
      </components>
    </SceneObject>
    <SceneObject path="rg_lamp2 (1)/torch_glow_02">
      <components>
        <string>Transform</string>
        <string>SpriteRenderer</string>
        <string>Animator</string>
      </components>
    </SceneObject>
    <SceneObject path="rg_lamp2 (1)/Flame (1)">
      <components>
        <string>Transform</string>
        <string>SpriteRenderer</string>
        <string>Animator</string>
      </components>
    </SceneObject>
    <SceneObject path="Mighty_Zote_0011_11 (1)">
      <components>
        <string>Transform</string>
        <string>SpriteRenderer</string>
      </components>
    </SceneObject>
    <SceneObject path="CameraLockArea">
      <components>
        <string>Transform</string>
        <string>BoxCollider2D</string>
        <string>CameraLockArea</string>
      </components>
    </SceneObject>
    <SceneObject path="Audience">
      <components>
        <string>Transform</string>
        <string>BoxCollider2D</string>
        <string>PlayMakerFSM</string>
      </components>
    </SceneObject>
    <SceneObject path="Audience/Bretta Dream">
      <components>
        <string>Transform</string>
        <string>MeshRenderer</string>
        <string>MeshFilter</string>
        <string>tk2dSprite</string>
        <string>tk2dSpriteAnimator</string>
        <string>PlayMakerFSM</string>
      </components>
    </SceneObject>
    <SceneObject path="Audience/Bretta Dream/Dream Impact">
      <components>
        <string>Transform</string>
        <string>MeshFilter</string>
        <string>MeshRenderer</string>
        <string>tk2dSprite</string>
        <string>tk2dSpriteAnimator</string>
        <string>RecycleAfter2dtkAnimation</string>
      </components>
    </SceneObject>
    <SceneObject path="Audience/Bretta Dream/White Flash">
      <components>
        <string>Transform</string>
        <string>SpriteRenderer</string>
        <string>SimpleFadeOut</string>
      </components>
    </SceneObject>
    <SceneObject path="Audience/Zote Frond">
      <components>
        <string>Transform</string>
        <string>MeshRenderer</string>
        <string>MeshFilter</string>
        <string>tk2dSprite</string>
        <string>tk2dSpriteAnimator</string>
        <string>PlayMakerFSM</string>
      </components>
    </SceneObject>
    <SceneObject path="Audience/Zote Audience">
      <components>
        <string>Transform</string>
        <string>MeshRenderer</string>
        <string>MeshFilter</string>
        <string>tk2dSprite</string>
        <string>tk2dSpriteAnimator</string>
        <string>PlayMakerFSM</string>
      </components>
    </SceneObject>
    <SceneObject path="Audience/Darkness">
      <components>
        <string>Transform</string>
      </components>
    </SceneObject>
    <SceneObject path="Audience/Darkness/bretta_fader (9)">
      <components>
        <string>Transform</string>
        <string>SpriteRenderer</string>
        <string>PlayMakerFSM</string>
      </components>
    </SceneObject>
    <SceneObject path="Audience/Darkness/bretta_fader (10)">
      <components>
        <string>Transform</string>
        <string>SpriteRenderer</string>
        <string>PlayMakerFSM</string>
      </components>
    </SceneObject>
    <SceneObject path="Audience/Darkness/bretta_fader (11)">
      <components>
        <string>Transform</string>
        <string>SpriteRenderer</string>
        <string>PlayMakerFSM</string>
      </components>
    </SceneObject>
    <SceneObject path="Audience/CamLock Intro">
      <components>
        <string>Transform</string>
        <string>BoxCollider2D</string>
        <string>CameraLockArea</string>
        <string>PlayMakerFSM</string>
      </components>
    </SceneObject>
    <SceneObject path="Audience/CamLock Roar">
      <components>
        <string>Transform</string>
        <string>BoxCollider2D</string>
        <string>CameraLockArea</string>
        <string>PlayMakerFSM</string>
      </components>
    </SceneObject>
    <SceneObject path="Audience/CamLock Battle">
      <components>
        <string>Transform</string>
        <string>BoxCollider2D</string>
        <string>CameraLockArea</string>
        <string>PlayMakerFSM</string>
      </components>
    </SceneObject>
    <SceneObject path="Audience/Zote Audience (1)">
      <components>
        <string>Transform</string>
        <string>MeshRenderer</string>
        <string>MeshFilter</string>
        <string>tk2dSprite</string>
        <string>tk2dSpriteAnimator</string>
        <string>PlayMakerFSM</string>
      </components>
    </SceneObject>
    <SceneObject path="Audience/Zote Audience (2)">
      <components>
        <string>Transform</string>
        <string>MeshRenderer</string>
        <string>MeshFilter</string>
        <string>tk2dSprite</string>
        <string>tk2dSpriteAnimator</string>
        <string>PlayMakerFSM</string>
      </components>
    </SceneObject>
    <SceneObject path="Audience/Zote Audience (3)">
      <components>
        <string>Transform</string>
        <string>MeshRenderer</string>
        <string>MeshFilter</string>
        <string>tk2dSprite</string>
        <string>tk2dSpriteAnimator</string>
        <string>PlayMakerFSM</string>
      </components>
    </SceneObject>
    <SceneObject path="Audience/Zote Audience (4)">
      <components>
        <string>Transform</string>
        <string>MeshRenderer</string>
        <string>MeshFilter</string>
        <string>tk2dSprite</string>
        <string>tk2dSpriteAnimator</string>
        <string>PlayMakerFSM</string>
      </components>
    </SceneObject>
    <SceneObject path="Audience/Zote Audience (5)">
      <components>
        <string>Transform</string>
        <string>MeshRenderer</string>
        <string>MeshFilter</string>
        <string>tk2dSprite</string>
        <string>tk2dSpriteAnimator</string>
        <string>PlayMakerFSM</string>
      </components>
    </SceneObject>
    <SceneObject path="Audience/Zote Audience (6)">
      <components>
        <string>Transform</string>
        <string>MeshRenderer</string>
        <string>MeshFilter</string>
        <string>tk2dSprite</string>
        <string>tk2dSpriteAnimator</string>
        <string>PlayMakerFSM</string>
      </components>
    </SceneObject>
    <SceneObject path="Audience/Zote Audience (7)">
      <components>
        <string>Transform</string>
        <string>MeshRenderer</string>
        <string>MeshFilter</string>
        <string>tk2dSprite</string>
        <string>tk2dSpriteAnimator</string>
        <string>PlayMakerFSM</string>
      </components>
    </SceneObject>
    <SceneObject path="Audience/Audio">
      <components>
        <string>Transform</string>
        <string>AudioSource</string>
        <string>AudioSource</string>
      </components>
    </SceneObject>
    <SceneObject path="Mighty_Zote_0009_13 (2)">
      <components>
        <string>Transform</string>
        <string>SpriteRenderer</string>
      </components>
    </SceneObject>
    <SceneObject path="Audio Player (4)">
      <components>
        <string>Transform</string>
        <string>AudioSource</string>
        <string>PlayMakerFSM</string>
      </components>
    </SceneObject>
    <SceneObject path="_Transition Gates">
      <components>
        <string>Transform</string>
      </components>
    </SceneObject>
    <SceneObject path="bretta_curtain_03 (6)">
      <components>
        <string>Transform</string>
        <string>SpriteRenderer</string>
      </components>
    </SceneObject>
    <SceneObject path="rg_lamp2 (6)">
      <components>
        <string>Transform</string>
        <string>SpriteRenderer</string>
      </components>
    </SceneObject>
    <SceneObject path="rg_lamp2 (6)/Flame">
      <components>
        <string>Transform</string>
        <string>SpriteRenderer</string>
        <string>Animator</string>
      </components>
    </SceneObject>
    <SceneObject path="rg_lamp2 (6)/torch_glow_02">
      <components>
        <string>Transform</string>
        <string>SpriteRenderer</string>
        <string>Animator</string>
      </components>
    </SceneObject>
    <SceneObject path="door1">
      <components>
        <string>Transform</string>
        <string>BoxCollider2D</string>
        <string>TransitionPoint</string>
      </components>
    </SceneObject>
    <SceneObject path="door1/Hazard Respawn Marker">
      <components>
        <string>Transform</string>
        <string>HazardRespawnMarker</string>
      </components>
    </SceneObject>
    <SceneObject path="door1/Prompt Marker">
      <components>
        <string>Transform</string>
      </components>
    </SceneObject>
    <SceneObject path="Mighty_Zote_0013_9 (8)">
      <components>
        <string>Transform</string>
        <string>SpriteRenderer</string>
      </components>
    </SceneObject>
    <SceneObject path="rg_lamp2 (2)">
      <components>
        <string>Transform</string>
        <string>SpriteRenderer</string>
      </components>
    </SceneObject>
    <SceneObject path="rg_lamp2 (2)/Flame">
      <components>
        <string>Transform</string>
        <string>SpriteRenderer</string>
        <string>Animator</string>
      </components>
    </SceneObject>
    <SceneObject path="rg_lamp2 (2)/torch_glow_02">
      <components>
        <string>Transform</string>
        <string>SpriteRenderer</string>
        <string>Animator</string>
      </components>
    </SceneObject>
    <SceneObject path="Mighty_Zote_0015_7 (2)">
      <components>
        <string>Transform</string>
        <string>SpriteRenderer</string>
      </components>
    </SceneObject>
    <SceneObject path="_Camera Lock Zones">
      <components>
        <string>Transform</string>
      </components>
    </SceneObject>
    <SceneObject path="bretta_curtain_03">
      <components>
        <string>Transform</string>
        <string>SpriteRenderer</string>
      </components>
    </SceneObject>
    <SceneObject path="_Areas">
      <components>
        <string>Transform</string>
      </components>
    </SceneObject>
    <SceneObject path="bretta_fader (4)">
      <components>
        <string>Transform</string>
        <string>SpriteRenderer</string>
      </components>
    </SceneObject>
    <SceneObject path="Mighty_Zote_0013_9 (7)">
      <components>
        <string>Transform</string>
        <string>SpriteRenderer</string>
      </components>
    </SceneObject>
    <SceneObject path="bretta_curtain_04 (2)">
      <components>
        <string>Transform</string>
        <string>SpriteRenderer</string>
      </components>
    </SceneObject>
    <SceneObject path="Mighty_Zote_0001_21 (8)">
      <components>
        <string>Transform</string>
        <string>SpriteRenderer</string>
      </components>
    </SceneObject>
    <SceneObject path="_Managers">
      <components>
        <string>Transform</string>
      </components>
    </SceneObject>
    <SceneObject path="_Managers/PlayMaker Unity 2D">
      <components>
        <string>Transform</string>
        <string>PlayMakerFSM</string>
        <string>PlayMakerUnity2d</string>
        <string>PlayMakerCollisionEnter2D</string>
        <string>PlayMakerCollisionExit2D</string>
        <string>PlayMakerCollisionStay2D</string>
        <string>PlayMakerTriggerEnter2D</string>
        <string>PlayMakerTriggerExit2D</string>
        <string>PlayMakerTriggerStay2D</string>
      </components>
    </SceneObject>
    <SceneObject path="bretta_curtain_04 (4)">
      <components>
        <string>Transform</string>
        <string>SpriteRenderer</string>
      </components>
    </SceneObject>
    <SceneObject path="Mighty_Zote_0006_16">
      <components>
        <string>Transform</string>
        <string>SpriteRenderer</string>
      </components>
    </SceneObject>
    <SceneObject path="Mighty_Zote_0012_10 (2)">
      <components>
        <string>Transform</string>
        <string>SpriteRenderer</string>
      </components>
    </SceneObject>
    <SceneObject path="bretta_curtain_03 (7)">
      <components>
        <string>Transform</string>
        <string>SpriteRenderer</string>
      </components>
    </SceneObject>
    <SceneObject path="Mighty_Zote_0014_8 (4)">
      <components>
        <string>Transform</string>
        <string>SpriteRenderer</string>
      </components>
    </SceneObject>
    <SceneObject path="Mighty_Zote_0012_10 (6)">
      <components>
        <string>Transform</string>
        <string>SpriteRenderer</string>
      </components>
    </SceneObject>
    <SceneObject path="Mighty_Zote_0015_7 (5)">
      <components>
        <string>Transform</string>
        <string>SpriteRenderer</string>
      </components>
    </SceneObject>
    <SceneObject path="_Scenery">
      <components>
        <string>Transform</string>
      </components>
    </SceneObject>
    <SceneObject path="bretta_cloth_roof (5)">
      <components>
        <string>Transform</string>
        <string>SpriteRenderer</string>
      </components>
    </SceneObject>
    <SceneObject path="Mighty_Zote_0001_21 (6)">
      <components>
        <string>Transform</string>
        <string>SpriteRenderer</string>
      </components>
    </SceneObject>
    <SceneObject path="Mighty_Zote_0001_21 (4)">
      <components>
        <string>Transform</string>
        <string>SpriteRenderer</string>
      </components>
    </SceneObject>
    <SceneObject path="Mighty_Zote_0012_10 (4)">
      <components>
        <string>Transform</string>
        <string>SpriteRenderer</string>
      </components>
    </SceneObject>
    <SceneObject path="bretta_curtain_04 (3)">
      <components>
        <string>Transform</string>
        <string>SpriteRenderer</string>
      </components>
    </SceneObject>
    <SceneObject path="bretta_fader (8)">
      <components>
        <string>Transform</string>
        <string>SpriteRenderer</string>
      </components>
    </SceneObject>
    <SceneObject path="Mighty_Zote_0003_19">
      <components>
        <string>Transform</string>
        <string>SpriteRenderer</string>
      </components>
    </SceneObject>
    <SceneObject path="TileMap Render Data">
      <components>
        <string>Transform</string>
      </components>
    </SceneObject>
    <SceneObject path="TileMap Render Data/Scenemap">
      <components>
        <string>Transform</string>
      </components>
    </SceneObject>
    <SceneObject path="TileMap Render Data/Scenemap/Chunk 0 0">
      <components>
        <string>Transform</string>
        <string>MeshFilter</string>
        <string>MeshRenderer</string>
        <string>EdgeCollider2D</string>
      </components>
    </SceneObject>
    <SceneObject path="TileMap Render Data/Scenemap/Chunk 0 1">
      <components>
        <string>Transform</string>
        <string>MeshFilter</string>
        <string>MeshRenderer</string>
        <string>EdgeCollider2D</string>
      </components>
    </SceneObject>
    <SceneObject path="TileMap Render Data/Scenemap/Chunk 1 0">
      <components>
        <string>Transform</string>
        <string>MeshFilter</string>
        <string>MeshRenderer</string>
        <string>EdgeCollider2D</string>
      </components>
    </SceneObject>
    <SceneObject path="TileMap Render Data/Scenemap/Chunk 1 1">
      <components>
        <string>Transform</string>
        <string>MeshFilter</string>
        <string>MeshRenderer</string>
        <string>EdgeCollider2D</string>
      </components>
    </SceneObject>
    <SceneObject path="TileMap Render Data/Scenemap/Chunk 2 0">
      <components>
        <string>Transform</string>
        <string>MeshFilter</string>
        <string>MeshRenderer</string>
        <string>EdgeCollider2D</string>
      </components>
    </SceneObject>
    <SceneObject path="TileMap Render Data/Scenemap/Chunk 2 1">
      <components>
        <string>Transform</string>
        <string>MeshFilter</string>
        <string>MeshRenderer</string>
        <string>EdgeCollider2D</string>
      </components>
    </SceneObject>
    <SceneObject path="TileMap Render Data/Scenemap/Chunk 3 0">
      <components>
        <string>Transform</string>
        <string>MeshFilter</string>
        <string>MeshRenderer</string>
        <string>EdgeCollider2D</string>
        <string>EdgeCollider2D</string>
      </components>
    </SceneObject>
    <SceneObject path="TileMap Render Data/Scenemap/Chunk 3 1">
      <components>
        <string>Transform</string>
        <string>MeshFilter</string>
        <string>MeshRenderer</string>
        <string>EdgeCollider2D</string>
      </components>
    </SceneObject>
    <SceneObject path="TileMap Render Data/Scenemap/Chunk 4 0">
      <components>
        <string>Transform</string>
        <string>MeshFilter</string>
        <string>MeshRenderer</string>
        <string>EdgeCollider2D</string>
        <string>EdgeCollider2D</string>
      </components>
    </SceneObject>
    <SceneObject path="TileMap Render Data/Scenemap/Chunk 4 1">
      <components>
        <string>Transform</string>
        <string>MeshFilter</string>
        <string>MeshRenderer</string>
        <string>EdgeCollider2D</string>
      </components>
    </SceneObject>
    <SceneObject path="Mighty_Zote_0017_5 (1)">
      <components>
        <string>Transform</string>
        <string>SpriteRenderer</string>
      </components>
    </SceneObject>
    <SceneObject path="Mighty_Zote_0012_10 (5)">
      <components>
        <string>Transform</string>
        <string>SpriteRenderer</string>
      </components>
    </SceneObject>
    <SceneObject path="Mighty_Zote_0005_17">
      <components>
        <string>Transform</string>
        <string>SpriteRenderer</string>
      </components>
    </SceneObject>
    <SceneObject path="bretta_curtain_03 (2)">
      <components>
        <string>Transform</string>
        <string>SpriteRenderer</string>
      </components>
    </SceneObject>
    <SceneObject path="Mighty_Zote_0013_9 (11)">
      <components>
        <string>Transform</string>
        <string>SpriteRenderer</string>
      </components>
    </SceneObject>
    <SceneObject path="Mighty_Zote_0015_7 (4)">
      <components>
        <string>Transform</string>
        <string>SpriteRenderer</string>
      </components>
    </SceneObject>
    <SceneObject path="Audio Player (3)">
      <components>
        <string>Transform</string>
        <string>AudioSource</string>
        <string>PlayMakerFSM</string>
      </components>
    </SceneObject>
    <SceneObject path="Mighty_Zote_0010_12">
      <components>
        <string>Transform</string>
        <string>SpriteRenderer</string>
      </components>
    </SceneObject>
    <SceneObject path="bretta_fader (2)">
      <components>
        <string>Transform</string>
        <string>SpriteRenderer</string>
      </components>
    </SceneObject>
    <SceneObject path="Mighty_Zote_0012_10 (1)">
      <components>
        <string>Transform</string>
        <string>SpriteRenderer</string>
      </components>
    </SceneObject>
    <SceneObject path="bretta_fader (5)">
      <components>
        <string>Transform</string>
        <string>SpriteRenderer</string>
      </components>
    </SceneObject>
    <SceneObject path="Mighty_Zote_0014_8 (11)">
      <components>
        <string>Transform</string>
        <string>SpriteRenderer</string>
      </components>
    </SceneObject>
    <SceneObject path="Mighty_Zote_0001_21">
      <components>
        <string>Transform</string>
        <string>SpriteRenderer</string>
      </components>
    </SceneObject>
    <SceneObject path="Dream Entry">
      <components>
        <string>Transform</string>
        <string>PlayMakerFSM</string>
        <string>AudioSource</string>
      </components>
    </SceneObject>
    <SceneObject path="Dream Entry/Knight Dream Arrival">
      <components>
        <string>Transform</string>
        <string>MeshRenderer</string>
        <string>MeshFilter</string>
        <string>tk2dSprite</string>
        <string>tk2dSpriteAnimator</string>
      </components>
    </SceneObject>
    <SceneObject path="Dream Entry/Knight Dream Arrival/Spark">
      <components>
        <string>Transform</string>
        <string>MeshFilter</string>
        <string>MeshRenderer</string>
        <string>tk2dSprite</string>
        <string>tk2dSpriteAnimator</string>
        <string>PlayMakerFSM</string>
      </components>
    </SceneObject>
    <SceneObject path="Dream Entry/Knight Dream Arrival/Attack Pt">
      <components>
        <string>Transform</string>
        <string>ParticleSystem</string>
        <string>ParticleSystemRenderer</string>
      </components>
    </SceneObject>
    <SceneObject path="Mighty_Zote_0012_10">
      <components>
        <string>Transform</string>
        <string>SpriteRenderer</string>
      </components>
    </SceneObject>
    <SceneObject path="Mighty_Zote_0017_5 (4)">
      <components>
        <string>Transform</string>
        <string>SpriteRenderer</string>
      </components>
    </SceneObject>
    <SceneObject path="Audio Player">
      <components>
        <string>Transform</string>
        <string>AudioSource</string>
        <string>PlayMakerFSM</string>
      </components>
    </SceneObject>
    <SceneObject path="Mighty_Zote_0011_11">
      <components>
        <string>Transform</string>
        <string>SpriteRenderer</string>
      </components>
    </SceneObject>
    <SceneObject path="Mighty_Zote_0013_9 (4)">
      <components>
        <string>Transform</string>
        <string>SpriteRenderer</string>
      </components>
    </SceneObject>
    <SceneObject path="Mighty_Zote_0014_8 (6)">
      <components>
        <string>Transform</string>
        <string>SpriteRenderer</string>
      </components>
    </SceneObject>
    <SceneObject path="rg_lamp2 (9)">
      <components>
        <string>Transform</string>
        <string>SpriteRenderer</string>
      </components>
    </SceneObject>
    <SceneObject path="rg_lamp2 (9)/Flame">
      <components>
        <string>Transform</string>
        <string>SpriteRenderer</string>
        <string>Animator</string>
      </components>
    </SceneObject>
    <SceneObject path="rg_lamp2 (9)/torch_glow_02">
      <components>
        <string>Transform</string>
        <string>SpriteRenderer</string>
        <string>Animator</string>
      </components>
    </SceneObject>
    <SceneObject path="bretta_curtain_03 (1)">
      <components>
        <string>Transform</string>
        <string>SpriteRenderer</string>
      </components>
    </SceneObject>
    <SceneObject path="Mighty_Zote_0011_11 (3)">
      <components>
        <string>Transform</string>
        <string>SpriteRenderer</string>
      </components>
    </SceneObject>
    <SceneObject path="bretta_curtain_01 (1)">
      <components>
        <string>Transform</string>
        <string>SpriteRenderer</string>
      </components>
    </SceneObject>
    <SceneObject path="rg_lamp2">
      <components>
        <string>Transform</string>
        <string>SpriteRenderer</string>
      </components>
    </SceneObject>
    <SceneObject path="rg_lamp2/Flame">
      <components>
        <string>Transform</string>
        <string>SpriteRenderer</string>
        <string>Animator</string>
      </components>
    </SceneObject>
    <SceneObject path="rg_lamp2/torch_glow_02">
      <components>
        <string>Transform</string>
        <string>SpriteRenderer</string>
        <string>Animator</string>
      </components>
    </SceneObject>
    <SceneObject path="rg_lamp2/Flame (1)">
      <components>
        <string>Transform</string>
        <string>SpriteRenderer</string>
        <string>Animator</string>
      </components>
    </SceneObject>
    <SceneObject path="Hero Roof">
      <components>
        <string>Transform</string>
        <string>BoxCollider2D</string>
        <string>PlayMakerFSM</string>
      </components>
    </SceneObject>
    <SceneObject path="bretta_curtain_03 (4)">
      <components>
        <string>Transform</string>
        <string>SpriteRenderer</string>
      </components>
    </SceneObject>
    <SceneObject path="Mighty_Zote_0009_13 (6)">
      <components>
        <string>Transform</string>
        <string>SpriteRenderer</string>
      </components>
    </SceneObject>
    <SceneObject path="Mighty_Zote_0009_13 (1)">
      <components>
        <string>Transform</string>
        <string>SpriteRenderer</string>
      </components>
    </SceneObject>
    <SceneObject path="Mighty_Zote_0002_20 (1)">
      <components>
        <string>Transform</string>
        <string>SpriteRenderer</string>
      </components>
    </SceneObject>
    <SceneObject path="Mighty_Zote_0002_20 (1)/Mighty_Zote_0004_18">
      <components>
        <string>Transform</string>
        <string>SpriteRenderer</string>
      </components>
    </SceneObject>
    <SceneObject path="Mighty_Zote_0002_20 (1)/Mighty_Zote_0004_18 (1)">
      <components>
        <string>Transform</string>
        <string>SpriteRenderer</string>
      </components>
    </SceneObject>
    <SceneObject path="Mighty_Zote_0002_20 (1)/Mighty_Zote_0004_18 (2)">
      <components>
        <string>Transform</string>
        <string>SpriteRenderer</string>
      </components>
    </SceneObject>
    <SceneObject path="Mighty_Zote_0002_20 (1)/Mighty_Zote_0004_18 (3)">
      <components>
        <string>Transform</string>
        <string>SpriteRenderer</string>
      </components>
    </SceneObject>
    <SceneObject path="Mighty_Zote_0002_20 (1)/Mighty_Zote_0004_18 (4)">
      <components>
        <string>Transform</string>
        <string>SpriteRenderer</string>
      </components>
    </SceneObject>
    <SceneObject path="TileMap">
      <components>
        <string>Transform</string>
        <string>tk2dTileMap</string>
      </components>
    </SceneObject>
    <SceneObject path="Mighty_Zote_0010_12 (2)">
      <components>
        <string>Transform</string>
        <string>SpriteRenderer</string>
      </components>
    </SceneObject>
    <SceneObject path="Mighty_Zote_0014_8 (5)">
      <components>
        <string>Transform</string>
        <string>SpriteRenderer</string>
      </components>
    </SceneObject>
    <SceneObject path="Mighty_Zote_0011_11 (7)">
      <components>
        <string>Transform</string>
        <string>SpriteRenderer</string>
      </components>
    </SceneObject>
    <SceneObject path="Mighty_Zote_0001_21 (1)">
      <components>
        <string>Transform</string>
        <string>SpriteRenderer</string>
      </components>
    </SceneObject>
    <SceneObject path="bretta_pillar (2)">
      <components>
        <string>Transform</string>
        <string>SpriteRenderer</string>
      </components>
    </SceneObject>
    <SceneObject path="Mighty_Zote_0014_8 (7)">
      <components>
        <string>Transform</string>
        <string>SpriteRenderer</string>
      </components>
    </SceneObject>
    <SceneObject path="Mighty_Zote_0009_13 (8)">
      <components>
        <string>Transform</string>
        <string>SpriteRenderer</string>
      </components>
    </SceneObject>
    <SceneObject path="Mighty_Zote_0011_11 (4)">
      <components>
        <string>Transform</string>
        <string>SpriteRenderer</string>
      </components>
    </SceneObject>
    <SceneObject path="_NPCs">
      <components>
        <string>Transform</string>
      </components>
    </SceneObject>
    <SceneObject path="Mighty_Zote_0002_20 (4)">
      <components>
        <string>Transform</string>
      </components>
    </SceneObject>
    <SceneObject path="Mighty_Zote_0002_20 (4)/Mighty_Zote_0004_18">
      <components>
        <string>Transform</string>
        <string>SpriteRenderer</string>
      </components>
    </SceneObject>
    <SceneObject path="Mighty_Zote_0002_20 (4)/Mighty_Zote_0004_18 (1)">
      <components>
        <string>Transform</string>
        <string>SpriteRenderer</string>
      </components>
    </SceneObject>
    <SceneObject path="Mighty_Zote_0002_20 (4)/Mighty_Zote_0004_18 (2)">
      <components>
        <string>Transform</string>
        <string>SpriteRenderer</string>
      </components>
    </SceneObject>
    <SceneObject path="Mighty_Zote_0002_20 (4)/Mighty_Zote_0004_18 (3)">
      <components>
        <string>Transform</string>
        <string>SpriteRenderer</string>
      </components>
    </SceneObject>
    <SceneObject path="Mighty_Zote_0002_20 (4)/Mighty_Zote_0004_18 (4)">
      <components>
        <string>Transform</string>
        <string>SpriteRenderer</string>
      </components>
    </SceneObject>
    <SceneObject path="Mighty_Zote_0002_20 (4)/Mighty_Zote_0004_18 (5)">
      <components>
        <string>Transform</string>
        <string>SpriteRenderer</string>
      </components>
    </SceneObject>
    <SceneObject path="bretta_curtain_02">
      <components>
        <string>Transform</string>
        <string>SpriteRenderer</string>
      </components>
    </SceneObject>
    <SceneObject path="bretta fog">
      <components>
        <string>Transform</string>
        <string>SpriteRenderer</string>
      </components>
    </SceneObject>
    <SceneObject path="bretta_curtain_04">
      <components>
        <string>Transform</string>
        <string>SpriteRenderer</string>
      </components>
    </SceneObject>
    <SceneObject path="rg_lamp2 (4)">
      <components>
        <string>Transform</string>
        <string>SpriteRenderer</string>
      </components>
    </SceneObject>
    <SceneObject path="rg_lamp2 (4)/Flame">
      <components>
        <string>Transform</string>
        <string>SpriteRenderer</string>
        <string>Animator</string>
      </components>
    </SceneObject>
    <SceneObject path="rg_lamp2 (4)/torch_glow_02">
      <components>
        <string>Transform</string>
        <string>SpriteRenderer</string>
        <string>Animator</string>
      </components>
    </SceneObject>
    <SceneObject path="Mighty_Zote_0007_15">
      <components>
        <string>Transform</string>
        <string>SpriteRenderer</string>
      </components>
    </SceneObject>
    <SceneObject path="bretta_fader (6)">
      <components>
        <string>Transform</string>
        <string>SpriteRenderer</string>
      </components>
    </SceneObject>
    <SceneObject path="Mighty_Zote_0009_13 (3)">
      <components>
        <string>Transform</string>
        <string>SpriteRenderer</string>
      </components>
    </SceneObject>
    <SceneObject path="Mighty_Zote_0001_21 (5)">
      <components>
        <string>Transform</string>
        <string>SpriteRenderer</string>
      </components>
    </SceneObject>
    <SceneObject path="bretta_cloth_roof (4)">
      <components>
        <string>Transform</string>
        <string>SpriteRenderer</string>
      </components>
    </SceneObject>
    <SceneObject path="_SceneManager">
      <components>
        <string>Transform</string>
        <string>SceneManager</string>
        <string>PlayMakerFSM</string>
        <string>PlayMakerFSM</string>
      </components>
    </SceneObject>
    <SceneObject path="Audio Player (1)">
      <components>
        <string>Transform</string>
        <string>AudioSource</string>
        <string>PlayMakerFSM</string>
      </components>
    </SceneObject>
    <SceneObject path="Mighty_Zote_0013_9 (10)">
      <components>
        <string>Transform</string>
        <string>SpriteRenderer</string>
      </components>
    </SceneObject>
    <SceneObject path="bretta_curtain_04 (1)">
      <components>
        <string>Transform</string>
        <string>SpriteRenderer</string>
      </components>
    </SceneObject>
    <SceneObject path="bretta_curtain_03 (5)">
      <components>
        <string>Transform</string>
        <string>SpriteRenderer</string>
      </components>
    </SceneObject>
    <SceneObject path="bot_lighting">
      <components>
        <string>Transform</string>
      </components>
    </SceneObject>
    <SceneObject path="bot_lighting/bretta_fader (9)">
      <components>
        <string>Transform</string>
        <string>SpriteRenderer</string>
      </components>
    </SceneObject>
    <SceneObject path="bot_lighting/bretta_fader (11)">
      <components>
        <string>Transform</string>
        <string>SpriteRenderer</string>
      </components>
    </SceneObject>
    <SceneObject path="bot_lighting/bretta_fader (10)">
      <components>
        <string>Transform</string>
        <string>SpriteRenderer</string>
      </components>
    </SceneObject>
    <SceneObject path="Mighty_Zote_0009_13">
      <components>
        <string>Transform</string>
        <string>SpriteRenderer</string>
      </components>
    </SceneObject>
    <SceneObject path="Audio Player (5)">
      <components>
        <string>Transform</string>
        <string>AudioSource</string>
        <string>PlayMakerFSM</string>
      </components>
    </SceneObject>
    <SceneObject path="Mighty_Zote_0017_5 (2)">
      <components>
        <string>Transform</string>
        <string>SpriteRenderer</string>
      </components>
    </SceneObject>
    <SceneObject path="CameraLockArea (2)">
      <components>
        <string>Transform</string>
        <string>BoxCollider2D</string>
        <string>CameraLockArea</string>
      </components>
    </SceneObject>
    <SceneObject path="bretta_curtain_01 (5)">
      <components>
        <string>Transform</string>
        <string>SpriteRenderer</string>
      </components>
    </SceneObject>
    <SceneObject path="Audio Player (2)">
      <components>
        <string>Transform</string>
        <string>AudioSource</string>
        <string>PlayMakerFSM</string>
      </components>
    </SceneObject>
    <SceneObject path="Mighty_Zote_0014_8 (1)">
      <components>
        <string>Transform</string>
        <string>SpriteRenderer</string>
      </components>
    </SceneObject>
    <SceneObject path="Mighty_Zote_0015_7 (3)">
      <components>
        <string>Transform</string>
        <string>SpriteRenderer</string>
      </components>
    </SceneObject>
    <SceneObject path="bretta_curtain_01">
      <components>
        <string>Transform</string>
        <string>SpriteRenderer</string>
      </components>
    </SceneObject>
    <SceneObject path="Mighty_Zote_0009_13 (5)">
      <components>
        <string>Transform</string>
        <string>SpriteRenderer</string>
      </components>
    </SceneObject>
    <SceneObject path="bretta_fader (3)">
      <components>
        <string>Transform</string>
        <string>SpriteRenderer</string>
      </components>
    </SceneObject>
    <SceneObject path="Zoteling Saver">
      <components>
        <string>Transform</string>
        <string>BoxCollider2D</string>
        <string>BoxCollider2D</string>
      </components>
    </SceneObject>
    <SceneObject path="rg_lamp2 (3)">
      <components>
        <string>Transform</string>
        <string>SpriteRenderer</string>
      </components>
    </SceneObject>
    <SceneObject path="rg_lamp2 (3)/Flame">
      <components>
        <string>Transform</string>
        <string>SpriteRenderer</string>
        <string>Animator</string>
      </components>
    </SceneObject>
    <SceneObject path="rg_lamp2 (3)/torch_glow_02">
      <components>
        <string>Transform</string>
        <string>SpriteRenderer</string>
        <string>Animator</string>
      </components>
    </SceneObject>
    <SceneObject path="rg_lamp2 (3)/Audio Player">
      <components>
        <string>Transform</string>
        <string>AudioSource</string>
      </components>
    </SceneObject>
    <SceneObject path="rg_lamp2 (3)/Flame (1)">
      <components>
        <string>Transform</string>
        <string>SpriteRenderer</string>
        <string>Animator</string>
      </components>
    </SceneObject>
    <SceneObject path="dream_particles">
      <components>
        <string>Transform</string>
        <string>PlayMakerFSM</string>
      </components>
    </SceneObject>
    <SceneObject path="dream_particles/immediate_BG (1)">
      <components>
        <string>Transform</string>
        <string>ParticleSystem</string>
        <string>ParticleSystemRenderer</string>
        <string>ReduceParticleEffects</string>
      </components>
    </SceneObject>
    <SceneObject path="dream_particles/dream_particle_03">
      <components>
        <string>Transform</string>
        <string>ParticleSystem</string>
        <string>ParticleSystemRenderer</string>
        <string>ReduceParticleEffects</string>
      </components>
    </SceneObject>
    <SceneObject path="dream_particles/dream_particle_03 (1)">
      <components>
        <string>Transform</string>
        <string>ParticleSystem</string>
        <string>ParticleSystemRenderer</string>
        <string>ReduceParticleEffects</string>
      </components>
    </SceneObject>
    <SceneObject path="dream_particles/immediate_BG (2)">
      <components>
        <string>Transform</string>
        <string>ParticleSystem</string>
        <string>ParticleSystemRenderer</string>
        <string>ReduceParticleEffects</string>
      </components>
    </SceneObject>
    <SceneObject path="dream_particles/immediate_BG (3)">
      <components>
        <string>Transform</string>
        <string>ParticleSystem</string>
        <string>ParticleSystemRenderer</string>
        <string>ReduceParticleEffects</string>
      </components>
    </SceneObject>
    <SceneObject path="Grey Prince Title">
      <components>
        <string>Transform</string>
        <string>PlayMakerFSM</string>
      </components>
    </SceneObject>
    <SceneObject path="Grey Prince Title/Title Main">
      <components>
        <string>Transform</string>
      </components>
    </SceneObject>
    <SceneObject path="Grey Prince Title/Title Main/Title Small Main">
      <components>
        <string>RectTransform</string>
        <string>MeshRenderer</string>
        <string>MeshFilter</string>
        <string>TextContainer</string>
        <string>TextMeshPro</string>
        <string>PlayMakerFSM</string>
        <string>CanvasRenderer</string>
        <string>SetTextMeshProGameText</string>
        <string>ChangeFontByLanguage</string>
      </components>
    </SceneObject>
    <SceneObject path="Grey Prince Title/Title Main/Title Small Super">
      <components>
        <string>RectTransform</string>
        <string>MeshRenderer</string>
        <string>MeshFilter</string>
        <string>TextContainer</string>
        <string>TextMeshPro</string>
        <string>PlayMakerFSM</string>
        <string>CanvasRenderer</string>
        <string>SetTextMeshProGameText</string>
        <string>ChangeFontByLanguage</string>
      </components>
    </SceneObject>
    <SceneObject path="Grey Prince Title/Extra Title 1">
      <components>
        <string>RectTransform</string>
        <string>MeshRenderer</string>
        <string>MeshFilter</string>
        <string>TextContainer</string>
        <string>TextMeshPro</string>
        <string>PlayMakerFSM</string>
        <string>CanvasRenderer</string>
        <string>SetTextMeshProGameText</string>
        <string>ChangeFontByLanguage</string>
      </components>
    </SceneObject>
    <SceneObject path="Grey Prince Title/Extra Title 2">
      <components>
        <string>RectTransform</string>
        <string>MeshRenderer</string>
        <string>MeshFilter</string>
        <string>TextContainer</string>
        <string>TextMeshPro</string>
        <string>PlayMakerFSM</string>
        <string>CanvasRenderer</string>
        <string>SetTextMeshProGameText</string>
        <string>ChangeFontByLanguage</string>
      </components>
    </SceneObject>
    <SceneObject path="Grey Prince Title/Extra Title 4">
      <components>
        <string>RectTransform</string>
        <string>MeshRenderer</string>
        <string>MeshFilter</string>
        <string>TextContainer</string>
        <string>TextMeshPro</string>
        <string>PlayMakerFSM</string>
        <string>CanvasRenderer</string>
        <string>SetTextMeshProGameText</string>
        <string>ChangeFontByLanguage</string>
      </components>
    </SceneObject>
    <SceneObject path="Grey Prince Title/Extra Title 3">
      <components>
        <string>RectTransform</string>
        <string>MeshRenderer</string>
        <string>MeshFilter</string>
        <string>TextContainer</string>
        <string>TextMeshPro</string>
        <string>PlayMakerFSM</string>
        <string>CanvasRenderer</string>
        <string>SetTextMeshProGameText</string>
        <string>ChangeFontByLanguage</string>
      </components>
    </SceneObject>
    <SceneObject path="Grey Prince Title/Extra Title 7">
      <components>
        <string>RectTransform</string>
        <string>MeshRenderer</string>
        <string>MeshFilter</string>
        <string>TextContainer</string>
        <string>TextMeshPro</string>
        <string>PlayMakerFSM</string>
        <string>CanvasRenderer</string>
        <string>SetTextMeshProGameText</string>
        <string>ChangeFontByLanguage</string>
      </components>
    </SceneObject>
    <SceneObject path="Grey Prince Title/Extra Title 8">
      <components>
        <string>RectTransform</string>
        <string>MeshRenderer</string>
        <string>MeshFilter</string>
        <string>TextContainer</string>
        <string>TextMeshPro</string>
        <string>PlayMakerFSM</string>
        <string>CanvasRenderer</string>
        <string>SetTextMeshProGameText</string>
        <string>ChangeFontByLanguage</string>
      </components>
    </SceneObject>
    <SceneObject path="Grey Prince Title/Extra Title 6">
      <components>
        <string>RectTransform</string>
        <string>MeshRenderer</string>
        <string>MeshFilter</string>
        <string>TextContainer</string>
        <string>TextMeshPro</string>
        <string>PlayMakerFSM</string>
        <string>CanvasRenderer</string>
        <string>SetTextMeshProGameText</string>
        <string>ChangeFontByLanguage</string>
      </components>
    </SceneObject>
    <SceneObject path="Grey Prince Title/Extra Title 5">
      <components>
        <string>RectTransform</string>
        <string>MeshRenderer</string>
        <string>MeshFilter</string>
        <string>TextContainer</string>
        <string>TextMeshPro</string>
        <string>PlayMakerFSM</string>
        <string>CanvasRenderer</string>
        <string>SetTextMeshProGameText</string>
        <string>ChangeFontByLanguage</string>
      </components>
    </SceneObject>
    <SceneObject path="Grey Prince Title/Extra Title 9">
      <components>
        <string>RectTransform</string>
        <string>MeshRenderer</string>
        <string>MeshFilter</string>
        <string>TextContainer</string>
        <string>TextMeshPro</string>
        <string>PlayMakerFSM</string>
        <string>CanvasRenderer</string>
        <string>SetTextMeshProGameText</string>
        <string>ChangeFontByLanguage</string>
      </components>
    </SceneObject>
    <SceneObject path="Grey Prince Title/Extra Title 10">
      <components>
        <string>RectTransform</string>
        <string>MeshRenderer</string>
        <string>MeshFilter</string>
        <string>TextContainer</string>
        <string>TextMeshPro</string>
        <string>PlayMakerFSM</string>
        <string>CanvasRenderer</string>
        <string>SetTextMeshProGameText</string>
        <string>ChangeFontByLanguage</string>
      </components>
    </SceneObject>
    <SceneObject path="Grey Prince Title/Extra Title 12">
      <components>
        <string>RectTransform</string>
        <string>MeshRenderer</string>
        <string>MeshFilter</string>
        <string>TextContainer</string>
        <string>TextMeshPro</string>
        <string>PlayMakerFSM</string>
        <string>CanvasRenderer</string>
        <string>SetTextMeshProGameText</string>
        <string>ChangeFontByLanguage</string>
      </components>
    </SceneObject>
    <SceneObject path="Grey Prince Title/Extra Title 11">
      <components>
        <string>RectTransform</string>
        <string>MeshRenderer</string>
        <string>MeshFilter</string>
        <string>TextContainer</string>
        <string>TextMeshPro</string>
        <string>PlayMakerFSM</string>
        <string>CanvasRenderer</string>
        <string>SetTextMeshProGameText</string>
        <string>ChangeFontByLanguage</string>
      </components>
    </SceneObject>
    <SceneObject path="Grey Prince Title/Extra Title 13">
      <components>
        <string>RectTransform</string>
        <string>MeshRenderer</string>
        <string>MeshFilter</string>
        <string>TextContainer</string>
        <string>TextMeshPro</string>
        <string>PlayMakerFSM</string>
        <string>CanvasRenderer</string>
        <string>SetTextMeshProGameText</string>
        <string>ChangeFontByLanguage</string>
      </components>
    </SceneObject>
    <SceneObject path="Mighty_Zote_0013_9 (5)">
      <components>
        <string>Transform</string>
        <string>SpriteRenderer</string>
      </components>
    </SceneObject>
    <SceneObject path="bretta fog (1)">
      <components>
        <string>Transform</string>
        <string>SpriteRenderer</string>
      </components>
    </SceneObject>
    <SceneObject path="bretta_zote_wall (1)">
      <components>
        <string>Transform</string>
        <string>SpriteRenderer</string>
      </components>
    </SceneObject>
    <SceneObject path="Mighty_Zote_0017_5 (3)">
      <components>
        <string>Transform</string>
        <string>SpriteRenderer</string>
      </components>
    </SceneObject>
    <SceneObject path="Mighty_Zote_0014_8 (9)">
      <components>
        <string>Transform</string>
        <string>SpriteRenderer</string>
      </components>
    </SceneObject>
    <SceneObject path="Mighty_Zote_0011_11 (6)">
      <components>
        <string>Transform</string>
        <string>SpriteRenderer</string>
      </components>
    </SceneObject>
    <SceneObject path="rg_lamp2 (7)">
      <components>
        <string>Transform</string>
        <string>SpriteRenderer</string>
      </components>
    </SceneObject>
    <SceneObject path="rg_lamp2 (7)/Flame">
      <components>
        <string>Transform</string>
        <string>SpriteRenderer</string>
        <string>Animator</string>
      </components>
    </SceneObject>
    <SceneObject path="rg_lamp2 (7)/torch_glow_02">
      <components>
        <string>Transform</string>
        <string>SpriteRenderer</string>
        <string>Animator</string>
      </components>
    </SceneObject>
    <SceneObject path="Mighty_Zote_0013_9 (12)">
      <components>
        <string>Transform</string>
        <string>SpriteRenderer</string>
      </components>
    </SceneObject>
    <SceneObject path="Mighty_Zote_0001_21 (2)">
      <components>
        <string>Transform</string>
        <string>SpriteRenderer</string>
      </components>
    </SceneObject>
    <SceneObject path="Mighty_Zote_0009_13 (9)">
      <components>
        <string>Transform</string>
        <string>SpriteRenderer</string>
      </components>
    </SceneObject>
    <SceneObject path="Mighty_Zote_0014_8 (10)">
      <components>
        <string>Transform</string>
        <string>SpriteRenderer</string>
      </components>
    </SceneObject>
    <SceneObject path="Mighty_Zote_0002_20 (3)">
      <components>
        <string>Transform</string>
      </components>
    </SceneObject>
    <SceneObject path="Mighty_Zote_0002_20 (3)/Mighty_Zote_0004_18">
      <components>
        <string>Transform</string>
        <string>SpriteRenderer</string>
      </components>
    </SceneObject>
    <SceneObject path="Mighty_Zote_0002_20 (3)/Mighty_Zote_0004_18 (1)">
      <components>
        <string>Transform</string>
        <string>SpriteRenderer</string>
      </components>
    </SceneObject>
    <SceneObject path="Mighty_Zote_0002_20 (3)/Mighty_Zote_0004_18 (2)">
      <components>
        <string>Transform</string>
        <string>SpriteRenderer</string>
      </components>
    </SceneObject>
    <SceneObject path="Mighty_Zote_0002_20 (3)/Mighty_Zote_0004_18 (3)">
      <components>
        <string>Transform</string>
        <string>SpriteRenderer</string>
      </components>
    </SceneObject>
    <SceneObject path="Mighty_Zote_0002_20 (3)/Mighty_Zote_0004_18 (4)">
      <components>
        <string>Transform</string>
        <string>SpriteRenderer</string>
      </components>
    </SceneObject>
    <SceneObject path="bretta_cloth_roof (1)">
      <components>
        <string>Transform</string>
        <string>SpriteRenderer</string>
      </components>
    </SceneObject>
    <SceneObject path="_Effects">
      <components>
        <string>Transform</string>
      </components>
    </SceneObject>
    <SceneObject path="Mighty_Zote_0015_7 (1)">
      <components>
        <string>Transform</string>
        <string>SpriteRenderer</string>
      </components>
    </SceneObject>
    <SceneObject path="Mighty_Zote_0013_9 (6)">
      <components>
        <string>Transform</string>
        <string>SpriteRenderer</string>
      </components>
    </SceneObject>
    <SceneObject path="bretta_curtain_01 (4)">
      <components>
        <string>Transform</string>
        <string>SpriteRenderer</string>
      </components>
    </SceneObject>
    <SceneObject path="Mighty_Zote_0013_9 (1)">
      <components>
        <string>Transform</string>
        <string>SpriteRenderer</string>
      </components>
    </SceneObject>
    <SceneObject path="bretta_curtain_01 (3)">
      <components>
        <string>Transform</string>
        <string>SpriteRenderer</string>
      </components>
    </SceneObject>
    <SceneObject path="bretta_cloth_roof">
      <components>
        <string>Transform</string>
        <string>SpriteRenderer</string>
      </components>
    </SceneObject>
    <SceneObject path="Mighty_Zote_0015_7 (6)">
      <components>
        <string>Transform</string>
        <string>SpriteRenderer</string>
      </components>
    </SceneObject>
    <SceneObject path="Mighty_Zote_0017_5">
      <components>
        <string>Transform</string>
        <string>SpriteRenderer</string>
      </components>
    </SceneObject>
    <SceneObject path="Mighty_Zote_0013_9 (3)">
      <components>
        <string>Transform</string>
        <string>SpriteRenderer</string>
      </components>
    </SceneObject>
    <SceneObject path="bretta_curtain_01 (2)">
      <components>
        <string>Transform</string>
        <string>SpriteRenderer</string>
      </components>
    </SceneObject>
    <SceneObject path="bretta_pillar (3)">
      <components>
        <string>Transform</string>
        <string>SpriteRenderer</string>
      </components>
    </SceneObject>
    <SceneObject path="bretta_curtain_03 (3)">
      <components>
        <string>Transform</string>
        <string>SpriteRenderer</string>
      </components>
    </SceneObject>
    <SceneObject path="Mighty_Zote_0009_13 (4)">
      <components>
        <string>Transform</string>
        <string>SpriteRenderer</string>
      </components>
    </SceneObject>
    <SceneObject path="Mighty_Zote_0013_9 (2)">
      <components>
        <string>Transform</string>
        <string>SpriteRenderer</string>
      </components>
    </SceneObject>
    <SceneObject path="bretta_cloth_roof (2)">
      <components>
        <string>Transform</string>
        <string>SpriteRenderer</string>
      </components>
    </SceneObject>
    <SceneObject path="bretta_cloth_roof (3)">
      <components>
        <string>Transform</string>
        <string>SpriteRenderer</string>
      </components>
    </SceneObject>
    <SceneObject path="bretta_curtain_01 (6)">
      <components>
        <string>Transform</string>
        <string>SpriteRenderer</string>
      </components>
    </SceneObject>
    <SceneObject path="_Props">
      <components>
        <string>Transform</string>
      </components>
    </SceneObject>
    <SceneObject path="Mighty_Zote_0014_8 (8)">
      <components>
        <string>Transform</string>
        <string>SpriteRenderer</string>
      </components>
    </SceneObject>
    <SceneObject path="Mighty_Zote_0002_20 (2)">
      <components>
        <string>Transform</string>
      </components>
    </SceneObject>
    <SceneObject path="Mighty_Zote_0002_20 (2)/Mighty_Zote_0004_18">
      <components>
        <string>Transform</string>
        <string>SpriteRenderer</string>
      </components>
    </SceneObject>
    <SceneObject path="Mighty_Zote_0002_20 (2)/Mighty_Zote_0004_18 (1)">
      <components>
        <string>Transform</string>
        <string>SpriteRenderer</string>
      </components>
    </SceneObject>
    <SceneObject path="Mighty_Zote_0002_20 (2)/Mighty_Zote_0004_18 (2)">
      <components>
        <string>Transform</string>
        <string>SpriteRenderer</string>
      </components>
    </SceneObject>
    <SceneObject path="Mighty_Zote_0002_20 (2)/Mighty_Zote_0004_18 (3)">
      <components>
        <string>Transform</string>
        <string>SpriteRenderer</string>
      </components>
    </SceneObject>
    <SceneObject path="Mighty_Zote_0002_20 (2)/Mighty_Zote_0004_18 (4)">
      <components>
        <string>Transform</string>
        <string>SpriteRenderer</string>
      </components>
    </SceneObject>
    <SceneObject path="Mighty_Zote_0002_20 (2)/Mighty_Zote_0004_18 (5)">
      <components>
        <string>Transform</string>
        <string>SpriteRenderer</string>
      </components>
    </SceneObject>
    <SceneObject path="Mighty_Zote_0002_20 (2)/Mighty_Zote_0004_18 (6)">
      <components>
        <string>Transform</string>
        <string>SpriteRenderer</string>
      </components>
    </SceneObject>
    <SceneObject path="Mighty_Zote_0002_20 (2)/Mighty_Zote_0004_18 (7)">
      <components>
        <string>Transform</string>
        <string>SpriteRenderer</string>
      </components>
    </SceneObject>
    <SceneObject path="Mighty_Zote_0002_20 (2)/Mighty_Zote_0004_18 (8)">
      <components>
        <string>Transform</string>
        <string>SpriteRenderer</string>
      </components>
    </SceneObject>
    <SceneObject path="Mighty_Zote_0000_22">
      <components>
        <string>Transform</string>
        <string>SpriteRenderer</string>
      </components>
    </SceneObject>
    <SceneObject path="_Markers">
      <components>
        <string>Transform</string>
      </components>
    </SceneObject>
    <SceneObject path="BlurPlane">
      <components>
        <string>Transform</string>
        <string>MeshFilter</string>
        <string>MeshRenderer</string>
        <string>BlurPlane</string>
      </components>
    </SceneObject>
    <SceneObject path="bretta_fader (7)">
      <components>
        <string>Transform</string>
        <string>SpriteRenderer</string>
      </components>
    </SceneObject>
    <SceneObject path="bretta_fader">
      <components>
        <string>Transform</string>
        <string>SpriteRenderer</string>
      </components>
    </SceneObject>
    <SceneObject path="Mighty_Zote_0002_20">
      <components>
        <string>Transform</string>
        <string>SpriteRenderer</string>
      </components>
    </SceneObject>
    <SceneObject path="Mighty_Zote_0002_20/Mighty_Zote_0004_18">
      <components>
        <string>Transform</string>
        <string>SpriteRenderer</string>
      </components>
    </SceneObject>
    <SceneObject path="Mighty_Zote_0002_20/Mighty_Zote_0004_18 (1)">
      <components>
        <string>Transform</string>
        <string>SpriteRenderer</string>
      </components>
    </SceneObject>
    <SceneObject path="Mighty_Zote_0002_20/Mighty_Zote_0004_18 (2)">
      <components>
        <string>Transform</string>
        <string>SpriteRenderer</string>
      </components>
    </SceneObject>
    <SceneObject path="Mighty_Zote_0002_20/Mighty_Zote_0004_18 (3)">
      <components>
        <string>Transform</string>
        <string>SpriteRenderer</string>
      </components>
    </SceneObject>
    <SceneObject path="Roof Collider">
      <components>
        <string>Transform</string>
        <string>PolygonCollider2D</string>
        <string>NonSlider</string>
        <string>PlayMakerCollisionEnter2D</string>
        <string>Roof</string>
      </components>
    </SceneObject>
    <SceneObject path="Mighty_Zote_0001_21 (3)">
      <components>
        <string>Transform</string>
        <string>SpriteRenderer</string>
      </components>
    </SceneObject>
    <SceneObject path="Mighty_Zote_0001_21 (7)">
      <components>
        <string>Transform</string>
        <string>SpriteRenderer</string>
      </components>
    </SceneObject>
    <SceneObject path="Mighty_Zote_0011_11 (5)">
      <components>
        <string>Transform</string>
        <string>SpriteRenderer</string>
      </components>
    </SceneObject>
    <SceneObject path="Mighty_Zote_0009_13 (7)">
      <components>
        <string>Transform</string>
        <string>SpriteRenderer</string>
      </components>
    </SceneObject>
    <SceneObject path="Grey Prince">
      <components>
        <string>Transform</string>
        <string>MeshRenderer</string>
        <string>MeshFilter</string>
        <string>tk2dSprite</string>
        <string>Rigidbody2D</string>
        <string>tk2dSpriteAnimator</string>
        <string>PlayMakerFixedUpdate</string>
        <string>AudioSource</string>
        <string>SpriteFlash</string>
        <string>NonBouncer</string>
        <string>PlayMakerFSM</string>
        <string>PlayMakerFSM</string>
        <string>PersonalObjectPool</string>
        <string>PlayMakerFSM</string>
        <string>BoxCollider2D</string>
        <string>EnemyDreamnailReaction</string>
        <string>EnemyHitEffectsUninfected</string>
        <string>EnemyDeathEffectsUninfected</string>
        <string>HealthManager</string>
        <string>ExtraDamageable</string>
        <string>DamageHero</string>
      </components>
    </SceneObject>
    <SceneObject path="Grey Prince/Entry Effects">
      <components>
        <string>Transform</string>
      </components>
    </SceneObject>
    <SceneObject path="Grey Prince/Entry Effects/Pillar">
      <components>
        <string>Transform</string>
        <string>MeshRenderer</string>
        <string>MeshFilter</string>
        <string>tk2dSprite</string>
        <string>tk2dSpriteAnimator</string>
        <string>PlayMakerFSM</string>
      </components>
    </SceneObject>
    <SceneObject path="Grey Prince/Entry Effects/Blast">
      <components>
        <string>Transform</string>
        <string>MeshRenderer</string>
        <string>MeshFilter</string>
        <string>tk2dSprite</string>
        <string>tk2dSpriteAnimator</string>
        <string>PlayMakerFSM</string>
      </components>
    </SceneObject>
    <SceneObject path="Grey Prince/Entry Effects/Pt Land Dust">
      <components>
        <string>Transform</string>
        <string>ParticleSystem</string>
        <string>ParticleSystemRenderer</string>
      </components>
    </SceneObject>
    <SceneObject path="Grey Prince/FT Pillar">
      <components>
        <string>Transform</string>
        <string>MeshRenderer</string>
        <string>MeshFilter</string>
        <string>tk2dSprite</string>
        <string>tk2dSpriteAnimator</string>
        <string>PlayMakerFSM</string>
      </components>
    </SceneObject>
    <SceneObject path="Grey Prince/Charge Hit">
      <components>
        <string>Transform</string>
        <string>PolygonCollider2D</string>
        <string>DamageHero</string>
      </components>
    </SceneObject>
    <SceneObject path="Grey Prince/Charge Tink">
      <components>
        <string>Transform</string>
        <string>PolygonCollider2D</string>
        <string>PlayMakerFSM</string>
        <string>TinkEffect</string>
      </components>
    </SceneObject>
    <SceneObject path="Grey Prince/Loop Charge">
      <components>
        <string>Transform</string>
        <string>AudioSource</string>
        <string>PlayMakerFSM</string>
      </components>
    </SceneObject>
    <SceneObject path="Grey Prince/Loop Steps">
      <components>
        <string>Transform</string>
        <string>AudioSource</string>
        <string>PlayMakerFSM</string>
      </components>
    </SceneObject>
    <SceneObject path="Grey Prince/Pt Run">
      <components>
        <string>Transform</string>
        <string>ParticleSystem</string>
        <string>ParticleSystemRenderer</string>
        <string>KeepWorldScalePositive</string>
      </components>
    </SceneObject>
    <SceneObject path="Grey Prince/Slam Effect">
      <components>
        <string>Transform</string>
        <string>MeshFilter</string>
        <string>MeshRenderer</string>
        <string>tk2dSprite</string>
        <string>tk2dSpriteAnimator</string>
        <string>DeactivateAfter2dtkAnimation</string>
      </components>
    </SceneObject>
    <SceneObject path="Grey Prince/CT Pillar">
      <components>
        <string>Transform</string>
        <string>MeshRenderer</string>
        <string>MeshFilter</string>
        <string>tk2dSprite</string>
        <string>tk2dSpriteAnimator</string>
        <string>PlayMakerFSM</string>
      </components>
    </SceneObject>
    <SceneObject path="Grey Prince/Stomp Hit">
      <components>
        <string>Transform</string>
        <string>PolygonCollider2D</string>
        <string>DamageHero</string>
      </components>
    </SceneObject>
    <SceneObject path="Grey Prince/Spit Point">
      <components>
        <string>Transform</string>
      </components>
    </SceneObject>
    <SceneObject path="Grey Prince/Spit Effect">
      <components>
        <string>Transform</string>
        <string>MeshFilter</string>
        <string>MeshRenderer</string>
        <string>tk2dSprite</string>
        <string>tk2dSpriteAnimator</string>
        <string>PlayMakerFSM</string>
      </components>
    </SceneObject>
    <SceneObject path="Grey Prince/Voice Charge">
      <components>
        <string>Transform</string>
        <string>AudioSource</string>
      </components>
    </SceneObject>
    <SceneObject path="Grey Prince/Voice Run">
      <components>
        <string>Transform</string>
        <string>AudioSource</string>
      </components>
    </SceneObject>
    <SceneObject path="Grey Prince/Loop Roar Rumble">
      <components>
        <string>Transform</string>
        <string>AudioSource</string>
      </components>
    </SceneObject>
    <SceneObject path="Grey Prince/Mighty_Zote_energy">
      <components>
        <string>Transform</string>
      </components>
    </SceneObject>
    <SceneObject path="Grey Prince/Mighty_Zote_energy/FG">
      <components>
        <string>Transform</string>
        <string>ParticleSystem</string>
        <string>ParticleSystemRenderer</string>
        <string>ReduceParticleEffects</string>
      </components>
    </SceneObject>
    <SceneObject path="Grey Prince/Mighty_Zote_energy/Mighty_Zote_entrance_energy0002">
      <components>
        <string>Transform</string>
        <string>SpriteRenderer</string>
        <string>Animator</string>
      </components>
    </SceneObject>
    <SceneObject path="Zoteling (1)">
      <components>
        <string>Transform</string>
        <string>MeshRenderer</string>
        <string>MeshFilter</string>
        <string>tk2dSprite</string>
        <string>Rigidbody2D</string>
        <string>tk2dSpriteAnimator</string>
        <string>PlayMakerFixedUpdate</string>
        <string>AudioSource</string>
        <string>SpriteFlash</string>
        <string>PlayMakerFSM</string>
        <string>BoxCollider2D</string>
        <string>PersonalObjectPool</string>
        <string>PlayMakerFSM</string>
        <string>Recoil</string>
        <string>EnemyDreamnailReaction</string>
        <string>EnemyHitEffectsUninfected</string>
        <string>EnemyDeathEffectsUninfected</string>
        <string>HealthManager</string>
        <string>ExtraDamageable</string>
        <string>DamageHero</string>
      </components>
    </SceneObject>
    <SceneObject path="Zoteling (1)/Terrain Detector">
      <components>
        <string>Transform</string>
        <string>BoxCollider2D</string>
      </components>
    </SceneObject>
    <SceneObject path="Zoteling (1)/Hitbox Buzzer">
      <components>
        <string>Transform</string>
        <string>BoxCollider2D</string>
      </components>
    </SceneObject>
    <SceneObject path="Zoteling (1)/Burst">
      <components>
        <string>Transform</string>
        <string>MeshRenderer</string>
        <string>MeshFilter</string>
        <string>tk2dSprite</string>
        <string>tk2dSpriteAnimator</string>
        <string>PlayMakerFSM</string>
      </components>
    </SceneObject>
    <SceneObject path="Zoteling (1)/Hitbox Hopper">
      <components>
        <string>Transform</string>
        <string>BoxCollider2D</string>
      </components>
    </SceneObject>
    <SceneObject path="Zote Balloon (1)">
      <components>
        <string>Transform</string>
        <string>MeshRenderer</string>
        <string>MeshFilter</string>
        <string>tk2dSprite</string>
        <string>Rigidbody2D</string>
        <string>tk2dSpriteAnimator</string>
        <string>PlayMakerFixedUpdate</string>
        <string>AudioSource</string>
        <string>SpriteFlash</string>
        <string>PlayMakerFSM</string>
        <string>BoxCollider2D</string>
        <string>PersonalObjectPool</string>
        <string>CircleCollider2D</string>
        <string>Recoil</string>
        <string>EnemyDreamnailReaction</string>
        <string>EnemyHitEffectsUninfected</string>
        <string>EnemyDeathEffectsUninfected</string>
        <string>HealthManager</string>
        <string>ExtraDamageable</string>
        <string>DamageHero</string>
      </components>
    </SceneObject>
    <SceneObject path="Zote Balloon (1)/Burst">
      <components>
        <string>Transform</string>
        <string>MeshRenderer</string>
        <string>MeshFilter</string>
        <string>tk2dSprite</string>
        <string>tk2dSpriteAnimator</string>
        <string>PlayMakerFSM</string>
      </components>
    </SceneObject>
    <SceneObject path="Zote Balloon">
      <components>
        <string>Transform</string>
        <string>MeshRenderer</string>
        <string>MeshFilter</string>
        <string>tk2dSprite</string>
        <string>Rigidbody2D</string>
        <string>tk2dSpriteAnimator</string>
        <string>PlayMakerFixedUpdate</string>
        <string>AudioSource</string>
        <string>SpriteFlash</string>
        <string>PlayMakerFSM</string>
        <string>BoxCollider2D</string>
        <string>PersonalObjectPool</string>
        <string>CircleCollider2D</string>
        <string>Recoil</string>
        <string>EnemyDreamnailReaction</string>
        <string>EnemyHitEffectsUninfected</string>
        <string>EnemyDeathEffectsUninfected</string>
        <string>HealthManager</string>
        <string>ExtraDamageable</string>
        <string>DamageHero</string>
      </components>
    </SceneObject>
    <SceneObject path="Zote Balloon/Burst">
      <components>
        <string>Transform</string>
        <string>MeshRenderer</string>
        <string>MeshFilter</string>
        <string>tk2dSprite</string>
        <string>tk2dSpriteAnimator</string>
        <string>PlayMakerFSM</string>
      </components>
    </SceneObject>
    <SceneObject path="Zoteling (3)">
      <components>
        <string>Transform</string>
        <string>MeshRenderer</string>
        <string>MeshFilter</string>
        <string>tk2dSprite</string>
        <string>Rigidbody2D</string>
        <string>tk2dSpriteAnimator</string>
        <string>PlayMakerFixedUpdate</string>
        <string>AudioSource</string>
        <string>SpriteFlash</string>
        <string>PlayMakerFSM</string>
        <string>BoxCollider2D</string>
        <string>PersonalObjectPool</string>
        <string>PlayMakerFSM</string>
        <string>Recoil</string>
        <string>EnemyDreamnailReaction</string>
        <string>EnemyHitEffectsUninfected</string>
        <string>EnemyDeathEffectsUninfected</string>
        <string>HealthManager</string>
        <string>ExtraDamageable</string>
        <string>DamageHero</string>
      </components>
    </SceneObject>
    <SceneObject path="Zoteling (3)/Terrain Detector">
      <components>
        <string>Transform</string>
        <string>BoxCollider2D</string>
      </components>
    </SceneObject>
    <SceneObject path="Zoteling (3)/Hitbox Buzzer">
      <components>
        <string>Transform</string>
        <string>BoxCollider2D</string>
      </components>
    </SceneObject>
    <SceneObject path="Zoteling (3)/Burst">
      <components>
        <string>Transform</string>
        <string>MeshRenderer</string>
        <string>MeshFilter</string>
        <string>tk2dSprite</string>
        <string>tk2dSpriteAnimator</string>
        <string>PlayMakerFSM</string>
      </components>
    </SceneObject>
    <SceneObject path="Zoteling (3)/Hitbox Hopper">
      <components>
        <string>Transform</string>
        <string>BoxCollider2D</string>
      </components>
    </SceneObject>
    <SceneObject path="Zote Balloon (2)">
      <components>
        <string>Transform</string>
        <string>MeshRenderer</string>
        <string>MeshFilter</string>
        <string>tk2dSprite</string>
        <string>Rigidbody2D</string>
        <string>tk2dSpriteAnimator</string>
        <string>PlayMakerFixedUpdate</string>
        <string>AudioSource</string>
        <string>SpriteFlash</string>
        <string>PlayMakerFSM</string>
        <string>BoxCollider2D</string>
        <string>PersonalObjectPool</string>
        <string>CircleCollider2D</string>
        <string>Recoil</string>
        <string>EnemyDreamnailReaction</string>
        <string>EnemyHitEffectsUninfected</string>
        <string>EnemyDeathEffectsUninfected</string>
        <string>HealthManager</string>
        <string>ExtraDamageable</string>
        <string>DamageHero</string>
      </components>
    </SceneObject>
    <SceneObject path="Zote Balloon (2)/Burst">
      <components>
        <string>Transform</string>
        <string>MeshRenderer</string>
        <string>MeshFilter</string>
        <string>tk2dSprite</string>
        <string>tk2dSpriteAnimator</string>
        <string>PlayMakerFSM</string>
      </components>
    </SceneObject>
    <SceneObject path="Zote Balloon (3)">
      <components>
        <string>Transform</string>
        <string>MeshRenderer</string>
        <string>MeshFilter</string>
        <string>tk2dSprite</string>
        <string>Rigidbody2D</string>
        <string>tk2dSpriteAnimator</string>
        <string>PlayMakerFixedUpdate</string>
        <string>AudioSource</string>
        <string>SpriteFlash</string>
        <string>PlayMakerFSM</string>
        <string>BoxCollider2D</string>
        <string>PersonalObjectPool</string>
        <string>CircleCollider2D</string>
        <string>Recoil</string>
        <string>EnemyDreamnailReaction</string>
        <string>EnemyHitEffectsUninfected</string>
        <string>EnemyDeathEffectsUninfected</string>
        <string>HealthManager</string>
        <string>ExtraDamageable</string>
        <string>DamageHero</string>
      </components>
    </SceneObject>
    <SceneObject path="Zote Balloon (3)/Burst">
      <components>
        <string>Transform</string>
        <string>MeshRenderer</string>
        <string>MeshFilter</string>
        <string>tk2dSprite</string>
        <string>tk2dSpriteAnimator</string>
        <string>PlayMakerFSM</string>
      </components>
    </SceneObject>
    <SceneObject path="Zoteling (2)">
      <components>
        <string>Transform</string>
        <string>MeshRenderer</string>
        <string>MeshFilter</string>
        <string>tk2dSprite</string>
        <string>Rigidbody2D</string>
        <string>tk2dSpriteAnimator</string>
        <string>PlayMakerFixedUpdate</string>
        <string>AudioSource</string>
        <string>SpriteFlash</string>
        <string>PlayMakerFSM</string>
        <string>BoxCollider2D</string>
        <string>PersonalObjectPool</string>
        <string>PlayMakerFSM</string>
        <string>Recoil</string>
        <string>EnemyDreamnailReaction</string>
        <string>EnemyHitEffectsUninfected</string>
        <string>EnemyDeathEffectsUninfected</string>
        <string>HealthManager</string>
        <string>ExtraDamageable</string>
        <string>DamageHero</string>
      </components>
    </SceneObject>
    <SceneObject path="Zoteling (2)/Terrain Detector">
      <components>
        <string>Transform</string>
        <string>BoxCollider2D</string>
      </components>
    </SceneObject>
    <SceneObject path="Zoteling (2)/Hitbox Buzzer">
      <components>
        <string>Transform</string>
        <string>BoxCollider2D</string>
      </components>
    </SceneObject>
    <SceneObject path="Zoteling (2)/Burst">
      <components>
        <string>Transform</string>
        <string>MeshRenderer</string>
        <string>MeshFilter</string>
        <string>tk2dSprite</string>
        <string>tk2dSpriteAnimator</string>
        <string>PlayMakerFSM</string>
      </components>
    </SceneObject>
    <SceneObject path="Zoteling (2)/Hitbox Hopper">
      <components>
        <string>Transform</string>
        <string>BoxCollider2D</string>
      </components>
    </SceneObject>
    <SceneObject path="Zoteling">
      <components>
        <string>Transform</string>
        <string>MeshRenderer</string>
        <string>MeshFilter</string>
        <string>tk2dSprite</string>
        <string>Rigidbody2D</string>
        <string>tk2dSpriteAnimator</string>
        <string>PlayMakerFixedUpdate</string>
        <string>AudioSource</string>
        <string>SpriteFlash</string>
        <string>PlayMakerFSM</string>
        <string>BoxCollider2D</string>
        <string>PersonalObjectPool</string>
        <string>PlayMakerFSM</string>
        <string>Recoil</string>
        <string>EnemyDreamnailReaction</string>
        <string>EnemyHitEffectsUninfected</string>
        <string>EnemyDeathEffectsUninfected</string>
        <string>HealthManager</string>
        <string>ExtraDamageable</string>
        <string>DamageHero</string>
      </components>
    </SceneObject>
    <SceneObject path="Zoteling/Terrain Detector">
      <components>
        <string>Transform</string>
        <string>BoxCollider2D</string>
      </components>
    </SceneObject>
    <SceneObject path="Zoteling/Hitbox Buzzer">
      <components>
        <string>Transform</string>
        <string>BoxCollider2D</string>
      </components>
    </SceneObject>
    <SceneObject path="Zoteling/Burst">
      <components>
        <string>Transform</string>
        <string>MeshRenderer</string>
        <string>MeshFilter</string>
        <string>tk2dSprite</string>
        <string>tk2dSpriteAnimator</string>
        <string>PlayMakerFSM</string>
      </components>
    </SceneObject>
    <SceneObject path="Zoteling/Hitbox Hopper">
      <components>
        <string>Transform</string>
        <string>BoxCollider2D</string>
      </components>
    </SceneObject>
  </sceneObjects>
</SceneData>