<?xml version="1.0" encoding="utf-8"?>
<SceneData xmlns:xsd="http://www.w3.org/2001/XMLSchema" xmlns:xsi="http://www.w3.org/2001/XMLSchema-instance" name="End_Game_Completion">
  <sceneObjects>
    <SceneObject path="credits object">
      <components>
        <string>Transform</string>
      </components>
    </SceneObject>
    <SceneObject path="credits object/vignette_smaller_v01">
      <components>
        <string>Transform</string>
        <string>SpriteRenderer</string>
      </components>
    </SceneObject>
    <SceneObject path="credits object/game completion">
      <components>
        <string>Transform</string>
        <string>Animator</string>
        <string>GameCompletionScreen</string>
        <string>CutsceneHelper</string>
      </components>
    </SceneObject>
    <SceneObject path="credits object/game completion/blanker">
      <components>
        <string>Transform</string>
        <string>SpriteRenderer</string>
      </components>
    </SceneObject>
    <SceneObject path="credits object/game completion/credits fleur (1)">
      <components>
        <string>Transform</string>
        <string>SpriteRenderer</string>
      </components>
    </SceneObject>
    <SceneObject path="credits object/game completion/game completion title">
      <components>
        <string>RectTransform</string>
        <string>TextContainer</string>
        <string>MeshRenderer</string>
        <string>MeshFilter</string>
        <string>CanvasRenderer</string>
        <string>TextMeshPro</string>
        <string>SetTextMeshProGameText</string>
        <string>ChangeFontByLanguage</string>
      </components>
    </SceneObject>
    <SceneObject path="credits object/game completion/Percent_title">
      <components>
        <string>RectTransform</string>
        <string>TextContainer</string>
        <string>MeshRenderer</string>
        <string>MeshFilter</string>
        <string>CanvasRenderer</string>
        <string>TextMeshPro</string>
        <string>SetTextMeshProGameText</string>
        <string>ChangeFontByLanguage</string>
      </components>
    </SceneObject>
    <SceneObject path="credits object/game completion/percentage_num">
      <components>
        <string>RectTransform</string>
        <string>TextContainer</string>
        <string>MeshRenderer</string>
        <string>MeshFilter</string>
        <string>CanvasRenderer</string>
        <string>TextMeshPro</string>
        <string>ChangeFontByLanguage</string>
      </components>
    </SceneObject>
    <SceneObject path="credits object/game completion/Time_title">
      <components>
        <string>RectTransform</string>
        <string>TextContainer</string>
        <string>MeshRenderer</string>
        <string>MeshFilter</string>
        <string>CanvasRenderer</string>
        <string>TextMeshPro</string>
        <string>SetTextMeshProGameText</string>
        <string>ChangeFontByLanguage</string>
      </components>
    </SceneObject>
    <SceneObject path="credits object/game completion/time_num">
      <components>
        <string>RectTransform</string>
        <string>TextContainer</string>
        <string>MeshRenderer</string>
        <string>MeshFilter</string>
        <string>CanvasRenderer</string>
        <string>TextMeshPro</string>
        <string>ChangeFontByLanguage</string>
      </components>
    </SceneObject>
    <SceneObject path="credits object/game completion/any button to continue">
      <components>
        <string>RectTransform</string>
        <string>TextContainer</string>
        <string>MeshRenderer</string>
        <string>MeshFilter</string>
        <string>CanvasRenderer</string>
        <string>TextMeshPro</string>
        <string>SetTextMeshProGameText</string>
        <string>ChangeFontByLanguage</string>
      </components>
    </SceneObject>
    <SceneObject path="credits object/far_bg">
      <components>
        <string>Transform</string>
        <string>SpriteRenderer</string>
      </components>
    </SceneObject>
    <SceneObject path="Award Achievements">
      <components>
        <string>Transform</string>
        <string>PlayMakerFSM</string>
      </components>
    </SceneObject>
    <SceneObject path="_Managers">
      <components>
        <string>Transform</string>
      </components>
    </SceneObject>
    <SceneObject path="_Managers/PlayMaker Unity 2D">
      <components>
        <string>Transform</string>
        <string>PlayMakerFSM</string>
        <string>PlayMakerUnity2d</string>
        <string>PlayMakerCollisionEnter2D</string>
        <string>PlayMakerCollisionExit2D</string>
        <string>PlayMakerCollisionStay2D</string>
        <string>PlayMakerTriggerEnter2D</string>
        <string>PlayMakerTriggerExit2D</string>
        <string>PlayMakerTriggerStay2D</string>
      </components>
    </SceneObject>
    <SceneObject path="light_beam_particles 3">
      <components>
        <string>Transform</string>
        <string>ParticleSystem</string>
        <string>ParticleSystemRenderer</string>
      </components>
    </SceneObject>
    <SceneObject path="Ending Sting">
      <components>
        <string>Transform</string>
        <string>AudioSource</string>
        <string>PlayMakerFSM</string>
      </components>
    </SceneObject>
    <SceneObject path="_SceneManager">
      <components>
        <string>Transform</string>
        <string>SceneManager</string>
        <string>PlayMakerFSM</string>
      </components>
    </SceneObject>
    <SceneObject path="Cutscene Blanker">
      <components>
        <string>Transform</string>
        <string>SpriteRenderer</string>
        <string>PlayMakerFSM</string>
      </components>
    </SceneObject>
  </sceneObjects>
</SceneData>