<?xml version="1.0" encoding="utf-8"?>
<SceneData xmlns:xsd="http://www.w3.org/2001/XMLSchema" xmlns:xsi="http://www.w3.org/2001/XMLSchema-instance" name="Crossroads_30">
  <sceneObjects>
    <SceneObject path="TileMap Render Data">
      <components>
        <string>Transform</string>
      </components>
    </SceneObject>
    <SceneObject path="TileMap Render Data/Scenemap">
      <components>
        <string>Transform</string>
      </components>
    </SceneObject>
    <SceneObject path="TileMap Render Data/Scenemap/Chunk 0 0">
      <components>
        <string>Transform</string>
        <string>MeshFilter</string>
        <string>MeshRenderer</string>
        <string>EdgeCollider2D</string>
        <string>EdgeCollider2D</string>
      </components>
    </SceneObject>
    <SceneObject path="TileMap Render Data/Scenemap/Chunk 0 1">
      <components>
        <string>Transform</string>
        <string>MeshFilter</string>
        <string>MeshRenderer</string>
        <string>EdgeCollider2D</string>
      </components>
    </SceneObject>
    <SceneObject path="_Scenery">
      <components>
        <string>Transform</string>
      </components>
    </SceneObject>
    <SceneObject path="_Scenery/cd_big_roof">
      <components>
        <string>Transform</string>
      </components>
    </SceneObject>
    <SceneObject path="_Scenery/cd_big_roof/cd_big_roof_0006_01">
      <components>
        <string>Transform</string>
        <string>SpriteRenderer</string>
      </components>
    </SceneObject>
    <SceneObject path="_Scenery/cd_big_roof/cd_big_roof_0005_02">
      <components>
        <string>Transform</string>
        <string>SpriteRenderer</string>
      </components>
    </SceneObject>
    <SceneObject path="_Scenery/cd_big_roof/cd_big_roof_0004_03">
      <components>
        <string>Transform</string>
        <string>SpriteRenderer</string>
      </components>
    </SceneObject>
    <SceneObject path="_Scenery/cd_big_roof/cd_big_roof_0003_04">
      <components>
        <string>Transform</string>
        <string>SpriteRenderer</string>
      </components>
    </SceneObject>
    <SceneObject path="_Scenery/cd_big_roof/cd_big_roof_0002_05">
      <components>
        <string>Transform</string>
        <string>SpriteRenderer</string>
      </components>
    </SceneObject>
    <SceneObject path="_Scenery/cd_big_roof/cd_big_roof_0001_06">
      <components>
        <string>Transform</string>
        <string>SpriteRenderer</string>
      </components>
    </SceneObject>
    <SceneObject path="_Scenery/cd_big_roof/cd_big_roof_0001_06 (1)">
      <components>
        <string>Transform</string>
        <string>SpriteRenderer</string>
      </components>
    </SceneObject>
    <SceneObject path="_Scenery/cd_big_roof 1">
      <components>
        <string>Transform</string>
      </components>
    </SceneObject>
    <SceneObject path="_Scenery/cd_big_roof 1/cd_big_roof_0006_01">
      <components>
        <string>Transform</string>
        <string>SpriteRenderer</string>
      </components>
    </SceneObject>
    <SceneObject path="_Scenery/cd_big_roof 1/cd_big_roof_0005_02">
      <components>
        <string>Transform</string>
        <string>SpriteRenderer</string>
      </components>
    </SceneObject>
    <SceneObject path="_Scenery/cd_big_roof 1/cd_big_roof_0004_03">
      <components>
        <string>Transform</string>
        <string>SpriteRenderer</string>
      </components>
    </SceneObject>
    <SceneObject path="_Scenery/cd_big_roof 1/cd_big_roof_0003_04">
      <components>
        <string>Transform</string>
        <string>SpriteRenderer</string>
      </components>
    </SceneObject>
    <SceneObject path="_Scenery/cd_big_roof 1/cd_big_roof_0002_05">
      <components>
        <string>Transform</string>
        <string>SpriteRenderer</string>
      </components>
    </SceneObject>
    <SceneObject path="_Scenery/cd_big_roof 1/cd_big_roof_0001_06">
      <components>
        <string>Transform</string>
        <string>SpriteRenderer</string>
      </components>
    </SceneObject>
    <SceneObject path="_Scenery/cd_big_roof 1/cd_big_roof_0001_06 (1)">
      <components>
        <string>Transform</string>
        <string>SpriteRenderer</string>
      </components>
    </SceneObject>
    <SceneObject path="_Scenery/cd_big_roof 2">
      <components>
        <string>Transform</string>
      </components>
    </SceneObject>
    <SceneObject path="_Scenery/cd_big_roof 2/cd_big_roof_0003_04">
      <components>
        <string>Transform</string>
        <string>SpriteRenderer</string>
      </components>
    </SceneObject>
    <SceneObject path="_Scenery/cd_big_roof 2/cd_big_roof_0002_05">
      <components>
        <string>Transform</string>
        <string>SpriteRenderer</string>
      </components>
    </SceneObject>
    <SceneObject path="_Scenery/cd_big_roof 3">
      <components>
        <string>Transform</string>
      </components>
    </SceneObject>
    <SceneObject path="_Scenery/cd_big_roof 3/cd_big_roof_0006_01">
      <components>
        <string>Transform</string>
        <string>SpriteRenderer</string>
      </components>
    </SceneObject>
    <SceneObject path="_Scenery/cd_big_roof 3/cd_big_roof_0005_02">
      <components>
        <string>Transform</string>
        <string>SpriteRenderer</string>
      </components>
    </SceneObject>
    <SceneObject path="_Scenery/cd_big_roof 3/cd_big_roof_0004_03">
      <components>
        <string>Transform</string>
        <string>SpriteRenderer</string>
      </components>
    </SceneObject>
    <SceneObject path="_Scenery/cd_big_roof 3/cd_big_roof_0003_04">
      <components>
        <string>Transform</string>
        <string>SpriteRenderer</string>
      </components>
    </SceneObject>
    <SceneObject path="_Scenery/cd_big_roof 3/cd_big_roof_0002_05">
      <components>
        <string>Transform</string>
        <string>SpriteRenderer</string>
      </components>
    </SceneObject>
    <SceneObject path="_Scenery/hot_spring_layers_0032_Color-Balance-1-copy-4">
      <components>
        <string>Transform</string>
        <string>SpriteRenderer</string>
      </components>
    </SceneObject>
    <SceneObject path="_Scenery/cd_FG_rock_18">
      <components>
        <string>Transform</string>
      </components>
    </SceneObject>
    <SceneObject path="_Scenery/cd_FG_rock_18/roof_FG_rock_07_0005_01">
      <components>
        <string>Transform</string>
        <string>SpriteRenderer</string>
      </components>
    </SceneObject>
    <SceneObject path="_Scenery/cd_FG_rock_18/roof_FG_rock_07_0004_02">
      <components>
        <string>Transform</string>
        <string>SpriteRenderer</string>
      </components>
    </SceneObject>
    <SceneObject path="_Scenery/cd_FG_rock_18/roof_FG_rock_07_0003_03">
      <components>
        <string>Transform</string>
        <string>SpriteRenderer</string>
      </components>
    </SceneObject>
    <SceneObject path="_Scenery/cd_FG_rock_18/roof_FG_rock_07_0002_04">
      <components>
        <string>Transform</string>
        <string>SpriteRenderer</string>
      </components>
    </SceneObject>
    <SceneObject path="_Scenery/cd_FG_rock_18/roof_FG_rock_07_0001_05">
      <components>
        <string>Transform</string>
        <string>SpriteRenderer</string>
      </components>
    </SceneObject>
    <SceneObject path="_Scenery/cd_FG_rock_18/roof_FG_rock_07_0000_06">
      <components>
        <string>Transform</string>
        <string>SpriteRenderer</string>
      </components>
    </SceneObject>
    <SceneObject path="_Scenery/cd_FG_rock_19">
      <components>
        <string>Transform</string>
      </components>
    </SceneObject>
    <SceneObject path="_Scenery/cd_FG_rock_19/roof_FG_rock_07_0005_01">
      <components>
        <string>Transform</string>
        <string>SpriteRenderer</string>
      </components>
    </SceneObject>
    <SceneObject path="_Scenery/cd_FG_rock_19/roof_FG_rock_07_0004_02">
      <components>
        <string>Transform</string>
        <string>SpriteRenderer</string>
      </components>
    </SceneObject>
    <SceneObject path="_Scenery/cd_FG_rock_19/roof_FG_rock_07_0003_03">
      <components>
        <string>Transform</string>
        <string>SpriteRenderer</string>
      </components>
    </SceneObject>
    <SceneObject path="_Scenery/cd_FG_rock_19/roof_FG_rock_07_0002_04">
      <components>
        <string>Transform</string>
        <string>SpriteRenderer</string>
      </components>
    </SceneObject>
    <SceneObject path="_Scenery/cd_FG_rock_19/roof_FG_rock_07_0001_05">
      <components>
        <string>Transform</string>
        <string>SpriteRenderer</string>
      </components>
    </SceneObject>
    <SceneObject path="_Scenery/cd_FG_rock_19/roof_FG_rock_07_0000_06">
      <components>
        <string>Transform</string>
        <string>SpriteRenderer</string>
      </components>
    </SceneObject>
    <SceneObject path="_Scenery/cd_FG_rock_20">
      <components>
        <string>Transform</string>
      </components>
    </SceneObject>
    <SceneObject path="_Scenery/cd_FG_rock_20/roof_FG_rock_08_0005_01">
      <components>
        <string>Transform</string>
        <string>SpriteRenderer</string>
      </components>
    </SceneObject>
    <SceneObject path="_Scenery/cd_FG_rock_20/roof_FG_rock_08_0004_02">
      <components>
        <string>Transform</string>
        <string>SpriteRenderer</string>
      </components>
    </SceneObject>
    <SceneObject path="_Scenery/cd_FG_rock_20/roof_FG_rock_08_0002_04">
      <components>
        <string>Transform</string>
        <string>SpriteRenderer</string>
      </components>
    </SceneObject>
    <SceneObject path="_Scenery/cd_FG_rock_20/roof_FG_rock_08_0001_05">
      <components>
        <string>Transform</string>
        <string>SpriteRenderer</string>
      </components>
    </SceneObject>
    <SceneObject path="_Scenery/cd_FG_rock_20/roof_FG_rock_08_0000_06">
      <components>
        <string>Transform</string>
        <string>SpriteRenderer</string>
      </components>
    </SceneObject>
    <SceneObject path="_Scenery/cd_FG_rock_20/roof_FG_rock_08_0002_04 (1)">
      <components>
        <string>Transform</string>
        <string>SpriteRenderer</string>
      </components>
    </SceneObject>
    <SceneObject path="_Scenery/cd_FG_rock_28">
      <components>
        <string>Transform</string>
      </components>
    </SceneObject>
    <SceneObject path="_Scenery/cd_FG_rock_28/roof_FG_rock_08_0005_01">
      <components>
        <string>Transform</string>
        <string>SpriteRenderer</string>
      </components>
    </SceneObject>
    <SceneObject path="_Scenery/cd_FG_rock_28/roof_FG_rock_08_0004_02">
      <components>
        <string>Transform</string>
        <string>SpriteRenderer</string>
      </components>
    </SceneObject>
    <SceneObject path="_Scenery/cd_FG_rock_28/roof_FG_rock_08_0002_04">
      <components>
        <string>Transform</string>
        <string>SpriteRenderer</string>
      </components>
    </SceneObject>
    <SceneObject path="_Scenery/cd_FG_rock_28/roof_FG_rock_08_0001_05">
      <components>
        <string>Transform</string>
        <string>SpriteRenderer</string>
      </components>
    </SceneObject>
    <SceneObject path="_Scenery/cd_FG_rock_28/roof_FG_rock_08_0000_06">
      <components>
        <string>Transform</string>
        <string>SpriteRenderer</string>
      </components>
    </SceneObject>
    <SceneObject path="_Scenery/hot_spring_layers_0033_water_glow 1">
      <components>
        <string>Transform</string>
        <string>SpriteRenderer</string>
      </components>
    </SceneObject>
    <SceneObject path="_Scenery/hot_spring_statues">
      <components>
        <string>Transform</string>
      </components>
    </SceneObject>
    <SceneObject path="_Scenery/hot_spring_statues/hot_spring_layers_0038_Layer-4">
      <components>
        <string>Transform</string>
        <string>SpriteRenderer</string>
      </components>
    </SceneObject>
    <SceneObject path="_Scenery/hot_spring_statues/hot_spring_layers_0035_Layer-2">
      <components>
        <string>Transform</string>
        <string>SpriteRenderer</string>
      </components>
    </SceneObject>
    <SceneObject path="_Scenery/hot_spring_statues/hot_spring_layers_0034_Layer-1-copy">
      <components>
        <string>Transform</string>
        <string>SpriteRenderer</string>
      </components>
    </SceneObject>
    <SceneObject path="_Scenery/hot_spring_statues/hot_spring_layers_0036_Layer-8">
      <components>
        <string>Transform</string>
        <string>SpriteRenderer</string>
      </components>
    </SceneObject>
    <SceneObject path="_Scenery/hot_spring_statues/hot_spring_layers_0039_Layer-5">
      <components>
        <string>Transform</string>
        <string>SpriteRenderer</string>
      </components>
    </SceneObject>
    <SceneObject path="_Scenery/hot_spring_statues/hot_spring_layers_0040_Layer-7">
      <components>
        <string>Transform</string>
        <string>SpriteRenderer</string>
      </components>
    </SceneObject>
    <SceneObject path="_Scenery/hot_spring_statues/hot_spring_layers_0037_Layer-3">
      <components>
        <string>Transform</string>
        <string>SpriteRenderer</string>
      </components>
    </SceneObject>
    <SceneObject path="_Scenery/hot_spring_statues/hot_spring_layers_0033_water_glow">
      <components>
        <string>Transform</string>
        <string>SpriteRenderer</string>
      </components>
    </SceneObject>
    <SceneObject path="_Scenery/roof_03 3">
      <components>
        <string>Transform</string>
        <string>SpriteRenderer</string>
      </components>
    </SceneObject>
    <SceneObject path="_Scenery/roof_03 4">
      <components>
        <string>Transform</string>
        <string>SpriteRenderer</string>
      </components>
    </SceneObject>
    <SceneObject path="_Scenery/cd_FG_rock_27">
      <components>
        <string>Transform</string>
      </components>
    </SceneObject>
    <SceneObject path="_Scenery/cd_FG_rock_27/roof_FG_rock_08_0005_01">
      <components>
        <string>Transform</string>
        <string>SpriteRenderer</string>
      </components>
    </SceneObject>
    <SceneObject path="_Scenery/cd_FG_rock_27/roof_FG_rock_08_0004_02">
      <components>
        <string>Transform</string>
        <string>SpriteRenderer</string>
      </components>
    </SceneObject>
    <SceneObject path="_Scenery/cd_FG_rock_27/roof_FG_rock_08_0002_04">
      <components>
        <string>Transform</string>
        <string>SpriteRenderer</string>
      </components>
    </SceneObject>
    <SceneObject path="_Scenery/cd_FG_rock_27/roof_FG_rock_08_0001_05">
      <components>
        <string>Transform</string>
        <string>SpriteRenderer</string>
      </components>
    </SceneObject>
    <SceneObject path="_Scenery/cd_FG_rock_27/roof_FG_rock_08_0000_06">
      <components>
        <string>Transform</string>
        <string>SpriteRenderer</string>
      </components>
    </SceneObject>
    <SceneObject path="_Scenery/roof_03 5">
      <components>
        <string>Transform</string>
        <string>SpriteRenderer</string>
      </components>
    </SceneObject>
    <SceneObject path="_Scenery/cd_FG_rock_29">
      <components>
        <string>Transform</string>
      </components>
    </SceneObject>
    <SceneObject path="_Scenery/cd_FG_rock_29/roof_FG_rock_08_0005_01">
      <components>
        <string>Transform</string>
        <string>SpriteRenderer</string>
      </components>
    </SceneObject>
    <SceneObject path="_Scenery/cd_FG_rock_29/roof_FG_rock_08_0004_02">
      <components>
        <string>Transform</string>
        <string>SpriteRenderer</string>
      </components>
    </SceneObject>
    <SceneObject path="_Scenery/cd_FG_rock_29/roof_FG_rock_08_0002_04">
      <components>
        <string>Transform</string>
        <string>SpriteRenderer</string>
      </components>
    </SceneObject>
    <SceneObject path="_Scenery/cd_FG_rock_29/roof_FG_rock_08_0001_05">
      <components>
        <string>Transform</string>
        <string>SpriteRenderer</string>
      </components>
    </SceneObject>
    <SceneObject path="_Scenery/cd_FG_rock_29/roof_FG_rock_08_0000_06">
      <components>
        <string>Transform</string>
        <string>SpriteRenderer</string>
      </components>
    </SceneObject>
    <SceneObject path="_Scenery/cd_FG_rock_30">
      <components>
        <string>Transform</string>
      </components>
    </SceneObject>
    <SceneObject path="_Scenery/cd_FG_rock_30/roof_FG_rock_08_0005_01">
      <components>
        <string>Transform</string>
        <string>SpriteRenderer</string>
      </components>
    </SceneObject>
    <SceneObject path="_Scenery/cd_FG_rock_30/roof_FG_rock_08_0004_02">
      <components>
        <string>Transform</string>
        <string>SpriteRenderer</string>
      </components>
    </SceneObject>
    <SceneObject path="_Scenery/cd_FG_rock_30/roof_FG_rock_08_0002_04">
      <components>
        <string>Transform</string>
        <string>SpriteRenderer</string>
      </components>
    </SceneObject>
    <SceneObject path="_Scenery/cd_FG_rock_30/roof_FG_rock_08_0001_05">
      <components>
        <string>Transform</string>
        <string>SpriteRenderer</string>
      </components>
    </SceneObject>
    <SceneObject path="_Scenery/cd_FG_rock_30/roof_FG_rock_08_0000_06">
      <components>
        <string>Transform</string>
        <string>SpriteRenderer</string>
      </components>
    </SceneObject>
    <SceneObject path="_Scenery/cd_FG_rock_31">
      <components>
        <string>Transform</string>
      </components>
    </SceneObject>
    <SceneObject path="_Scenery/cd_FG_rock_31/roof_FG_rock_08_0005_01">
      <components>
        <string>Transform</string>
        <string>SpriteRenderer</string>
      </components>
    </SceneObject>
    <SceneObject path="_Scenery/cd_FG_rock_31/roof_FG_rock_08_0004_02">
      <components>
        <string>Transform</string>
        <string>SpriteRenderer</string>
      </components>
    </SceneObject>
    <SceneObject path="_Scenery/cd_FG_rock_31/roof_FG_rock_08_0002_04">
      <components>
        <string>Transform</string>
        <string>SpriteRenderer</string>
      </components>
    </SceneObject>
    <SceneObject path="_Scenery/cd_FG_rock_31/roof_FG_rock_08_0001_05">
      <components>
        <string>Transform</string>
        <string>SpriteRenderer</string>
      </components>
    </SceneObject>
    <SceneObject path="_Scenery/cd_FG_rock_31/roof_FG_rock_08_0000_06">
      <components>
        <string>Transform</string>
        <string>SpriteRenderer</string>
      </components>
    </SceneObject>
    <SceneObject path="_Scenery/cd_FG_rock_32">
      <components>
        <string>Transform</string>
      </components>
    </SceneObject>
    <SceneObject path="_Scenery/cd_FG_rock_32/roof_FG_rock_08_0005_01">
      <components>
        <string>Transform</string>
        <string>SpriteRenderer</string>
      </components>
    </SceneObject>
    <SceneObject path="_Scenery/cd_FG_rock_32/roof_FG_rock_08_0004_02">
      <components>
        <string>Transform</string>
        <string>SpriteRenderer</string>
      </components>
    </SceneObject>
    <SceneObject path="_Scenery/cd_FG_rock_32/roof_FG_rock_08_0002_04">
      <components>
        <string>Transform</string>
        <string>SpriteRenderer</string>
      </components>
    </SceneObject>
    <SceneObject path="_Scenery/cd_FG_rock_32/roof_FG_rock_08_0001_05">
      <components>
        <string>Transform</string>
        <string>SpriteRenderer</string>
      </components>
    </SceneObject>
    <SceneObject path="_Scenery/cd_FG_rock_32/roof_FG_rock_08_0000_06">
      <components>
        <string>Transform</string>
        <string>SpriteRenderer</string>
      </components>
    </SceneObject>
    <SceneObject path="_Scenery/cd_FG_rock_32/roof_FG_rock_08_0004_02 (1)">
      <components>
        <string>Transform</string>
        <string>SpriteRenderer</string>
      </components>
    </SceneObject>
    <SceneObject path="_Scenery/cd_FG_rock_32/roof_FG_rock_08_0004_02 (2)">
      <components>
        <string>Transform</string>
        <string>SpriteRenderer</string>
      </components>
    </SceneObject>
    <SceneObject path="_Scenery/default_caustic">
      <components>
        <string>Transform</string>
      </components>
    </SceneObject>
    <SceneObject path="_Scenery/default_caustic/caustic_small_000">
      <components>
        <string>Transform</string>
        <string>SpriteRenderer</string>
        <string>Animator</string>
      </components>
    </SceneObject>
    <SceneObject path="_Scenery/default_caustic 1">
      <components>
        <string>Transform</string>
      </components>
    </SceneObject>
    <SceneObject path="_Scenery/default_caustic 1/caustic_small_000">
      <components>
        <string>Transform</string>
        <string>SpriteRenderer</string>
        <string>Animator</string>
      </components>
    </SceneObject>
    <SceneObject path="_Scenery/default_caustic 2">
      <components>
        <string>Transform</string>
      </components>
    </SceneObject>
    <SceneObject path="_Scenery/default_caustic 2/caustic_small_000">
      <components>
        <string>Transform</string>
        <string>SpriteRenderer</string>
        <string>Animator</string>
      </components>
    </SceneObject>
    <SceneObject path="_Scenery/FG_swarm_01">
      <components>
        <string>Transform</string>
        <string>ParticleSystem</string>
        <string>ParticleSystemRenderer</string>
      </components>
    </SceneObject>
    <SceneObject path="_Scenery/floor_01">
      <components>
        <string>Transform</string>
      </components>
    </SceneObject>
    <SceneObject path="_Scenery/floor_01/floor_layered_0003_01">
      <components>
        <string>Transform</string>
        <string>SpriteRenderer</string>
      </components>
    </SceneObject>
    <SceneObject path="_Scenery/floor_01/floor_layered_0002_02">
      <components>
        <string>Transform</string>
        <string>SpriteRenderer</string>
      </components>
    </SceneObject>
    <SceneObject path="_Scenery/floor_01/floor_layered_0001_03">
      <components>
        <string>Transform</string>
        <string>SpriteRenderer</string>
      </components>
    </SceneObject>
    <SceneObject path="_Scenery/floor_01/floor_layered_0000_04">
      <components>
        <string>Transform</string>
        <string>SpriteRenderer</string>
      </components>
    </SceneObject>
    <SceneObject path="_Scenery/floor_02">
      <components>
        <string>Transform</string>
      </components>
    </SceneObject>
    <SceneObject path="_Scenery/floor_02/floor_layered_0003_01">
      <components>
        <string>Transform</string>
        <string>SpriteRenderer</string>
      </components>
    </SceneObject>
    <SceneObject path="_Scenery/floor_02/floor_layered_0002_02">
      <components>
        <string>Transform</string>
        <string>SpriteRenderer</string>
      </components>
    </SceneObject>
    <SceneObject path="_Scenery/floor_02/floor_layered_0001_03">
      <components>
        <string>Transform</string>
        <string>SpriteRenderer</string>
      </components>
    </SceneObject>
    <SceneObject path="_Scenery/floor_02/floor_layered_0000_04">
      <components>
        <string>Transform</string>
        <string>SpriteRenderer</string>
      </components>
    </SceneObject>
    <SceneObject path="_Scenery/floor_03">
      <components>
        <string>Transform</string>
      </components>
    </SceneObject>
    <SceneObject path="_Scenery/floor_03/floor_layered_0003_01">
      <components>
        <string>Transform</string>
        <string>SpriteRenderer</string>
      </components>
    </SceneObject>
    <SceneObject path="_Scenery/floor_03/floor_layered_0002_02">
      <components>
        <string>Transform</string>
        <string>SpriteRenderer</string>
      </components>
    </SceneObject>
    <SceneObject path="_Scenery/floor_03/floor_layered_0001_03">
      <components>
        <string>Transform</string>
        <string>SpriteRenderer</string>
      </components>
    </SceneObject>
    <SceneObject path="_Scenery/floor_03/floor_layered_0000_04">
      <components>
        <string>Transform</string>
        <string>SpriteRenderer</string>
      </components>
    </SceneObject>
    <SceneObject path="_Scenery/floor_04">
      <components>
        <string>Transform</string>
      </components>
    </SceneObject>
    <SceneObject path="_Scenery/floor_04/floor_layered_0003_01">
      <components>
        <string>Transform</string>
        <string>SpriteRenderer</string>
      </components>
    </SceneObject>
    <SceneObject path="_Scenery/floor_04/floor_layered_0002_02">
      <components>
        <string>Transform</string>
        <string>SpriteRenderer</string>
      </components>
    </SceneObject>
    <SceneObject path="_Scenery/floor_04/floor_layered_0001_03">
      <components>
        <string>Transform</string>
        <string>SpriteRenderer</string>
      </components>
    </SceneObject>
    <SceneObject path="_Scenery/floor_04/floor_layered_0000_04">
      <components>
        <string>Transform</string>
        <string>SpriteRenderer</string>
      </components>
    </SceneObject>
    <SceneObject path="_Scenery/floor_05">
      <components>
        <string>Transform</string>
      </components>
    </SceneObject>
    <SceneObject path="_Scenery/floor_05/floor_layered_0003_01">
      <components>
        <string>Transform</string>
        <string>SpriteRenderer</string>
      </components>
    </SceneObject>
    <SceneObject path="_Scenery/floor_05/floor_layered_0002_02">
      <components>
        <string>Transform</string>
        <string>SpriteRenderer</string>
      </components>
    </SceneObject>
    <SceneObject path="_Scenery/floor_05/floor_layered_0001_03">
      <components>
        <string>Transform</string>
        <string>SpriteRenderer</string>
      </components>
    </SceneObject>
    <SceneObject path="_Scenery/floor_05/floor_layered_0000_04">
      <components>
        <string>Transform</string>
        <string>SpriteRenderer</string>
      </components>
    </SceneObject>
    <SceneObject path="_Scenery/floor_06">
      <components>
        <string>Transform</string>
      </components>
    </SceneObject>
    <SceneObject path="_Scenery/floor_06/floor_layered_0003_01">
      <components>
        <string>Transform</string>
        <string>SpriteRenderer</string>
      </components>
    </SceneObject>
    <SceneObject path="_Scenery/floor_06/floor_layered_0002_02">
      <components>
        <string>Transform</string>
        <string>SpriteRenderer</string>
      </components>
    </SceneObject>
    <SceneObject path="_Scenery/floor_06/floor_layered_0001_03">
      <components>
        <string>Transform</string>
        <string>SpriteRenderer</string>
      </components>
    </SceneObject>
    <SceneObject path="_Scenery/floor_06/floor_layered_0000_04">
      <components>
        <string>Transform</string>
        <string>SpriteRenderer</string>
      </components>
    </SceneObject>
    <SceneObject path="_Scenery/fog">
      <components>
        <string>Transform</string>
        <string>SpriteRenderer</string>
      </components>
    </SceneObject>
    <SceneObject path="_Scenery/fog 1">
      <components>
        <string>Transform</string>
        <string>SpriteRenderer</string>
      </components>
    </SceneObject>
    <SceneObject path="_Scenery/fog 2">
      <components>
        <string>Transform</string>
        <string>SpriteRenderer</string>
      </components>
    </SceneObject>
    <SceneObject path="_Scenery/haze2">
      <components>
        <string>Transform</string>
        <string>SpriteRenderer</string>
      </components>
    </SceneObject>
    <SceneObject path="_Scenery/haze4">
      <components>
        <string>Transform</string>
        <string>SpriteRenderer</string>
      </components>
    </SceneObject>
    <SceneObject path="_Scenery/roof_03 6">
      <components>
        <string>Transform</string>
        <string>SpriteRenderer</string>
      </components>
    </SceneObject>
    <SceneObject path="_Scenery/roof_03 7">
      <components>
        <string>Transform</string>
        <string>SpriteRenderer</string>
      </components>
    </SceneObject>
    <SceneObject path="_Scenery/roof_03 8">
      <components>
        <string>Transform</string>
        <string>SpriteRenderer</string>
      </components>
    </SceneObject>
    <SceneObject path="_Scenery/roof_03 9">
      <components>
        <string>Transform</string>
        <string>SpriteRenderer</string>
      </components>
    </SceneObject>
    <SceneObject path="_Scenery/roof_03 10">
      <components>
        <string>Transform</string>
        <string>SpriteRenderer</string>
      </components>
    </SceneObject>
    <SceneObject path="_Scenery/roof_03 11">
      <components>
        <string>Transform</string>
        <string>SpriteRenderer</string>
      </components>
    </SceneObject>
    <SceneObject path="_Scenery/spa_front">
      <components>
        <string>Transform</string>
      </components>
    </SceneObject>
    <SceneObject path="_Scenery/spa_front/hot_spring_layers_0030_Layer-9">
      <components>
        <string>Transform</string>
        <string>SpriteRenderer</string>
      </components>
    </SceneObject>
    <SceneObject path="_Scenery/spa_front/hot_spring_layers_0028_Layer-11">
      <components>
        <string>Transform</string>
        <string>SpriteRenderer</string>
      </components>
    </SceneObject>
    <SceneObject path="_Scenery/spa_front/hot_spring_layers_0026_Layer-13">
      <components>
        <string>Transform</string>
        <string>SpriteRenderer</string>
      </components>
    </SceneObject>
    <SceneObject path="_Scenery/spa_front/hot_spring_layers_0025_Layer-14">
      <components>
        <string>Transform</string>
        <string>SpriteRenderer</string>
      </components>
    </SceneObject>
    <SceneObject path="_Scenery/spa_front/hot_spring_layers_0021_Layer-22">
      <components>
        <string>Transform</string>
        <string>SpriteRenderer</string>
      </components>
    </SceneObject>
    <SceneObject path="_Scenery/spa_front/hot_spring_layers_0024_Layer-26">
      <components>
        <string>Transform</string>
        <string>SpriteRenderer</string>
      </components>
    </SceneObject>
    <SceneObject path="_Scenery/spa_front/hot_spring_layers_0021_Layer-23">
      <components>
        <string>Transform</string>
        <string>SpriteRenderer</string>
      </components>
    </SceneObject>
    <SceneObject path="_Scenery/spa_front/hot_spring_layers_0021_Layer-24">
      <components>
        <string>Transform</string>
        <string>SpriteRenderer</string>
      </components>
    </SceneObject>
    <SceneObject path="_Scenery/spa_front/hot_spring_layers_0021_Layer-25">
      <components>
        <string>Transform</string>
        <string>SpriteRenderer</string>
      </components>
    </SceneObject>
    <SceneObject path="_Scenery/spa_front/hot_spring_layers_0021_Layer-26">
      <components>
        <string>Transform</string>
        <string>SpriteRenderer</string>
      </components>
    </SceneObject>
    <SceneObject path="_Scenery/spa_front/hot_spring_layers_0021_Layer-27">
      <components>
        <string>Transform</string>
        <string>SpriteRenderer</string>
      </components>
    </SceneObject>
    <SceneObject path="_Scenery/spa_front/hot_spring_layers_0021_Layer-30">
      <components>
        <string>Transform</string>
        <string>SpriteRenderer</string>
      </components>
    </SceneObject>
    <SceneObject path="_Scenery/spa_front/hot_spring_layers_0021_Layer-31">
      <components>
        <string>Transform</string>
        <string>SpriteRenderer</string>
      </components>
    </SceneObject>
    <SceneObject path="_Scenery/spa_front/hot_spring_layers_0021_Layer-32">
      <components>
        <string>Transform</string>
        <string>SpriteRenderer</string>
      </components>
    </SceneObject>
    <SceneObject path="_Scenery/spa_front/hot_spring_layers_0026_Layer-15">
      <components>
        <string>Transform</string>
        <string>SpriteRenderer</string>
      </components>
    </SceneObject>
    <SceneObject path="_Scenery/spa_front/hot_spring_layers_0023_Layer-16">
      <components>
        <string>Transform</string>
        <string>SpriteRenderer</string>
      </components>
    </SceneObject>
    <SceneObject path="_Scenery/spa_front/hot_spring_layers_0021_Layer-33">
      <components>
        <string>Transform</string>
        <string>SpriteRenderer</string>
      </components>
    </SceneObject>
    <SceneObject path="_Scenery/spa_front/hot_spring_layers_0021_Layer-34">
      <components>
        <string>Transform</string>
        <string>SpriteRenderer</string>
      </components>
    </SceneObject>
    <SceneObject path="_Scenery/spa_front/hot_spring_layers_0021_Layer-35">
      <components>
        <string>Transform</string>
        <string>SpriteRenderer</string>
      </components>
    </SceneObject>
    <SceneObject path="_Scenery/spa_front/hot_spring_layers_0021_Layer-36">
      <components>
        <string>Transform</string>
        <string>SpriteRenderer</string>
      </components>
    </SceneObject>
    <SceneObject path="_Scenery/spa_front/hot_spring_layers_0023_Layer-17">
      <components>
        <string>Transform</string>
        <string>SpriteRenderer</string>
      </components>
    </SceneObject>
    <SceneObject path="_Scenery/spa_front/hot_spring_layers_0025_Layer-15">
      <components>
        <string>Transform</string>
        <string>SpriteRenderer</string>
      </components>
    </SceneObject>
    <SceneObject path="_Scenery/spa_front/hot_spring_layers_0030_Layer-10">
      <components>
        <string>Transform</string>
        <string>SpriteRenderer</string>
      </components>
    </SceneObject>
    <SceneObject path="_Scenery/spa_front/hot_spring_layers_0023_Layer-18">
      <components>
        <string>Transform</string>
        <string>SpriteRenderer</string>
      </components>
    </SceneObject>
    <SceneObject path="_Scenery/spa_front/hot_spring_layers_0023_Layer-19">
      <components>
        <string>Transform</string>
        <string>SpriteRenderer</string>
      </components>
    </SceneObject>
    <SceneObject path="_Scenery/spa_front/hot_spring_layers_0023_Layer-16 (1)">
      <components>
        <string>Transform</string>
        <string>SpriteRenderer</string>
      </components>
    </SceneObject>
    <SceneObject path="_Scenery/spa_front/hot_spring_layers_0023_Layer-16 (2)">
      <components>
        <string>Transform</string>
        <string>SpriteRenderer</string>
      </components>
    </SceneObject>
    <SceneObject path="_Scenery/spa_front/hot_spring_layers_0023_Layer-16 (4)">
      <components>
        <string>Transform</string>
        <string>SpriteRenderer</string>
      </components>
    </SceneObject>
    <SceneObject path="_Scenery/spa_pole 149">
      <components>
        <string>Transform</string>
        <string>SpriteRenderer</string>
      </components>
    </SceneObject>
    <SceneObject path="_Scenery/hot_spring_layers_0016_Layer-18 (1)">
      <components>
        <string>Transform</string>
        <string>SpriteRenderer</string>
      </components>
    </SceneObject>
    <SceneObject path="_Scenery/hot_spring_layers_0018_Layer-20 (1)">
      <components>
        <string>Transform</string>
        <string>SpriteRenderer</string>
      </components>
    </SceneObject>
    <SceneObject path="_Scenery/spa_rocks 5">
      <components>
        <string>Transform</string>
      </components>
    </SceneObject>
    <SceneObject path="_Scenery/spa_rocks 5/hot_spring_layers_0014_Layer-17">
      <components>
        <string>Transform</string>
        <string>SpriteRenderer</string>
      </components>
    </SceneObject>
    <SceneObject path="_Scenery/spa_rocks 5/hot_spring_layers_0014_Layer-17 (1)">
      <components>
        <string>Transform</string>
        <string>SpriteRenderer</string>
      </components>
    </SceneObject>
    <SceneObject path="_Scenery/spa_rocks 12">
      <components>
        <string>Transform</string>
      </components>
    </SceneObject>
    <SceneObject path="_Scenery/spa_rocks 12/hot_spring_layers_0020_Layer-21">
      <components>
        <string>Transform</string>
        <string>SpriteRenderer</string>
      </components>
    </SceneObject>
    <SceneObject path="_Scenery/spa_rocks 12/hot_spring_layers_0019_Layer-16">
      <components>
        <string>Transform</string>
        <string>SpriteRenderer</string>
      </components>
    </SceneObject>
    <SceneObject path="_Scenery/spa_rocks 12/hot_spring_layers_0018_Layer-20">
      <components>
        <string>Transform</string>
        <string>SpriteRenderer</string>
      </components>
    </SceneObject>
    <SceneObject path="_Scenery/spa_rocks 12/hot_spring_layers_0017_Layer-19">
      <components>
        <string>Transform</string>
        <string>SpriteRenderer</string>
      </components>
    </SceneObject>
    <SceneObject path="_Scenery/spa_rocks 12/hot_spring_layers_0016_Layer-18">
      <components>
        <string>Transform</string>
        <string>SpriteRenderer</string>
      </components>
    </SceneObject>
    <SceneObject path="_Scenery/spa_rocks 12/hot_spring_layers_0015_Layer-23">
      <components>
        <string>Transform</string>
        <string>SpriteRenderer</string>
      </components>
    </SceneObject>
    <SceneObject path="_Scenery/spa_rocks 13">
      <components>
        <string>Transform</string>
      </components>
    </SceneObject>
    <SceneObject path="_Scenery/spa_rocks 13/hot_spring_layers_0020_Layer-21">
      <components>
        <string>Transform</string>
        <string>SpriteRenderer</string>
      </components>
    </SceneObject>
    <SceneObject path="_Scenery/spa_rocks 13/hot_spring_layers_0019_Layer-16">
      <components>
        <string>Transform</string>
        <string>SpriteRenderer</string>
      </components>
    </SceneObject>
    <SceneObject path="_Scenery/spa_rocks 13/hot_spring_layers_0018_Layer-20">
      <components>
        <string>Transform</string>
        <string>SpriteRenderer</string>
      </components>
    </SceneObject>
    <SceneObject path="_Scenery/spa_rocks 13/hot_spring_layers_0017_Layer-19">
      <components>
        <string>Transform</string>
        <string>SpriteRenderer</string>
      </components>
    </SceneObject>
    <SceneObject path="_Scenery/spa_rocks 13/hot_spring_layers_0016_Layer-18">
      <components>
        <string>Transform</string>
        <string>SpriteRenderer</string>
      </components>
    </SceneObject>
    <SceneObject path="_Scenery/spa_rocks 13/hot_spring_layers_0015_Layer-23">
      <components>
        <string>Transform</string>
        <string>SpriteRenderer</string>
      </components>
    </SceneObject>
    <SceneObject path="_Scenery/spa_rocks 17">
      <components>
        <string>Transform</string>
      </components>
    </SceneObject>
    <SceneObject path="_Scenery/spa_rocks 17/hot_spring_layers_0019_Layer-16">
      <components>
        <string>Transform</string>
        <string>SpriteRenderer</string>
      </components>
    </SceneObject>
    <SceneObject path="_Scenery/spa_rocks 17/hot_spring_layers_0015_Layer-23">
      <components>
        <string>Transform</string>
        <string>SpriteRenderer</string>
      </components>
    </SceneObject>
    <SceneObject path="_Scenery/spa_rocks 17/hot_spring_layers_0019_Layer-16 (1)">
      <components>
        <string>Transform</string>
        <string>SpriteRenderer</string>
      </components>
    </SceneObject>
    <SceneObject path="_Scenery/spa_rocks 3">
      <components>
        <string>Transform</string>
      </components>
    </SceneObject>
    <SceneObject path="_Scenery/spa_rocks 3/hot_spring_layers_0020_Layer-21">
      <components>
        <string>Transform</string>
        <string>SpriteRenderer</string>
      </components>
    </SceneObject>
    <SceneObject path="_Scenery/spa_rocks 3/hot_spring_layers_0019_Layer-16">
      <components>
        <string>Transform</string>
        <string>SpriteRenderer</string>
      </components>
    </SceneObject>
    <SceneObject path="_Scenery/spa_rocks 3/hot_spring_layers_0018_Layer-20">
      <components>
        <string>Transform</string>
        <string>SpriteRenderer</string>
      </components>
    </SceneObject>
    <SceneObject path="_Scenery/spa_rocks 3/hot_spring_layers_0017_Layer-19">
      <components>
        <string>Transform</string>
        <string>SpriteRenderer</string>
      </components>
    </SceneObject>
    <SceneObject path="_Scenery/spa_rocks 3/hot_spring_layers_0016_Layer-18">
      <components>
        <string>Transform</string>
        <string>SpriteRenderer</string>
      </components>
    </SceneObject>
    <SceneObject path="_Scenery/spa_rocks 3/hot_spring_layers_0015_Layer-23">
      <components>
        <string>Transform</string>
        <string>SpriteRenderer</string>
      </components>
    </SceneObject>
    <SceneObject path="_Scenery/spa_rocks 3/hot_spring_layers_0014_Layer-17">
      <components>
        <string>Transform</string>
        <string>SpriteRenderer</string>
      </components>
    </SceneObject>
    <SceneObject path="_Scenery/spa_rocks 3/hot_spring_layers_0020_Layer-21 (1)">
      <components>
        <string>Transform</string>
        <string>SpriteRenderer</string>
      </components>
    </SceneObject>
    <SceneObject path="_Scenery/spa_rocks 3/hot_spring_layers_0018_Layer-20 (1)">
      <components>
        <string>Transform</string>
        <string>SpriteRenderer</string>
      </components>
    </SceneObject>
    <SceneObject path="_Scenery/spa_rocks 3/hot_spring_layers_0018_Layer-20 (2)">
      <components>
        <string>Transform</string>
        <string>SpriteRenderer</string>
      </components>
    </SceneObject>
    <SceneObject path="_Scenery/steam 1">
      <components>
        <string>Transform</string>
        <string>ParticleSystem</string>
        <string>ParticleSystemRenderer</string>
      </components>
    </SceneObject>
    <SceneObject path="_Scenery/spa_rocks">
      <components>
        <string>Transform</string>
      </components>
    </SceneObject>
    <SceneObject path="_Scenery/spa_rocks/hot_spring_layers_0020_Layer-21">
      <components>
        <string>Transform</string>
        <string>SpriteRenderer</string>
      </components>
    </SceneObject>
    <SceneObject path="_Scenery/spa_rocks/hot_spring_layers_0019_Layer-16">
      <components>
        <string>Transform</string>
        <string>SpriteRenderer</string>
      </components>
    </SceneObject>
    <SceneObject path="_Scenery/spa_rocks/hot_spring_layers_0018_Layer-20">
      <components>
        <string>Transform</string>
        <string>SpriteRenderer</string>
      </components>
    </SceneObject>
    <SceneObject path="_Scenery/spa_rocks/hot_spring_layers_0017_Layer-19">
      <components>
        <string>Transform</string>
        <string>SpriteRenderer</string>
      </components>
    </SceneObject>
    <SceneObject path="_Scenery/spa_rocks/hot_spring_layers_0016_Layer-18">
      <components>
        <string>Transform</string>
        <string>SpriteRenderer</string>
      </components>
    </SceneObject>
    <SceneObject path="_Scenery/spa_rocks/hot_spring_layers_0015_Layer-23">
      <components>
        <string>Transform</string>
        <string>SpriteRenderer</string>
      </components>
    </SceneObject>
    <SceneObject path="_Scenery/spa_rocks/hot_spring_layers_0014_Layer-17">
      <components>
        <string>Transform</string>
        <string>SpriteRenderer</string>
      </components>
    </SceneObject>
    <SceneObject path="_Scenery/spa_rocks/hot_spring_layers_0020_Layer-22">
      <components>
        <string>Transform</string>
        <string>SpriteRenderer</string>
      </components>
    </SceneObject>
    <SceneObject path="_Scenery/spa_rocks/hot_spring_layers_0020_Layer-22 (1)">
      <components>
        <string>Transform</string>
        <string>SpriteRenderer</string>
      </components>
    </SceneObject>
    <SceneObject path="_Scenery/spa_rocks 1">
      <components>
        <string>Transform</string>
      </components>
    </SceneObject>
    <SceneObject path="_Scenery/spa_rocks 1/hot_spring_layers_0020_Layer-21">
      <components>
        <string>Transform</string>
        <string>SpriteRenderer</string>
      </components>
    </SceneObject>
    <SceneObject path="_Scenery/spa_rocks 1/hot_spring_layers_0019_Layer-16">
      <components>
        <string>Transform</string>
        <string>SpriteRenderer</string>
      </components>
    </SceneObject>
    <SceneObject path="_Scenery/spa_rocks 1/hot_spring_layers_0018_Layer-20">
      <components>
        <string>Transform</string>
        <string>SpriteRenderer</string>
      </components>
    </SceneObject>
    <SceneObject path="_Scenery/spa_rocks 1/hot_spring_layers_0017_Layer-19">
      <components>
        <string>Transform</string>
        <string>SpriteRenderer</string>
      </components>
    </SceneObject>
    <SceneObject path="_Scenery/spa_rocks 1/hot_spring_layers_0016_Layer-18">
      <components>
        <string>Transform</string>
        <string>SpriteRenderer</string>
      </components>
    </SceneObject>
    <SceneObject path="_Scenery/spa_rocks 1/hot_spring_layers_0015_Layer-23">
      <components>
        <string>Transform</string>
        <string>SpriteRenderer</string>
      </components>
    </SceneObject>
    <SceneObject path="_Scenery/spa_rocks 1/hot_spring_layers_0014_Layer-17">
      <components>
        <string>Transform</string>
        <string>SpriteRenderer</string>
      </components>
    </SceneObject>
    <SceneObject path="_Scenery/spa_rocks 2">
      <components>
        <string>Transform</string>
      </components>
    </SceneObject>
    <SceneObject path="_Scenery/spa_rocks 2/hot_spring_layers_0020_Layer-21">
      <components>
        <string>Transform</string>
        <string>SpriteRenderer</string>
      </components>
    </SceneObject>
    <SceneObject path="_Scenery/spa_rocks 2/hot_spring_layers_0019_Layer-16">
      <components>
        <string>Transform</string>
        <string>SpriteRenderer</string>
      </components>
    </SceneObject>
    <SceneObject path="_Scenery/spa_rocks 2/hot_spring_layers_0018_Layer-20">
      <components>
        <string>Transform</string>
        <string>SpriteRenderer</string>
      </components>
    </SceneObject>
    <SceneObject path="_Scenery/spa_rocks 2/hot_spring_layers_0017_Layer-19">
      <components>
        <string>Transform</string>
        <string>SpriteRenderer</string>
      </components>
    </SceneObject>
    <SceneObject path="_Scenery/spa_rocks 2/hot_spring_layers_0016_Layer-18">
      <components>
        <string>Transform</string>
        <string>SpriteRenderer</string>
      </components>
    </SceneObject>
    <SceneObject path="_Scenery/spa_rocks 2/hot_spring_layers_0015_Layer-23">
      <components>
        <string>Transform</string>
        <string>SpriteRenderer</string>
      </components>
    </SceneObject>
    <SceneObject path="_Scenery/spa_rocks 2/hot_spring_layers_0014_Layer-17">
      <components>
        <string>Transform</string>
        <string>SpriteRenderer</string>
      </components>
    </SceneObject>
    <SceneObject path="_Scenery/wall_black_l 19">
      <components>
        <string>Transform</string>
        <string>SpriteRenderer</string>
      </components>
    </SceneObject>
    <SceneObject path="_Scenery/wall_black_r 106">
      <components>
        <string>Transform</string>
        <string>SpriteRenderer</string>
      </components>
    </SceneObject>
    <SceneObject path="_Scenery/wall_black_r 119">
      <components>
        <string>Transform</string>
        <string>SpriteRenderer</string>
      </components>
    </SceneObject>
    <SceneObject path="_Scenery/spa_rocks 7">
      <components>
        <string>Transform</string>
      </components>
    </SceneObject>
    <SceneObject path="_Scenery/spa_rocks 7/hot_spring_layers_0020_Layer-21">
      <components>
        <string>Transform</string>
        <string>SpriteRenderer</string>
      </components>
    </SceneObject>
    <SceneObject path="_Scenery/spa_rocks 7/hot_spring_layers_0019_Layer-16">
      <components>
        <string>Transform</string>
        <string>SpriteRenderer</string>
      </components>
    </SceneObject>
    <SceneObject path="_Scenery/spa_rocks 7/hot_spring_layers_0018_Layer-20">
      <components>
        <string>Transform</string>
        <string>SpriteRenderer</string>
      </components>
    </SceneObject>
    <SceneObject path="_Scenery/spa_rocks 7/hot_spring_layers_0017_Layer-19">
      <components>
        <string>Transform</string>
        <string>SpriteRenderer</string>
      </components>
    </SceneObject>
    <SceneObject path="_Scenery/spa_rocks 7/hot_spring_layers_0016_Layer-18">
      <components>
        <string>Transform</string>
        <string>SpriteRenderer</string>
      </components>
    </SceneObject>
    <SceneObject path="_Scenery/spa_rocks 7/hot_spring_layers_0015_Layer-23">
      <components>
        <string>Transform</string>
        <string>SpriteRenderer</string>
      </components>
    </SceneObject>
    <SceneObject path="_Scenery/spa_rocks 7/hot_spring_layers_0014_Layer-17">
      <components>
        <string>Transform</string>
        <string>SpriteRenderer</string>
      </components>
    </SceneObject>
    <SceneObject path="_Scenery/spa_rocks 8">
      <components>
        <string>Transform</string>
      </components>
    </SceneObject>
    <SceneObject path="_Scenery/spa_rocks 8/hot_spring_layers_0020_Layer-21">
      <components>
        <string>Transform</string>
        <string>SpriteRenderer</string>
      </components>
    </SceneObject>
    <SceneObject path="_Scenery/spa_rocks 8/hot_spring_layers_0019_Layer-16">
      <components>
        <string>Transform</string>
        <string>SpriteRenderer</string>
      </components>
    </SceneObject>
    <SceneObject path="_Scenery/spa_rocks 8/hot_spring_layers_0018_Layer-20">
      <components>
        <string>Transform</string>
        <string>SpriteRenderer</string>
      </components>
    </SceneObject>
    <SceneObject path="_Scenery/spa_rocks 8/hot_spring_layers_0017_Layer-19">
      <components>
        <string>Transform</string>
        <string>SpriteRenderer</string>
      </components>
    </SceneObject>
    <SceneObject path="_Scenery/spa_rocks 8/hot_spring_layers_0016_Layer-18">
      <components>
        <string>Transform</string>
        <string>SpriteRenderer</string>
      </components>
    </SceneObject>
    <SceneObject path="_Scenery/spa_rocks 8/hot_spring_layers_0015_Layer-23">
      <components>
        <string>Transform</string>
        <string>SpriteRenderer</string>
      </components>
    </SceneObject>
    <SceneObject path="_Scenery/spa_rocks 8/hot_spring_layers_0014_Layer-17">
      <components>
        <string>Transform</string>
        <string>SpriteRenderer</string>
      </components>
    </SceneObject>
    <SceneObject path="_Scenery/spa_rocks 9">
      <components>
        <string>Transform</string>
      </components>
    </SceneObject>
    <SceneObject path="_Scenery/spa_rocks 9/hot_spring_layers_0020_Layer-21">
      <components>
        <string>Transform</string>
        <string>SpriteRenderer</string>
      </components>
    </SceneObject>
    <SceneObject path="_Scenery/spa_rocks 9/hot_spring_layers_0019_Layer-16">
      <components>
        <string>Transform</string>
        <string>SpriteRenderer</string>
      </components>
    </SceneObject>
    <SceneObject path="_Scenery/spa_rocks 9/hot_spring_layers_0018_Layer-20">
      <components>
        <string>Transform</string>
        <string>SpriteRenderer</string>
      </components>
    </SceneObject>
    <SceneObject path="_Scenery/spa_rocks 9/hot_spring_layers_0017_Layer-19">
      <components>
        <string>Transform</string>
        <string>SpriteRenderer</string>
      </components>
    </SceneObject>
    <SceneObject path="_Scenery/spa_rocks 9/hot_spring_layers_0016_Layer-18">
      <components>
        <string>Transform</string>
        <string>SpriteRenderer</string>
      </components>
    </SceneObject>
    <SceneObject path="_Scenery/spa_rocks 9/hot_spring_layers_0015_Layer-23">
      <components>
        <string>Transform</string>
        <string>SpriteRenderer</string>
      </components>
    </SceneObject>
    <SceneObject path="_Scenery/spa_rocks 9/hot_spring_layers_0014_Layer-17">
      <components>
        <string>Transform</string>
        <string>SpriteRenderer</string>
      </components>
    </SceneObject>
    <SceneObject path="_Scenery/spa_rocks 10">
      <components>
        <string>Transform</string>
      </components>
    </SceneObject>
    <SceneObject path="_Scenery/spa_rocks 10/hot_spring_layers_0020_Layer-21">
      <components>
        <string>Transform</string>
        <string>SpriteRenderer</string>
      </components>
    </SceneObject>
    <SceneObject path="_Scenery/spa_rocks 10/hot_spring_layers_0019_Layer-16">
      <components>
        <string>Transform</string>
        <string>SpriteRenderer</string>
      </components>
    </SceneObject>
    <SceneObject path="_Scenery/spa_rocks 10/hot_spring_layers_0018_Layer-20">
      <components>
        <string>Transform</string>
        <string>SpriteRenderer</string>
      </components>
    </SceneObject>
    <SceneObject path="_Scenery/spa_rocks 10/hot_spring_layers_0017_Layer-19">
      <components>
        <string>Transform</string>
        <string>SpriteRenderer</string>
      </components>
    </SceneObject>
    <SceneObject path="_Scenery/spa_rocks 10/hot_spring_layers_0016_Layer-18">
      <components>
        <string>Transform</string>
        <string>SpriteRenderer</string>
      </components>
    </SceneObject>
    <SceneObject path="_Scenery/spa_rocks 10/hot_spring_layers_0015_Layer-23">
      <components>
        <string>Transform</string>
        <string>SpriteRenderer</string>
      </components>
    </SceneObject>
    <SceneObject path="_Scenery/spa_rocks 10/hot_spring_layers_0014_Layer-17">
      <components>
        <string>Transform</string>
        <string>SpriteRenderer</string>
      </components>
    </SceneObject>
    <SceneObject path="_Scenery/waterfall">
      <components>
        <string>Transform</string>
        <string>MeshFilter</string>
        <string>MeshRenderer</string>
        <string>tk2dSprite</string>
        <string>tk2dSpriteAnimator</string>
      </components>
    </SceneObject>
    <SceneObject path="_Scenery/waterfall 1">
      <components>
        <string>Transform</string>
        <string>MeshFilter</string>
        <string>MeshRenderer</string>
        <string>tk2dSprite</string>
        <string>tk2dSpriteAnimator</string>
      </components>
    </SceneObject>
    <SceneObject path="_Scenery/spa_rocks 14">
      <components>
        <string>Transform</string>
      </components>
    </SceneObject>
    <SceneObject path="_Scenery/spa_rocks 14/hot_spring_layers_0020_Layer-21">
      <components>
        <string>Transform</string>
        <string>SpriteRenderer</string>
      </components>
    </SceneObject>
    <SceneObject path="_Scenery/spa_rocks 14/hot_spring_layers_0019_Layer-16">
      <components>
        <string>Transform</string>
        <string>SpriteRenderer</string>
      </components>
    </SceneObject>
    <SceneObject path="_Scenery/spa_rocks 14/hot_spring_layers_0018_Layer-20">
      <components>
        <string>Transform</string>
        <string>SpriteRenderer</string>
      </components>
    </SceneObject>
    <SceneObject path="_Scenery/spa_rocks 14/hot_spring_layers_0017_Layer-19">
      <components>
        <string>Transform</string>
        <string>SpriteRenderer</string>
      </components>
    </SceneObject>
    <SceneObject path="_Scenery/spa_rocks 14/hot_spring_layers_0016_Layer-18">
      <components>
        <string>Transform</string>
        <string>SpriteRenderer</string>
      </components>
    </SceneObject>
    <SceneObject path="_Scenery/spa_rocks 14/hot_spring_layers_0015_Layer-23">
      <components>
        <string>Transform</string>
        <string>SpriteRenderer</string>
      </components>
    </SceneObject>
    <SceneObject path="_Scenery/spa_rocks 14/hot_spring_layers_0014_Layer-17">
      <components>
        <string>Transform</string>
        <string>SpriteRenderer</string>
      </components>
    </SceneObject>
    <SceneObject path="_Scenery/waterfall 2">
      <components>
        <string>Transform</string>
        <string>MeshFilter</string>
        <string>MeshRenderer</string>
        <string>tk2dSprite</string>
        <string>tk2dSpriteAnimator</string>
      </components>
    </SceneObject>
    <SceneObject path="_Scenery/waterfall 3">
      <components>
        <string>Transform</string>
        <string>MeshFilter</string>
        <string>MeshRenderer</string>
        <string>tk2dSprite</string>
        <string>tk2dSpriteAnimator</string>
      </components>
    </SceneObject>
    <SceneObject path="_Scenery/spa_int_entrance">
      <components>
        <string>Transform</string>
      </components>
    </SceneObject>
    <SceneObject path="_Scenery/spa_int_entrance/hot_spring_layers_0003_Color-Balance-1-copy-4">
      <components>
        <string>Transform</string>
        <string>SpriteRenderer</string>
      </components>
    </SceneObject>
    <SceneObject path="_Scenery/spa_int_entrance/hot_spring_layers_0000_Color-Balance-1-copy-6">
      <components>
        <string>Transform</string>
        <string>SpriteRenderer</string>
      </components>
    </SceneObject>
    <SceneObject path="_Scenery/spa_int_entrance/hot_spring_layers_0001_Color-Balance-1-copy-5">
      <components>
        <string>Transform</string>
        <string>SpriteRenderer</string>
      </components>
    </SceneObject>
    <SceneObject path="_Scenery/spa_int_entrance/hot_spring_layers_0002_Color-Balance-1-copy-4">
      <components>
        <string>Transform</string>
        <string>SpriteRenderer</string>
      </components>
    </SceneObject>
    <SceneObject path="_Scenery/spa_int_entrance/hot_spring_layers_0003_Color-Balance-1-copy-3">
      <components>
        <string>Transform</string>
        <string>SpriteRenderer</string>
      </components>
    </SceneObject>
    <SceneObject path="_Scenery/spa_int_entrance/hot_spring_layers_0004_Layer-38">
      <components>
        <string>Transform</string>
        <string>SpriteRenderer</string>
      </components>
    </SceneObject>
    <SceneObject path="_Scenery/spa_int_entrance/hot_spring_layers_0004_Layer-39">
      <components>
        <string>Transform</string>
        <string>SpriteRenderer</string>
      </components>
    </SceneObject>
    <SceneObject path="_Scenery/spa_int_entrance/hot_spring_layers_0004_Layer-40">
      <components>
        <string>Transform</string>
        <string>SpriteRenderer</string>
      </components>
    </SceneObject>
    <SceneObject path="_Scenery/spa_int_entrance/hot_spring_layers_0004_Layer-41">
      <components>
        <string>Transform</string>
        <string>SpriteRenderer</string>
      </components>
    </SceneObject>
    <SceneObject path="_Scenery/spa_int_entrance/hot_spring_layers_0004_Layer-42">
      <components>
        <string>Transform</string>
        <string>SpriteRenderer</string>
      </components>
    </SceneObject>
    <SceneObject path="_Scenery/spa_int_entrance/hot_spring_layers_0004_Layer-43">
      <components>
        <string>Transform</string>
        <string>SpriteRenderer</string>
      </components>
    </SceneObject>
    <SceneObject path="_Scenery/spa_int_entrance/hot_spring_layers_0004_Layer-44">
      <components>
        <string>Transform</string>
        <string>SpriteRenderer</string>
      </components>
    </SceneObject>
    <SceneObject path="_Scenery/spa_int_entrance/hot_spring_layers_0004_Layer-45">
      <components>
        <string>Transform</string>
        <string>SpriteRenderer</string>
      </components>
    </SceneObject>
    <SceneObject path="_Scenery/spa_int_entrance/hot_spring_layers_0004_Layer-46">
      <components>
        <string>Transform</string>
        <string>SpriteRenderer</string>
      </components>
    </SceneObject>
    <SceneObject path="_Scenery/spa_int_entrance/hot_spring_layers_0004_Layer-47">
      <components>
        <string>Transform</string>
        <string>SpriteRenderer</string>
      </components>
    </SceneObject>
    <SceneObject path="_Scenery/spa_int_entrance/hot_spring_layers_0004_Layer-38 (1)">
      <components>
        <string>Transform</string>
        <string>SpriteRenderer</string>
      </components>
    </SceneObject>
    <SceneObject path="_Scenery/spa_int_entrance/hot_spring_layers_0004_Layer-38 (2)">
      <components>
        <string>Transform</string>
        <string>SpriteRenderer</string>
      </components>
    </SceneObject>
    <SceneObject path="_Scenery/spa_int_entrance/hot_spring_layers_0004_Layer-38 (3)">
      <components>
        <string>Transform</string>
        <string>SpriteRenderer</string>
      </components>
    </SceneObject>
    <SceneObject path="_Scenery/spa_int_entrance/hot_spring_layers_0004_Layer-38 (4)">
      <components>
        <string>Transform</string>
        <string>SpriteRenderer</string>
      </components>
    </SceneObject>
    <SceneObject path="_Scenery/spa_int_entrance/hot_spring_layers_0004_Layer-38 (5)">
      <components>
        <string>Transform</string>
        <string>SpriteRenderer</string>
      </components>
    </SceneObject>
    <SceneObject path="_Scenery/waterfall 4">
      <components>
        <string>Transform</string>
        <string>MeshFilter</string>
        <string>MeshRenderer</string>
        <string>tk2dSprite</string>
        <string>tk2dSpriteAnimator</string>
      </components>
    </SceneObject>
    <SceneObject path="_Scenery/hot_spring_layers_0018_Layer-20 (2)">
      <components>
        <string>Transform</string>
        <string>SpriteRenderer</string>
      </components>
    </SceneObject>
    <SceneObject path="_Scenery/spa_int_entrance (1)">
      <components>
        <string>Transform</string>
      </components>
    </SceneObject>
    <SceneObject path="_Scenery/spa_rocks 3 (1)">
      <components>
        <string>Transform</string>
      </components>
    </SceneObject>
    <SceneObject path="_Scenery/spa_rocks 3 (1)/hot_spring_layers_0020_Layer-21">
      <components>
        <string>Transform</string>
        <string>SpriteRenderer</string>
      </components>
    </SceneObject>
    <SceneObject path="_Scenery/spa_rocks 3 (1)/hot_spring_layers_0019_Layer-16">
      <components>
        <string>Transform</string>
        <string>SpriteRenderer</string>
      </components>
    </SceneObject>
    <SceneObject path="_Scenery/spa_rocks 3 (1)/hot_spring_layers_0018_Layer-20">
      <components>
        <string>Transform</string>
        <string>SpriteRenderer</string>
      </components>
    </SceneObject>
    <SceneObject path="_Scenery/spa_rocks 3 (1)/hot_spring_layers_0017_Layer-19">
      <components>
        <string>Transform</string>
        <string>SpriteRenderer</string>
      </components>
    </SceneObject>
    <SceneObject path="_Scenery/spa_rocks 3 (1)/hot_spring_layers_0016_Layer-18">
      <components>
        <string>Transform</string>
        <string>SpriteRenderer</string>
      </components>
    </SceneObject>
    <SceneObject path="_Scenery/spa_rocks 3 (1)/hot_spring_layers_0014_Layer-17">
      <components>
        <string>Transform</string>
        <string>SpriteRenderer</string>
      </components>
    </SceneObject>
    <SceneObject path="_Scenery/spa_rocks 3 (2)">
      <components>
        <string>Transform</string>
      </components>
    </SceneObject>
    <SceneObject path="_Scenery/spa_rocks 3 (2)/hot_spring_layers_0020_Layer-21">
      <components>
        <string>Transform</string>
        <string>SpriteRenderer</string>
      </components>
    </SceneObject>
    <SceneObject path="_Scenery/spa_rocks 3 (2)/hot_spring_layers_0019_Layer-16">
      <components>
        <string>Transform</string>
        <string>SpriteRenderer</string>
      </components>
    </SceneObject>
    <SceneObject path="_Scenery/spa_rocks 3 (2)/hot_spring_layers_0018_Layer-20">
      <components>
        <string>Transform</string>
        <string>SpriteRenderer</string>
      </components>
    </SceneObject>
    <SceneObject path="_Scenery/spa_rocks 3 (2)/hot_spring_layers_0017_Layer-19">
      <components>
        <string>Transform</string>
        <string>SpriteRenderer</string>
      </components>
    </SceneObject>
    <SceneObject path="_Scenery/spa_rocks 3 (2)/hot_spring_layers_0016_Layer-18">
      <components>
        <string>Transform</string>
        <string>SpriteRenderer</string>
      </components>
    </SceneObject>
    <SceneObject path="_Scenery/spa_rocks 3 (2)/hot_spring_layers_0014_Layer-17">
      <components>
        <string>Transform</string>
        <string>SpriteRenderer</string>
      </components>
    </SceneObject>
    <SceneObject path="_Scenery/spa_rocks 3 (2)/hot_spring_layers_0018_Layer-20 (1)">
      <components>
        <string>Transform</string>
        <string>SpriteRenderer</string>
      </components>
    </SceneObject>
    <SceneObject path="_Scenery/white_grass2">
      <components>
        <string>Transform</string>
        <string>BoxCollider2D</string>
        <string>AudioSource</string>
        <string>GrassBehaviour</string>
        <string>GrassCut</string>
      </components>
    </SceneObject>
    <SceneObject path="_Scenery/white_grass2/Sprite">
      <components>
        <string>Transform</string>
        <string>SpriteRenderer</string>
        <string>Animator</string>
      </components>
    </SceneObject>
    <SceneObject path="_Scenery/white_grass2/White Grass A">
      <components>
        <string>Transform</string>
        <string>ParticleSystem</string>
        <string>ParticleSystemRenderer</string>
        <string>ParticleSystemAutoRecycle</string>
      </components>
    </SceneObject>
    <SceneObject path="_Scenery/white_grass2/grass_02_death_00000">
      <components>
        <string>Transform</string>
        <string>SpriteRenderer</string>
      </components>
    </SceneObject>
    <SceneObject path="_Scenery/white_grass3">
      <components>
        <string>Transform</string>
        <string>BoxCollider2D</string>
        <string>AudioSource</string>
        <string>GrassBehaviour</string>
        <string>GrassCut</string>
      </components>
    </SceneObject>
    <SceneObject path="_Scenery/white_grass3/Sprite">
      <components>
        <string>Transform</string>
        <string>SpriteRenderer</string>
        <string>Animator</string>
      </components>
    </SceneObject>
    <SceneObject path="_Scenery/white_grass3/White Grass A">
      <components>
        <string>Transform</string>
        <string>ParticleSystem</string>
        <string>ParticleSystemRenderer</string>
        <string>ParticleSystemAutoRecycle</string>
      </components>
    </SceneObject>
    <SceneObject path="_Scenery/white_grass3/grass_02_death_00000">
      <components>
        <string>Transform</string>
        <string>SpriteRenderer</string>
      </components>
    </SceneObject>
    <SceneObject path="_Scenery/white_grass4">
      <components>
        <string>Transform</string>
        <string>BoxCollider2D</string>
        <string>AudioSource</string>
        <string>GrassBehaviour</string>
        <string>GrassCut</string>
      </components>
    </SceneObject>
    <SceneObject path="_Scenery/white_grass4/Sprite">
      <components>
        <string>Transform</string>
        <string>SpriteRenderer</string>
        <string>Animator</string>
      </components>
    </SceneObject>
    <SceneObject path="_Scenery/white_grass4/White Grass A">
      <components>
        <string>Transform</string>
        <string>ParticleSystem</string>
        <string>ParticleSystemRenderer</string>
        <string>ParticleSystemAutoRecycle</string>
      </components>
    </SceneObject>
    <SceneObject path="_Scenery/white_grass4/grass_04_death_00001">
      <components>
        <string>Transform</string>
        <string>SpriteRenderer</string>
      </components>
    </SceneObject>
    <SceneObject path="_Scenery/white_grass5">
      <components>
        <string>Transform</string>
        <string>BoxCollider2D</string>
        <string>AudioSource</string>
        <string>GrassBehaviour</string>
        <string>GrassCut</string>
      </components>
    </SceneObject>
    <SceneObject path="_Scenery/white_grass5/Sprite">
      <components>
        <string>Transform</string>
        <string>SpriteRenderer</string>
        <string>Animator</string>
      </components>
    </SceneObject>
    <SceneObject path="_Scenery/white_grass5/White Grass A">
      <components>
        <string>Transform</string>
        <string>ParticleSystem</string>
        <string>ParticleSystemRenderer</string>
        <string>ParticleSystemAutoRecycle</string>
      </components>
    </SceneObject>
    <SceneObject path="_Scenery/white_grass5/grass_05_death_00001">
      <components>
        <string>Transform</string>
        <string>SpriteRenderer</string>
      </components>
    </SceneObject>
    <SceneObject path="_Scenery/hot_spring_layers_0018_Layer-20 (3)">
      <components>
        <string>Transform</string>
        <string>SpriteRenderer</string>
      </components>
    </SceneObject>
    <SceneObject path="_Scenery/white_grass6">
      <components>
        <string>Transform</string>
        <string>BoxCollider2D</string>
        <string>AudioSource</string>
        <string>GrassBehaviour</string>
        <string>GrassCut</string>
      </components>
    </SceneObject>
    <SceneObject path="_Scenery/white_grass6/Sprite">
      <components>
        <string>Transform</string>
        <string>SpriteRenderer</string>
        <string>Animator</string>
      </components>
    </SceneObject>
    <SceneObject path="_Scenery/white_grass6/White Grass A">
      <components>
        <string>Transform</string>
        <string>ParticleSystem</string>
        <string>ParticleSystemRenderer</string>
        <string>ParticleSystemAutoRecycle</string>
      </components>
    </SceneObject>
    <SceneObject path="_Scenery/white_grass6/grass_04_death_00001">
      <components>
        <string>Transform</string>
        <string>SpriteRenderer</string>
      </components>
    </SceneObject>
    <SceneObject path="_Scenery/steam 1 (1)">
      <components>
        <string>Transform</string>
        <string>ParticleSystem</string>
        <string>ParticleSystemRenderer</string>
      </components>
    </SceneObject>
    <SceneObject path="_Scenery/white_grass7">
      <components>
        <string>Transform</string>
        <string>BoxCollider2D</string>
        <string>AudioSource</string>
        <string>GrassBehaviour</string>
        <string>GrassCut</string>
      </components>
    </SceneObject>
    <SceneObject path="_Scenery/white_grass7/Sprite">
      <components>
        <string>Transform</string>
        <string>SpriteRenderer</string>
        <string>Animator</string>
      </components>
    </SceneObject>
    <SceneObject path="_Scenery/white_grass7/White Grass A">
      <components>
        <string>Transform</string>
        <string>ParticleSystem</string>
        <string>ParticleSystemRenderer</string>
        <string>ParticleSystemAutoRecycle</string>
      </components>
    </SceneObject>
    <SceneObject path="_Scenery/white_grass7/grass_05_death_00001">
      <components>
        <string>Transform</string>
        <string>SpriteRenderer</string>
      </components>
    </SceneObject>
    <SceneObject path="_Scenery/floor_06 (1)">
      <components>
        <string>Transform</string>
      </components>
    </SceneObject>
    <SceneObject path="_Scenery/floor_06 (1)/floor_layered_0003_01">
      <components>
        <string>Transform</string>
        <string>SpriteRenderer</string>
      </components>
    </SceneObject>
    <SceneObject path="_Scenery/floor_06 (1)/floor_layered_0002_02">
      <components>
        <string>Transform</string>
        <string>SpriteRenderer</string>
      </components>
    </SceneObject>
    <SceneObject path="_Scenery/floor_06 (1)/floor_layered_0001_03">
      <components>
        <string>Transform</string>
        <string>SpriteRenderer</string>
      </components>
    </SceneObject>
    <SceneObject path="_Scenery/floor_06 (1)/floor_layered_0000_04">
      <components>
        <string>Transform</string>
        <string>SpriteRenderer</string>
      </components>
    </SceneObject>
    <SceneObject path="_Scenery/white_grass3 (1)">
      <components>
        <string>Transform</string>
        <string>BoxCollider2D</string>
        <string>AudioSource</string>
        <string>GrassBehaviour</string>
        <string>GrassCut</string>
      </components>
    </SceneObject>
    <SceneObject path="_Scenery/white_grass3 (1)/Sprite">
      <components>
        <string>Transform</string>
        <string>SpriteRenderer</string>
        <string>Animator</string>
      </components>
    </SceneObject>
    <SceneObject path="_Scenery/white_grass3 (1)/White Grass A">
      <components>
        <string>Transform</string>
        <string>ParticleSystem</string>
        <string>ParticleSystemRenderer</string>
        <string>ParticleSystemAutoRecycle</string>
      </components>
    </SceneObject>
    <SceneObject path="_Scenery/white_grass3 (1)/grass_02_death_00000">
      <components>
        <string>Transform</string>
        <string>SpriteRenderer</string>
      </components>
    </SceneObject>
    <SceneObject path="acid_water_top (2)">
      <components>
        <string>Transform</string>
      </components>
    </SceneObject>
    <SceneObject path="acid_water_top (2)/acid_top_version_03_030 (5)">
      <components>
        <string>Transform</string>
        <string>SpriteRenderer</string>
        <string>Animator</string>
      </components>
    </SceneObject>
    <SceneObject path="Spa Region">
      <components>
        <string>Transform</string>
        <string>BoxCollider2D</string>
        <string>PlayMakerFSM</string>
        <string>PlayMakerFSM</string>
        <string>PlayMakerFSM</string>
        <string>PlayMakerFSM</string>
        <string>AudioSource</string>
      </components>
    </SceneObject>
    <SceneObject path="Spa Region/Ripple">
      <components>
        <string>Transform</string>
        <string>MeshRenderer</string>
        <string>MeshFilter</string>
        <string>tk2dSprite</string>
        <string>tk2dSpriteAnimator</string>
      </components>
    </SceneObject>
    <SceneObject path="Spa Region/NailSlash Effects">
      <components>
        <string>Transform</string>
        <string>BoxCollider2D</string>
        <string>PlayMakerFSM</string>
        <string>NonBouncer</string>
      </components>
    </SceneObject>
    <SceneObject path="Spa Region/Spa Glows">
      <components>
        <string>Transform</string>
        <string>ParticleSystem</string>
        <string>ParticleSystemRenderer</string>
        <string>PlayMakerFSM</string>
      </components>
    </SceneObject>
    <SceneObject path="Spa Region/Spa Glows Front">
      <components>
        <string>Transform</string>
        <string>ParticleSystem</string>
        <string>ParticleSystemRenderer</string>
        <string>PlayMakerFSM</string>
      </components>
    </SceneObject>
    <SceneObject path="Spa Region/Spa Steam">
      <components>
        <string>Transform</string>
        <string>ParticleSystem</string>
        <string>ParticleSystemRenderer</string>
        <string>PlayMakerFSM</string>
      </components>
    </SceneObject>
    <SceneObject path="Spa Glows Surface">
      <components>
        <string>Transform</string>
        <string>ParticleSystem</string>
        <string>ParticleSystemRenderer</string>
        <string>ParticleSystemAutoDestroy</string>
        <string>PlayMakerFSM</string>
      </components>
    </SceneObject>
    <SceneObject path="_Items">
      <components>
        <string>Transform</string>
      </components>
    </SceneObject>
    <SceneObject path="BlurPlane">
      <components>
        <string>Transform</string>
        <string>MeshFilter</string>
        <string>MeshRenderer</string>
        <string>BlurPlane</string>
      </components>
    </SceneObject>
    <SceneObject path="water_fog">
      <components>
        <string>Transform</string>
        <string>SpriteRenderer</string>
      </components>
    </SceneObject>
    <SceneObject path="_Managers">
      <components>
        <string>Transform</string>
      </components>
    </SceneObject>
    <SceneObject path="_Managers/PlayMaker Unity 2D">
      <components>
        <string>Transform</string>
        <string>PlayMakerFSM</string>
        <string>PlayMakerUnity2d</string>
        <string>PlayMakerCollisionEnter2D</string>
        <string>PlayMakerCollisionExit2D</string>
        <string>PlayMakerCollisionStay2D</string>
        <string>PlayMakerTriggerEnter2D</string>
        <string>PlayMakerTriggerExit2D</string>
        <string>PlayMakerTriggerStay2D</string>
      </components>
    </SceneObject>
    <SceneObject path="_Enemies">
      <components>
        <string>Transform</string>
      </components>
    </SceneObject>
    <SceneObject path="_Markers">
      <components>
        <string>Transform</string>
      </components>
    </SceneObject>
    <SceneObject path="_Markers/Hollow_Shade Marker">
      <components>
        <string>Transform</string>
        <string>PlayMakerFSM</string>
      </components>
    </SceneObject>
    <SceneObject path="_Markers/Hollow_Shade Marker/HS_Image">
      <components>
        <string>Transform</string>
      </components>
    </SceneObject>
    <SceneObject path="_Markers/Hollow_Shade Marker 1">
      <components>
        <string>Transform</string>
        <string>PlayMakerFSM</string>
      </components>
    </SceneObject>
    <SceneObject path="_Markers/Hollow_Shade Marker 1/HS_Image">
      <components>
        <string>Transform</string>
      </components>
    </SceneObject>
    <SceneObject path="Music Region">
      <components>
        <string>Transform</string>
        <string>BoxCollider2D</string>
        <string>MusicRegion</string>
      </components>
    </SceneObject>
    <SceneObject path="Spa Floor">
      <components>
        <string>Transform</string>
        <string>BoxCollider2D</string>
      </components>
    </SceneObject>
    <SceneObject path="TileMap">
      <components>
        <string>Transform</string>
        <string>tk2dTileMap</string>
      </components>
    </SceneObject>
    <SceneObject path="_Areas">
      <components>
        <string>Transform</string>
      </components>
    </SceneObject>
    <SceneObject path="_Areas/Walk Area">
      <components>
        <string>Transform</string>
        <string>BoxCollider2D</string>
        <string>WalkArea</string>
      </components>
    </SceneObject>
    <SceneObject path="_Effects">
      <components>
        <string>Transform</string>
      </components>
    </SceneObject>
    <SceneObject path="_Effects/Water Drip">
      <components>
        <string>Transform</string>
        <string>MeshFilter</string>
        <string>MeshRenderer</string>
        <string>tk2dSprite</string>
        <string>tk2dSpriteAnimator</string>
        <string>Rigidbody2D</string>
        <string>AudioSource</string>
        <string>BoxCollider2D</string>
        <string>WaterDrip</string>
      </components>
    </SceneObject>
    <SceneObject path="_Effects/Water Drip 1">
      <components>
        <string>Transform</string>
        <string>MeshFilter</string>
        <string>MeshRenderer</string>
        <string>tk2dSprite</string>
        <string>tk2dSpriteAnimator</string>
        <string>Rigidbody2D</string>
        <string>AudioSource</string>
        <string>BoxCollider2D</string>
        <string>WaterDrip</string>
      </components>
    </SceneObject>
    <SceneObject path="_Effects/Water Drip 3">
      <components>
        <string>Transform</string>
        <string>MeshFilter</string>
        <string>MeshRenderer</string>
        <string>tk2dSprite</string>
        <string>tk2dSpriteAnimator</string>
        <string>Rigidbody2D</string>
        <string>AudioSource</string>
        <string>BoxCollider2D</string>
        <string>WaterDrip</string>
      </components>
    </SceneObject>
    <SceneObject path="_Effects/Water Drip 5">
      <components>
        <string>Transform</string>
        <string>MeshFilter</string>
        <string>MeshRenderer</string>
        <string>tk2dSprite</string>
        <string>tk2dSpriteAnimator</string>
        <string>Rigidbody2D</string>
        <string>AudioSource</string>
        <string>BoxCollider2D</string>
        <string>WaterDrip</string>
      </components>
    </SceneObject>
    <SceneObject path="_Effects/Water Drip 7">
      <components>
        <string>Transform</string>
        <string>MeshFilter</string>
        <string>MeshRenderer</string>
        <string>tk2dSprite</string>
        <string>tk2dSpriteAnimator</string>
        <string>Rigidbody2D</string>
        <string>AudioSource</string>
        <string>BoxCollider2D</string>
        <string>WaterDrip</string>
      </components>
    </SceneObject>
    <SceneObject path="_Effects/Water Drip 8">
      <components>
        <string>Transform</string>
        <string>MeshFilter</string>
        <string>MeshRenderer</string>
        <string>tk2dSprite</string>
        <string>tk2dSpriteAnimator</string>
        <string>Rigidbody2D</string>
        <string>AudioSource</string>
        <string>BoxCollider2D</string>
        <string>WaterDrip</string>
      </components>
    </SceneObject>
    <SceneObject path="_Effects/Water Drip 10">
      <components>
        <string>Transform</string>
        <string>MeshFilter</string>
        <string>MeshRenderer</string>
        <string>tk2dSprite</string>
        <string>tk2dSpriteAnimator</string>
        <string>Rigidbody2D</string>
        <string>AudioSource</string>
        <string>BoxCollider2D</string>
        <string>WaterDrip</string>
      </components>
    </SceneObject>
    <SceneObject path="_Effects/Water Drip 13">
      <components>
        <string>Transform</string>
        <string>MeshFilter</string>
        <string>MeshRenderer</string>
        <string>tk2dSprite</string>
        <string>tk2dSpriteAnimator</string>
        <string>Rigidbody2D</string>
        <string>AudioSource</string>
        <string>BoxCollider2D</string>
        <string>WaterDrip</string>
      </components>
    </SceneObject>
    <SceneObject path="_Effects/Water Drip 14">
      <components>
        <string>Transform</string>
        <string>MeshFilter</string>
        <string>MeshRenderer</string>
        <string>tk2dSprite</string>
        <string>tk2dSpriteAnimator</string>
        <string>Rigidbody2D</string>
        <string>AudioSource</string>
        <string>BoxCollider2D</string>
        <string>WaterDrip</string>
      </components>
    </SceneObject>
    <SceneObject path="_Effects/Water Drip 15">
      <components>
        <string>Transform</string>
        <string>MeshFilter</string>
        <string>MeshRenderer</string>
        <string>tk2dSprite</string>
        <string>tk2dSpriteAnimator</string>
        <string>Rigidbody2D</string>
        <string>AudioSource</string>
        <string>BoxCollider2D</string>
        <string>WaterDrip</string>
      </components>
    </SceneObject>
    <SceneObject path="_Effects/Water Drip 16">
      <components>
        <string>Transform</string>
        <string>MeshFilter</string>
        <string>MeshRenderer</string>
        <string>tk2dSprite</string>
        <string>tk2dSpriteAnimator</string>
        <string>Rigidbody2D</string>
        <string>AudioSource</string>
        <string>BoxCollider2D</string>
        <string>WaterDrip</string>
      </components>
    </SceneObject>
    <SceneObject path="_Transition Gates">
      <components>
        <string>Transform</string>
      </components>
    </SceneObject>
    <SceneObject path="_Transition Gates/left1">
      <components>
        <string>Transform</string>
        <string>BoxCollider2D</string>
        <string>TransitionPoint</string>
        <string>GateSnap</string>
      </components>
    </SceneObject>
    <SceneObject path="_Transition Gates/left1/EnemyDetector">
      <components>
        <string>Transform</string>
        <string>BoxCollider2D</string>
        <string>PlayMakerFSM</string>
        <string>PlayMakerCollisionEnter2D</string>
      </components>
    </SceneObject>
    <SceneObject path="_Transition Gates/left1/Hazard Respawn Marker">
      <components>
        <string>Transform</string>
        <string>HazardRespawnMarker</string>
      </components>
    </SceneObject>
    <SceneObject path="_Transition Gates/left1/haze2 (3)">
      <components>
        <string>Transform</string>
        <string>SpriteRenderer</string>
      </components>
    </SceneObject>
    <SceneObject path="_NPCs">
      <components>
        <string>Transform</string>
      </components>
    </SceneObject>
    <SceneObject path="_Camera Lock Zones">
      <components>
        <string>Transform</string>
      </components>
    </SceneObject>
    <SceneObject path="_Camera Lock Zones/CameraLockArea">
      <components>
        <string>Transform</string>
        <string>BoxCollider2D</string>
        <string>CameraLockArea</string>
      </components>
    </SceneObject>
    <SceneObject path="_Camera Lock Zones/CameraLockArea 1">
      <components>
        <string>Transform</string>
        <string>BoxCollider2D</string>
        <string>CameraLockArea</string>
      </components>
    </SceneObject>
    <SceneObject path="_Camera Lock Zones/CameraLockArea 2">
      <components>
        <string>Transform</string>
        <string>BoxCollider2D</string>
        <string>CameraLockArea</string>
      </components>
    </SceneObject>
    <SceneObject path="Spa Bugs NPC">
      <components>
        <string>Transform</string>
        <string>MeshFilter</string>
        <string>MeshRenderer</string>
        <string>tk2dSprite</string>
        <string>tk2dSpriteAnimator</string>
        <string>PlayMakerFSM</string>
        <string>BoxCollider2D</string>
        <string>AudioSource</string>
        <string>PlayMakerFSM</string>
      </components>
    </SceneObject>
    <SceneObject path="Spa Bugs NPC/Dream Dialogue">
      <components>
        <string>Transform</string>
        <string>PlayMakerFSM</string>
        <string>BoxCollider2D</string>
        <string>NonBouncer</string>
      </components>
    </SceneObject>
    <SceneObject path="Spa Bugs NPC/Dream Dialogue/Active Pt">
      <components>
        <string>Transform</string>
        <string>ParticleSystem</string>
        <string>ParticleSystemRenderer</string>
      </components>
    </SceneObject>
    <SceneObject path="Spa Bugs NPC/Dream Dialogue/Impact Pt">
      <components>
        <string>Transform</string>
        <string>ParticleSystem</string>
        <string>ParticleSystemRenderer</string>
      </components>
    </SceneObject>
    <SceneObject path="Infected_Parent">
      <components>
        <string>Transform</string>
      </components>
    </SceneObject>
    <SceneObject path="Infected_Parent/GradeMarker">
      <components>
        <string>Transform</string>
        <string>GradeMarker</string>
      </components>
    </SceneObject>
    <SceneObject path="Infected_Parent/Infected Flag">
      <components>
        <string>Transform</string>
      </components>
    </SceneObject>
    <SceneObject path="Infected_Parent/infected_crossroads_particles">
      <components>
        <string>Transform</string>
      </components>
    </SceneObject>
    <SceneObject path="Infected_Parent/infected_crossroads_particles/wispy smoke BG">
      <components>
        <string>Transform</string>
        <string>ParticleSystem</string>
        <string>ParticleSystemRenderer</string>
      </components>
    </SceneObject>
    <SceneObject path="Infected_Parent/infected_crossroads_particles/Particle System dots">
      <components>
        <string>Transform</string>
        <string>ParticleSystem</string>
        <string>ParticleSystemRenderer</string>
      </components>
    </SceneObject>
    <SceneObject path="Audio Player Waterfall">
      <components>
        <string>Transform</string>
        <string>AudioSource</string>
        <string>PlayAudioAndRecycle</string>
      </components>
    </SceneObject>
    <SceneObject path="_Props">
      <components>
        <string>Transform</string>
      </components>
    </SceneObject>
    <SceneObject path="_SceneManager">
      <components>
        <string>Transform</string>
        <string>SceneManager</string>
        <string>PlayMakerFSM</string>
      </components>
    </SceneObject>
    <SceneObject path="Roof Collider">
      <components>
        <string>Transform</string>
        <string>PolygonCollider2D</string>
        <string>NonSlider</string>
        <string>PlayMakerCollisionEnter2D</string>
        <string>Roof</string>
      </components>
    </SceneObject>
    <SceneObject path="acid_water_top (1)">
      <components>
        <string>Transform</string>
      </components>
    </SceneObject>
    <SceneObject path="acid_water_top (1)/acid_top_version_03_030 (5)">
      <components>
        <string>Transform</string>
        <string>SpriteRenderer</string>
        <string>Animator</string>
      </components>
    </SceneObject>
    <SceneObject path="acid_water_top">
      <components>
        <string>Transform</string>
      </components>
    </SceneObject>
    <SceneObject path="acid_water_top/acid_top_version_03_030 (5)">
      <components>
        <string>Transform</string>
        <string>SpriteRenderer</string>
        <string>Animator</string>
      </components>
    </SceneObject>
    <SceneObject path="RestBench">
      <components>
        <string>Transform</string>
        <string>SpriteRenderer</string>
        <string>BoxCollider2D</string>
        <string>RestBench</string>
        <string>PlayMakerFSM</string>
        <string>RespawnMarker</string>
        <string>PlayMakerFixedUpdate</string>
      </components>
    </SceneObject>
    <SceneObject path="RestBench/Lit">
      <components>
        <string>Transform</string>
        <string>SpriteRenderer</string>
      </components>
    </SceneObject>
    <SceneObject path="RestBench/Detect Range">
      <components>
        <string>Transform</string>
        <string>BoxCollider2D</string>
        <string>PlayMakerFSM</string>
      </components>
    </SceneObject>
    <SceneObject path="RestBench/Light">
      <components>
        <string>Transform</string>
        <string>SpriteRenderer</string>
        <string>PlayMakerFSM</string>
      </components>
    </SceneObject>
    <SceneObject path="RestBench/Particle B">
      <components>
        <string>Transform</string>
        <string>ParticleSystem</string>
        <string>ParticleSystemRenderer</string>
      </components>
    </SceneObject>
    <SceneObject path="RestBench/Particle F">
      <components>
        <string>Transform</string>
        <string>ParticleSystem</string>
        <string>ParticleSystemRenderer</string>
      </components>
    </SceneObject>
    <SceneObject path="RestBench/Particle Rest">
      <components>
        <string>Transform</string>
        <string>ParticleSystem</string>
        <string>ParticleSystemRenderer</string>
      </components>
    </SceneObject>
    <SceneObject path="RestBench/Light Small">
      <components>
        <string>Transform</string>
        <string>SpriteRenderer</string>
        <string>PlayMakerFSM</string>
      </components>
    </SceneObject>
    <SceneObject path="RestBench/Prompt Marker">
      <components>
        <string>Transform</string>
      </components>
    </SceneObject>
    <SceneObject path="RestBench/Heal Anim">
      <components>
        <string>Transform</string>
        <string>MeshFilter</string>
        <string>MeshRenderer</string>
        <string>tk2dSprite</string>
        <string>tk2dSpriteAnimator</string>
        <string>PlayMakerFSM</string>
      </components>
    </SceneObject>
    <SceneObject path="Superdash Splasher">
      <components>
        <string>Transform</string>
        <string>PlayMakerFSM</string>
        <string>AudioSource</string>
        <string>EventRegister</string>
      </components>
    </SceneObject>
    <SceneObject path="Superdash Splasher/Splash Pt">
      <components>
        <string>Transform</string>
        <string>ParticleSystem</string>
        <string>ParticleSystemRenderer</string>
      </components>
    </SceneObject>
  </sceneObjects>
</SceneData>