<?xml version="1.0" encoding="utf-8"?>
<SceneData xmlns:xsd="http://www.w3.org/2001/XMLSchema" xmlns:xsi="http://www.w3.org/2001/XMLSchema-instance" name="Crossroads_52">
  <sceneObjects>
    <SceneObject path="cd_FG_rock_20 (9)">
      <components>
        <string>Transform</string>
        <string>SpriteRenderer</string>
      </components>
    </SceneObject>
    <SceneObject path="CameraLockArea (2)">
      <components>
        <string>Transform</string>
        <string>BoxCollider2D</string>
        <string>CameraLockArea</string>
      </components>
    </SceneObject>
    <SceneObject path="tut_wall_r_0003_03 (2)">
      <components>
        <string>Transform</string>
        <string>SpriteRenderer</string>
      </components>
    </SceneObject>
    <SceneObject path="cd_FG_rock_18 (7)">
      <components>
        <string>Transform</string>
      </components>
    </SceneObject>
    <SceneObject path="cd_FG_rock_18 (7)/roof_FG_rock_08_0005_01">
      <components>
        <string>Transform</string>
        <string>SpriteRenderer</string>
      </components>
    </SceneObject>
    <SceneObject path="cd_FG_rock_18 (7)/roof_FG_rock_08_0004_02">
      <components>
        <string>Transform</string>
        <string>SpriteRenderer</string>
      </components>
    </SceneObject>
    <SceneObject path="cd_FG_rock_18 (7)/roof_FG_rock_08_0002_04">
      <components>
        <string>Transform</string>
        <string>SpriteRenderer</string>
      </components>
    </SceneObject>
    <SceneObject path="cd_FG_rock_18 (7)/roof_FG_rock_08_0001_05">
      <components>
        <string>Transform</string>
        <string>SpriteRenderer</string>
      </components>
    </SceneObject>
    <SceneObject path="cd_FG_rock_18 (7)/roof_FG_rock_08_0000_06">
      <components>
        <string>Transform</string>
        <string>SpriteRenderer</string>
      </components>
    </SceneObject>
    <SceneObject path="cd_FG_rock_18 (7)/roof_FG_rock_08_0005_01 (1)">
      <components>
        <string>Transform</string>
        <string>SpriteRenderer</string>
      </components>
    </SceneObject>
    <SceneObject path="cd_FG_rock_18 (7)/roof_FG_rock_08_0004_02 (1)">
      <components>
        <string>Transform</string>
        <string>SpriteRenderer</string>
      </components>
    </SceneObject>
    <SceneObject path="cd_FG_rock_18 (7)/roof_FG_rock_08_0002_04 (1)">
      <components>
        <string>Transform</string>
        <string>SpriteRenderer</string>
      </components>
    </SceneObject>
    <SceneObject path="cd_FG_rock_18 (7)/roof_FG_rock_08_0001_05 (1)">
      <components>
        <string>Transform</string>
        <string>SpriteRenderer</string>
      </components>
    </SceneObject>
    <SceneObject path="cd_FG_rock_18 (7)/roof_FG_rock_08_0000_06 (1)">
      <components>
        <string>Transform</string>
        <string>SpriteRenderer</string>
      </components>
    </SceneObject>
    <SceneObject path="cd_FG_rock_17 (1)">
      <components>
        <string>Transform</string>
      </components>
    </SceneObject>
    <SceneObject path="cd_FG_rock_17 (1)/roof_FG_rock_07_0005_01">
      <components>
        <string>Transform</string>
        <string>SpriteRenderer</string>
      </components>
    </SceneObject>
    <SceneObject path="cd_FG_rock_17 (1)/roof_FG_rock_07_0004_02">
      <components>
        <string>Transform</string>
        <string>SpriteRenderer</string>
      </components>
    </SceneObject>
    <SceneObject path="cd_FG_rock_17 (1)/roof_FG_rock_07_0003_03">
      <components>
        <string>Transform</string>
        <string>SpriteRenderer</string>
      </components>
    </SceneObject>
    <SceneObject path="cd_FG_rock_17 (1)/roof_FG_rock_07_0002_04">
      <components>
        <string>Transform</string>
        <string>SpriteRenderer</string>
      </components>
    </SceneObject>
    <SceneObject path="cd_FG_rock_17 (1)/roof_FG_rock_07_0001_05">
      <components>
        <string>Transform</string>
        <string>SpriteRenderer</string>
      </components>
    </SceneObject>
    <SceneObject path="cd_FG_rock_17 (1)/roof_FG_rock_07_0000_06">
      <components>
        <string>Transform</string>
        <string>SpriteRenderer</string>
      </components>
    </SceneObject>
    <SceneObject path="cd_FG_rock_20 (12)">
      <components>
        <string>Transform</string>
        <string>SpriteRenderer</string>
      </components>
    </SceneObject>
    <SceneObject path="cd_FG_rock_18 (2)">
      <components>
        <string>Transform</string>
      </components>
    </SceneObject>
    <SceneObject path="cd_FG_rock_18 (2)/roof_FG_rock_08_0005_01">
      <components>
        <string>Transform</string>
        <string>SpriteRenderer</string>
      </components>
    </SceneObject>
    <SceneObject path="cd_FG_rock_18 (2)/roof_FG_rock_08_0004_02">
      <components>
        <string>Transform</string>
        <string>SpriteRenderer</string>
      </components>
    </SceneObject>
    <SceneObject path="cd_FG_rock_18 (2)/roof_FG_rock_08_0002_04">
      <components>
        <string>Transform</string>
        <string>SpriteRenderer</string>
      </components>
    </SceneObject>
    <SceneObject path="cd_FG_rock_18 (2)/roof_FG_rock_08_0001_05">
      <components>
        <string>Transform</string>
        <string>SpriteRenderer</string>
      </components>
    </SceneObject>
    <SceneObject path="cd_FG_rock_18 (2)/roof_FG_rock_08_0000_06">
      <components>
        <string>Transform</string>
        <string>SpriteRenderer</string>
      </components>
    </SceneObject>
    <SceneObject path="cd_FG_rock_19 (1)">
      <components>
        <string>Transform</string>
      </components>
    </SceneObject>
    <SceneObject path="cd_FG_rock_19 (1)/roof_FG_rock_09_0001_01">
      <components>
        <string>Transform</string>
        <string>SpriteRenderer</string>
      </components>
    </SceneObject>
    <SceneObject path="cd_FG_rock_19 (1)/roof_FG_rock_09_0000_02">
      <components>
        <string>Transform</string>
        <string>SpriteRenderer</string>
      </components>
    </SceneObject>
    <SceneObject path="cd_FG_rock_20 (6)">
      <components>
        <string>Transform</string>
        <string>SpriteRenderer</string>
      </components>
    </SceneObject>
    <SceneObject path="cd_FG_rock_18">
      <components>
        <string>Transform</string>
      </components>
    </SceneObject>
    <SceneObject path="cd_FG_rock_18/roof_FG_rock_08_0005_01">
      <components>
        <string>Transform</string>
        <string>SpriteRenderer</string>
      </components>
    </SceneObject>
    <SceneObject path="cd_FG_rock_18/roof_FG_rock_08_0004_02">
      <components>
        <string>Transform</string>
        <string>SpriteRenderer</string>
      </components>
    </SceneObject>
    <SceneObject path="cd_FG_rock_18/roof_FG_rock_08_0002_04">
      <components>
        <string>Transform</string>
        <string>SpriteRenderer</string>
      </components>
    </SceneObject>
    <SceneObject path="cd_FG_rock_18/roof_FG_rock_08_0001_05">
      <components>
        <string>Transform</string>
        <string>SpriteRenderer</string>
      </components>
    </SceneObject>
    <SceneObject path="cd_FG_rock_18/roof_FG_rock_08_0000_06">
      <components>
        <string>Transform</string>
        <string>SpriteRenderer</string>
      </components>
    </SceneObject>
    <SceneObject path="cd_FG_rock_20 (20)">
      <components>
        <string>Transform</string>
        <string>SpriteRenderer</string>
      </components>
    </SceneObject>
    <SceneObject path="wall_04 (21)">
      <components>
        <string>Transform</string>
      </components>
    </SceneObject>
    <SceneObject path="_Enemies">
      <components>
        <string>Transform</string>
      </components>
    </SceneObject>
    <SceneObject path="tut_wall_r_0003_03">
      <components>
        <string>Transform</string>
        <string>SpriteRenderer</string>
      </components>
    </SceneObject>
    <SceneObject path="_NPCs">
      <components>
        <string>Transform</string>
      </components>
    </SceneObject>
    <SceneObject path="black_solid 413 (2)">
      <components>
        <string>Transform</string>
        <string>SpriteRenderer</string>
      </components>
    </SceneObject>
    <SceneObject path="_Items">
      <components>
        <string>Transform</string>
      </components>
    </SceneObject>
    <SceneObject path="cd_FG_rock_18 (5)">
      <components>
        <string>Transform</string>
      </components>
    </SceneObject>
    <SceneObject path="cd_FG_rock_18 (5)/roof_FG_rock_08_0005_01">
      <components>
        <string>Transform</string>
        <string>SpriteRenderer</string>
      </components>
    </SceneObject>
    <SceneObject path="cd_FG_rock_18 (5)/roof_FG_rock_08_0004_02">
      <components>
        <string>Transform</string>
        <string>SpriteRenderer</string>
      </components>
    </SceneObject>
    <SceneObject path="cd_FG_rock_18 (5)/roof_FG_rock_08_0002_04">
      <components>
        <string>Transform</string>
        <string>SpriteRenderer</string>
      </components>
    </SceneObject>
    <SceneObject path="cd_FG_rock_18 (5)/roof_FG_rock_08_0001_05">
      <components>
        <string>Transform</string>
        <string>SpriteRenderer</string>
      </components>
    </SceneObject>
    <SceneObject path="cd_FG_rock_18 (5)/roof_FG_rock_08_0000_06">
      <components>
        <string>Transform</string>
        <string>SpriteRenderer</string>
      </components>
    </SceneObject>
    <SceneObject path="floor_02 (1)">
      <components>
        <string>Transform</string>
      </components>
    </SceneObject>
    <SceneObject path="floor_02 (1)/floor_layered_0003_01">
      <components>
        <string>Transform</string>
        <string>SpriteRenderer</string>
      </components>
    </SceneObject>
    <SceneObject path="floor_02 (1)/floor_layered_0002_02">
      <components>
        <string>Transform</string>
        <string>SpriteRenderer</string>
      </components>
    </SceneObject>
    <SceneObject path="floor_02 (1)/floor_layered_0001_03">
      <components>
        <string>Transform</string>
        <string>SpriteRenderer</string>
      </components>
    </SceneObject>
    <SceneObject path="floor_02 (1)/floor_layered_0000_04">
      <components>
        <string>Transform</string>
        <string>SpriteRenderer</string>
      </components>
    </SceneObject>
    <SceneObject path="floor_rubble_01">
      <components>
        <string>Transform</string>
        <string>SpriteRenderer</string>
      </components>
    </SceneObject>
    <SceneObject path="floor_rubble_01/floor_rubble_01">
      <components>
        <string>Transform</string>
        <string>SpriteRenderer</string>
      </components>
    </SceneObject>
    <SceneObject path="floor_rubble_01/floor_rubble_FG_01">
      <components>
        <string>Transform</string>
        <string>SpriteRenderer</string>
      </components>
    </SceneObject>
    <SceneObject path="floor_rubble_01/floor_rubble_FG_02">
      <components>
        <string>Transform</string>
        <string>SpriteRenderer</string>
      </components>
    </SceneObject>
    <SceneObject path="floor_rubble_01/floor_rubble_FG_03">
      <components>
        <string>Transform</string>
        <string>SpriteRenderer</string>
      </components>
    </SceneObject>
    <SceneObject path="_Effects">
      <components>
        <string>Transform</string>
      </components>
    </SceneObject>
    <SceneObject path="wall_04 (9)">
      <components>
        <string>Transform</string>
      </components>
    </SceneObject>
    <SceneObject path="wall_04 (9)/wall_07_0001_03">
      <components>
        <string>Transform</string>
        <string>SpriteRenderer</string>
      </components>
    </SceneObject>
    <SceneObject path="wall_04 (9)/wall_07_0000_04">
      <components>
        <string>Transform</string>
        <string>SpriteRenderer</string>
      </components>
    </SceneObject>
    <SceneObject path="tut_BG_02">
      <components>
        <string>Transform</string>
      </components>
    </SceneObject>
    <SceneObject path="tut_BG_02/tut_BG_set_02_0005_01">
      <components>
        <string>Transform</string>
        <string>SpriteRenderer</string>
      </components>
    </SceneObject>
    <SceneObject path="tut_BG_02/tut_BG_set_02_0004_02">
      <components>
        <string>Transform</string>
        <string>SpriteRenderer</string>
      </components>
    </SceneObject>
    <SceneObject path="tut_BG_02/tut_BG_set_02_0003_03">
      <components>
        <string>Transform</string>
        <string>SpriteRenderer</string>
      </components>
    </SceneObject>
    <SceneObject path="tut_BG_02/tut_BG_set_02_0001_05">
      <components>
        <string>Transform</string>
        <string>SpriteRenderer</string>
      </components>
    </SceneObject>
    <SceneObject path="tut_BG_02/tut_BG_set_02_0000_06">
      <components>
        <string>Transform</string>
        <string>SpriteRenderer</string>
      </components>
    </SceneObject>
    <SceneObject path="tut_BG_02/tut_BG_set_02_0002_05">
      <components>
        <string>Transform</string>
        <string>SpriteRenderer</string>
      </components>
    </SceneObject>
    <SceneObject path="tut_BG_02/tut_BG_set_02_0005_01 (1)">
      <components>
        <string>Transform</string>
        <string>SpriteRenderer</string>
      </components>
    </SceneObject>
    <SceneObject path="tut_BG_02/tut_BG_set_02_0005_01 (2)">
      <components>
        <string>Transform</string>
        <string>SpriteRenderer</string>
      </components>
    </SceneObject>
    <SceneObject path="tut_BG_02/tut_BG_set_02_0005_01 (3)">
      <components>
        <string>Transform</string>
        <string>SpriteRenderer</string>
      </components>
    </SceneObject>
    <SceneObject path="tut_BG_02/tut_BG_set_02_0005_01 (4)">
      <components>
        <string>Transform</string>
        <string>SpriteRenderer</string>
      </components>
    </SceneObject>
    <SceneObject path="tut_BG_02/tut_BG_set_02_0004_02 (1)">
      <components>
        <string>Transform</string>
        <string>SpriteRenderer</string>
      </components>
    </SceneObject>
    <SceneObject path="tut_BG_02/tut_BG_set_02_0001_05 (1)">
      <components>
        <string>Transform</string>
        <string>SpriteRenderer</string>
      </components>
    </SceneObject>
    <SceneObject path="tut_BG_02/tut_BG_set_02_0003_03 (1)">
      <components>
        <string>Transform</string>
        <string>SpriteRenderer</string>
      </components>
    </SceneObject>
    <SceneObject path="tut_BG_02/tut_BG_set_02_0003_03 (2)">
      <components>
        <string>Transform</string>
        <string>SpriteRenderer</string>
      </components>
    </SceneObject>
    <SceneObject path="tut_BG_02/tut_BG_set_02_0003_03 (3)">
      <components>
        <string>Transform</string>
        <string>SpriteRenderer</string>
      </components>
    </SceneObject>
    <SceneObject path="tut_BG_02/tut_BG_set_02_0003_03 (4)">
      <components>
        <string>Transform</string>
        <string>SpriteRenderer</string>
      </components>
    </SceneObject>
    <SceneObject path="tut_BG_02/tut_BG_set_02_0005_01 (5)">
      <components>
        <string>Transform</string>
        <string>SpriteRenderer</string>
      </components>
    </SceneObject>
    <SceneObject path="tut_BG_02/tut_BG_set_02_0005_01 (6)">
      <components>
        <string>Transform</string>
        <string>SpriteRenderer</string>
      </components>
    </SceneObject>
    <SceneObject path="tut_BG_02/tut_BG_set_02_0003_03 (5)">
      <components>
        <string>Transform</string>
        <string>SpriteRenderer</string>
      </components>
    </SceneObject>
    <SceneObject path="cd_FG_rock_20 (7)">
      <components>
        <string>Transform</string>
        <string>SpriteRenderer</string>
      </components>
    </SceneObject>
    <SceneObject path="right_wall">
      <components>
        <string>Transform</string>
      </components>
    </SceneObject>
    <SceneObject path="right_wall/tut_wall_r_0005_01">
      <components>
        <string>Transform</string>
        <string>SpriteRenderer</string>
      </components>
    </SceneObject>
    <SceneObject path="right_wall/tut_wall_r_0004_02">
      <components>
        <string>Transform</string>
        <string>SpriteRenderer</string>
      </components>
    </SceneObject>
    <SceneObject path="right_wall/tut_wall_r_0003_03">
      <components>
        <string>Transform</string>
        <string>SpriteRenderer</string>
      </components>
    </SceneObject>
    <SceneObject path="right_wall/tut_wall_r_0002_04">
      <components>
        <string>Transform</string>
        <string>SpriteRenderer</string>
      </components>
    </SceneObject>
    <SceneObject path="right_wall/tut_wall_r_0001_05">
      <components>
        <string>Transform</string>
        <string>SpriteRenderer</string>
      </components>
    </SceneObject>
    <SceneObject path="right_wall/tut_wall_r_0000_06">
      <components>
        <string>Transform</string>
        <string>SpriteRenderer</string>
      </components>
    </SceneObject>
    <SceneObject path="right_wall/tut_wall_r_0003_03 (1)">
      <components>
        <string>Transform</string>
        <string>SpriteRenderer</string>
      </components>
    </SceneObject>
    <SceneObject path="right_wall/tut_wall_r_0005_01 (1)">
      <components>
        <string>Transform</string>
        <string>SpriteRenderer</string>
      </components>
    </SceneObject>
    <SceneObject path="right_wall/tut_wall_r_0002_04 (1)">
      <components>
        <string>Transform</string>
        <string>SpriteRenderer</string>
      </components>
    </SceneObject>
    <SceneObject path="right_wall/tut_wall_r_0003_03 (2)">
      <components>
        <string>Transform</string>
        <string>SpriteRenderer</string>
      </components>
    </SceneObject>
    <SceneObject path="right_wall/tut_wall_r_0003_03 (3)">
      <components>
        <string>Transform</string>
        <string>SpriteRenderer</string>
      </components>
    </SceneObject>
    <SceneObject path="right_wall/tut_wall_r_0000_06 (1)">
      <components>
        <string>Transform</string>
        <string>SpriteRenderer</string>
      </components>
    </SceneObject>
    <SceneObject path="right_wall/tut_wall_r_0005_01 (2)">
      <components>
        <string>Transform</string>
        <string>SpriteRenderer</string>
      </components>
    </SceneObject>
    <SceneObject path="right_wall/tut_wall_r_0005_01 (3)">
      <components>
        <string>Transform</string>
        <string>SpriteRenderer</string>
      </components>
    </SceneObject>
    <SceneObject path="right_wall/tut_wall_r_0003_03 (5)">
      <components>
        <string>Transform</string>
        <string>SpriteRenderer</string>
      </components>
    </SceneObject>
    <SceneObject path="right_wall/tut_wall_r_0003_03 (6)">
      <components>
        <string>Transform</string>
        <string>SpriteRenderer</string>
      </components>
    </SceneObject>
    <SceneObject path="right_wall/tut_wall_r_0003_03 (7)">
      <components>
        <string>Transform</string>
        <string>SpriteRenderer</string>
      </components>
    </SceneObject>
    <SceneObject path="right_wall/tut_wall_r_0003_03 (8)">
      <components>
        <string>Transform</string>
        <string>SpriteRenderer</string>
      </components>
    </SceneObject>
    <SceneObject path="right_wall/tut_wall_r_0000_06 (2)">
      <components>
        <string>Transform</string>
        <string>SpriteRenderer</string>
      </components>
    </SceneObject>
    <SceneObject path="right_wall/tut_wall_r_0000_06 (3)">
      <components>
        <string>Transform</string>
        <string>SpriteRenderer</string>
      </components>
    </SceneObject>
    <SceneObject path="right_wall/tut_wall_r_0000_06 (4)">
      <components>
        <string>Transform</string>
        <string>SpriteRenderer</string>
      </components>
    </SceneObject>
    <SceneObject path="right_wall/tut_wall_r_0000_06 (5)">
      <components>
        <string>Transform</string>
        <string>SpriteRenderer</string>
      </components>
    </SceneObject>
    <SceneObject path="right_wall/tut_wall_r_0005_01 (4)">
      <components>
        <string>Transform</string>
        <string>SpriteRenderer</string>
      </components>
    </SceneObject>
    <SceneObject path="right_wall/tut_wall_r_0005_01 (5)">
      <components>
        <string>Transform</string>
        <string>SpriteRenderer</string>
      </components>
    </SceneObject>
    <SceneObject path="right_wall/tut_wall_r_0005_01 (6)">
      <components>
        <string>Transform</string>
        <string>SpriteRenderer</string>
      </components>
    </SceneObject>
    <SceneObject path="right_wall/tut_wall_r_0005_01 (7)">
      <components>
        <string>Transform</string>
        <string>SpriteRenderer</string>
      </components>
    </SceneObject>
    <SceneObject path="right_wall/tut_wall_r_0005_01 (8)">
      <components>
        <string>Transform</string>
        <string>SpriteRenderer</string>
      </components>
    </SceneObject>
    <SceneObject path="right_wall/tut_wall_r_0005_01 (9)">
      <components>
        <string>Transform</string>
        <string>SpriteRenderer</string>
      </components>
    </SceneObject>
    <SceneObject path="right_wall/tut_wall_r_0005_01 (10)">
      <components>
        <string>Transform</string>
        <string>SpriteRenderer</string>
      </components>
    </SceneObject>
    <SceneObject path="right_wall/tut_wall_r_0005_01 (11)">
      <components>
        <string>Transform</string>
        <string>SpriteRenderer</string>
      </components>
    </SceneObject>
    <SceneObject path="right_wall/tut_wall_r_0005_01 (12)">
      <components>
        <string>Transform</string>
        <string>SpriteRenderer</string>
      </components>
    </SceneObject>
    <SceneObject path="right_wall/tut_wall_r_0003_03 (9)">
      <components>
        <string>Transform</string>
        <string>SpriteRenderer</string>
      </components>
    </SceneObject>
    <SceneObject path="right_wall/tut_wall_r_0003_03 (10)">
      <components>
        <string>Transform</string>
        <string>SpriteRenderer</string>
      </components>
    </SceneObject>
    <SceneObject path="right_wall/tut_wall_r_0003_03 (11)">
      <components>
        <string>Transform</string>
        <string>SpriteRenderer</string>
      </components>
    </SceneObject>
    <SceneObject path="right_wall/tut_wall_r_0003_03 (12)">
      <components>
        <string>Transform</string>
        <string>SpriteRenderer</string>
      </components>
    </SceneObject>
    <SceneObject path="right_wall/tut_wall_r_0003_03 (13)">
      <components>
        <string>Transform</string>
        <string>SpriteRenderer</string>
      </components>
    </SceneObject>
    <SceneObject path="right_wall/tut_wall_r_0004_02 (1)">
      <components>
        <string>Transform</string>
        <string>SpriteRenderer</string>
      </components>
    </SceneObject>
    <SceneObject path="right_wall/tut_wall_r_0005_01 (13)">
      <components>
        <string>Transform</string>
        <string>SpriteRenderer</string>
      </components>
    </SceneObject>
    <SceneObject path="right_wall/tut_wall_r_0005_01 (14)">
      <components>
        <string>Transform</string>
        <string>SpriteRenderer</string>
      </components>
    </SceneObject>
    <SceneObject path="right_wall/tut_wall_r_0005_01 (15)">
      <components>
        <string>Transform</string>
        <string>SpriteRenderer</string>
      </components>
    </SceneObject>
    <SceneObject path="right_wall/tut_wall_r_0000_06 (6)">
      <components>
        <string>Transform</string>
        <string>SpriteRenderer</string>
      </components>
    </SceneObject>
    <SceneObject path="right_wall/tut_wall_r_0005_01 (16)">
      <components>
        <string>Transform</string>
        <string>SpriteRenderer</string>
      </components>
    </SceneObject>
    <SceneObject path="right_wall/tut_wall_r_0000_06 (7)">
      <components>
        <string>Transform</string>
        <string>SpriteRenderer</string>
      </components>
    </SceneObject>
    <SceneObject path="right_wall/tut_wall_r_0003_03 (4)">
      <components>
        <string>Transform</string>
        <string>SpriteRenderer</string>
      </components>
    </SceneObject>
    <SceneObject path="Remasker">
      <components>
        <string>Transform</string>
        <string>SpriteRenderer</string>
        <string>PlayMakerFSM</string>
        <string>PersistentBoolItem</string>
        <string>BoxCollider2D</string>
      </components>
    </SceneObject>
    <SceneObject path="_Managers">
      <components>
        <string>Transform</string>
      </components>
    </SceneObject>
    <SceneObject path="_Managers/PlayMaker Unity 2D">
      <components>
        <string>Transform</string>
        <string>PlayMakerFSM</string>
        <string>PlayMakerUnity2d</string>
        <string>PlayMakerCollisionEnter2D</string>
        <string>PlayMakerCollisionExit2D</string>
        <string>PlayMakerCollisionStay2D</string>
        <string>PlayMakerTriggerEnter2D</string>
        <string>PlayMakerTriggerExit2D</string>
        <string>PlayMakerTriggerStay2D</string>
      </components>
    </SceneObject>
    <SceneObject path="floor_02">
      <components>
        <string>Transform</string>
      </components>
    </SceneObject>
    <SceneObject path="floor_02/floor_layered_0003_01">
      <components>
        <string>Transform</string>
        <string>SpriteRenderer</string>
      </components>
    </SceneObject>
    <SceneObject path="floor_02/floor_layered_0002_02">
      <components>
        <string>Transform</string>
        <string>SpriteRenderer</string>
      </components>
    </SceneObject>
    <SceneObject path="floor_02/floor_layered_0001_03">
      <components>
        <string>Transform</string>
        <string>SpriteRenderer</string>
      </components>
    </SceneObject>
    <SceneObject path="floor_02/floor_layered_0000_04">
      <components>
        <string>Transform</string>
        <string>SpriteRenderer</string>
      </components>
    </SceneObject>
    <SceneObject path="floor_02/floor_layered_0003_01 (1)">
      <components>
        <string>Transform</string>
        <string>SpriteRenderer</string>
      </components>
    </SceneObject>
    <SceneObject path="floor_02/floor_layered_0002_02 (1)">
      <components>
        <string>Transform</string>
        <string>SpriteRenderer</string>
      </components>
    </SceneObject>
    <SceneObject path="floor_02/floor_layered_0000_04 (1)">
      <components>
        <string>Transform</string>
        <string>SpriteRenderer</string>
      </components>
    </SceneObject>
    <SceneObject path="cd_FG_rock_20 (10)">
      <components>
        <string>Transform</string>
        <string>SpriteRenderer</string>
      </components>
    </SceneObject>
    <SceneObject path="wall_04 (16)">
      <components>
        <string>Transform</string>
      </components>
    </SceneObject>
    <SceneObject path="wall_04 (16)/wall_07_0001_03">
      <components>
        <string>Transform</string>
        <string>SpriteRenderer</string>
      </components>
    </SceneObject>
    <SceneObject path="wall_04 (16)/wall_07_0000_04">
      <components>
        <string>Transform</string>
        <string>SpriteRenderer</string>
      </components>
    </SceneObject>
    <SceneObject path="_Scenery">
      <components>
        <string>Transform</string>
      </components>
    </SceneObject>
    <SceneObject path="Water Drip">
      <components>
        <string>Transform</string>
        <string>MeshFilter</string>
        <string>MeshRenderer</string>
        <string>tk2dSprite</string>
        <string>tk2dSpriteAnimator</string>
        <string>Rigidbody2D</string>
        <string>AudioSource</string>
        <string>BoxCollider2D</string>
        <string>WaterDrip</string>
      </components>
    </SceneObject>
    <SceneObject path="Template-TileMap">
      <components>
        <string>Transform</string>
        <string>tk2dTileMap</string>
      </components>
    </SceneObject>
    <SceneObject path="wall_04 (5)">
      <components>
        <string>Transform</string>
      </components>
    </SceneObject>
    <SceneObject path="wall_04 (5)/wall_07_0001_03">
      <components>
        <string>Transform</string>
        <string>SpriteRenderer</string>
      </components>
    </SceneObject>
    <SceneObject path="wall_04 (12)">
      <components>
        <string>Transform</string>
      </components>
    </SceneObject>
    <SceneObject path="wall_04 (12)/wall_07_0001_03">
      <components>
        <string>Transform</string>
        <string>SpriteRenderer</string>
      </components>
    </SceneObject>
    <SceneObject path="wall_04 (12)/wall_07_0000_04">
      <components>
        <string>Transform</string>
        <string>SpriteRenderer</string>
      </components>
    </SceneObject>
    <SceneObject path="wall_04 (12)/wall_07_0001_03 (1)">
      <components>
        <string>Transform</string>
        <string>SpriteRenderer</string>
      </components>
    </SceneObject>
    <SceneObject path="wall_04 (13)">
      <components>
        <string>Transform</string>
      </components>
    </SceneObject>
    <SceneObject path="wall_04 (13)/wall_07_0001_03">
      <components>
        <string>Transform</string>
        <string>SpriteRenderer</string>
      </components>
    </SceneObject>
    <SceneObject path="wall_04 (13)/wall_07_0000_04">
      <components>
        <string>Transform</string>
        <string>SpriteRenderer</string>
      </components>
    </SceneObject>
    <SceneObject path="cd_FG_rock_18 (3)">
      <components>
        <string>Transform</string>
      </components>
    </SceneObject>
    <SceneObject path="cd_FG_rock_18 (3)/roof_FG_rock_08_0005_01">
      <components>
        <string>Transform</string>
        <string>SpriteRenderer</string>
      </components>
    </SceneObject>
    <SceneObject path="cd_FG_rock_18 (3)/roof_FG_rock_08_0004_02">
      <components>
        <string>Transform</string>
        <string>SpriteRenderer</string>
      </components>
    </SceneObject>
    <SceneObject path="cd_FG_rock_18 (3)/roof_FG_rock_08_0002_04">
      <components>
        <string>Transform</string>
        <string>SpriteRenderer</string>
      </components>
    </SceneObject>
    <SceneObject path="cd_FG_rock_18 (3)/roof_FG_rock_08_0001_05">
      <components>
        <string>Transform</string>
        <string>SpriteRenderer</string>
      </components>
    </SceneObject>
    <SceneObject path="cd_FG_rock_18 (3)/roof_FG_rock_08_0000_06">
      <components>
        <string>Transform</string>
        <string>SpriteRenderer</string>
      </components>
    </SceneObject>
    <SceneObject path="cd_FG_rock_17 (2)">
      <components>
        <string>Transform</string>
      </components>
    </SceneObject>
    <SceneObject path="cd_FG_rock_17 (2)/roof_FG_rock_07_0005_01">
      <components>
        <string>Transform</string>
        <string>SpriteRenderer</string>
      </components>
    </SceneObject>
    <SceneObject path="cd_FG_rock_17 (2)/roof_FG_rock_07_0004_02">
      <components>
        <string>Transform</string>
        <string>SpriteRenderer</string>
      </components>
    </SceneObject>
    <SceneObject path="cd_FG_rock_17 (2)/roof_FG_rock_07_0003_03">
      <components>
        <string>Transform</string>
        <string>SpriteRenderer</string>
      </components>
    </SceneObject>
    <SceneObject path="cd_FG_rock_17 (2)/roof_FG_rock_07_0002_04">
      <components>
        <string>Transform</string>
        <string>SpriteRenderer</string>
      </components>
    </SceneObject>
    <SceneObject path="cd_FG_rock_17 (2)/roof_FG_rock_07_0001_05">
      <components>
        <string>Transform</string>
        <string>SpriteRenderer</string>
      </components>
    </SceneObject>
    <SceneObject path="cd_FG_rock_17 (2)/roof_FG_rock_07_0000_06">
      <components>
        <string>Transform</string>
        <string>SpriteRenderer</string>
      </components>
    </SceneObject>
    <SceneObject path="cd_FG_rock_20 (8)">
      <components>
        <string>Transform</string>
        <string>SpriteRenderer</string>
      </components>
    </SceneObject>
    <SceneObject path="Roof Collider (1)">
      <components>
        <string>Transform</string>
        <string>PolygonCollider2D</string>
        <string>NonSlider</string>
        <string>PlayMakerCollisionEnter2D</string>
        <string>Roof</string>
      </components>
    </SceneObject>
    <SceneObject path="Water Drip (1)">
      <components>
        <string>Transform</string>
        <string>MeshFilter</string>
        <string>MeshRenderer</string>
        <string>tk2dSprite</string>
        <string>tk2dSpriteAnimator</string>
        <string>Rigidbody2D</string>
        <string>AudioSource</string>
        <string>BoxCollider2D</string>
        <string>WaterDrip</string>
      </components>
    </SceneObject>
    <SceneObject path="gome_fossil_layered_0008_1">
      <components>
        <string>Transform</string>
        <string>SpriteRenderer</string>
      </components>
    </SceneObject>
    <SceneObject path="gome_fossil_layered_0008_1/gome_fossil_layered_0007_2">
      <components>
        <string>Transform</string>
        <string>SpriteRenderer</string>
      </components>
    </SceneObject>
    <SceneObject path="gome_fossil_layered_0008_1/gome_fossil_layered_0006_3">
      <components>
        <string>Transform</string>
        <string>SpriteRenderer</string>
      </components>
    </SceneObject>
    <SceneObject path="gome_fossil_layered_0008_1/gome_fossil_layered_0005_4">
      <components>
        <string>Transform</string>
        <string>SpriteRenderer</string>
      </components>
    </SceneObject>
    <SceneObject path="gome_fossil_layered_0008_1/gome_fossil_layered_0000_9">
      <components>
        <string>Transform</string>
        <string>SpriteRenderer</string>
      </components>
    </SceneObject>
    <SceneObject path="gome_fossil_layered_0008_1/gome_fossil_layered_0002_7">
      <components>
        <string>Transform</string>
        <string>SpriteRenderer</string>
      </components>
    </SceneObject>
    <SceneObject path="gome_fossil_layered_0008_1/gome_fossil_layered_0003_6">
      <components>
        <string>Transform</string>
        <string>SpriteRenderer</string>
      </components>
    </SceneObject>
    <SceneObject path="gome_fossil_layered_0008_1/gome_fossil_layered_0003_6 (1)">
      <components>
        <string>Transform</string>
        <string>SpriteRenderer</string>
      </components>
    </SceneObject>
    <SceneObject path="_Props">
      <components>
        <string>Transform</string>
      </components>
    </SceneObject>
    <SceneObject path="floor_02 (5)">
      <components>
        <string>Transform</string>
      </components>
    </SceneObject>
    <SceneObject path="floor_02 (5)/floor_layered_0003_01">
      <components>
        <string>Transform</string>
        <string>SpriteRenderer</string>
      </components>
    </SceneObject>
    <SceneObject path="floor_02 (5)/floor_layered_0002_02">
      <components>
        <string>Transform</string>
        <string>SpriteRenderer</string>
      </components>
    </SceneObject>
    <SceneObject path="floor_02 (5)/floor_layered_0001_03">
      <components>
        <string>Transform</string>
        <string>SpriteRenderer</string>
      </components>
    </SceneObject>
    <SceneObject path="floor_02 (5)/floor_layered_0000_04">
      <components>
        <string>Transform</string>
        <string>SpriteRenderer</string>
      </components>
    </SceneObject>
    <SceneObject path="floor_02 (5)/floor_layered_0003_01 (1)">
      <components>
        <string>Transform</string>
        <string>SpriteRenderer</string>
      </components>
    </SceneObject>
    <SceneObject path="Template-TileMap Render Data">
      <components>
        <string>Transform</string>
      </components>
    </SceneObject>
    <SceneObject path="Template-TileMap Render Data/Scenemap">
      <components>
        <string>Transform</string>
      </components>
    </SceneObject>
    <SceneObject path="Template-TileMap Render Data/Scenemap/Chunk 0 0">
      <components>
        <string>Transform</string>
        <string>MeshFilter</string>
        <string>MeshRenderer</string>
        <string>EdgeCollider2D</string>
      </components>
    </SceneObject>
    <SceneObject path="Template-TileMap Render Data/Scenemap/Chunk 0 1">
      <components>
        <string>Transform</string>
        <string>MeshFilter</string>
        <string>MeshRenderer</string>
        <string>EdgeCollider2D</string>
      </components>
    </SceneObject>
    <SceneObject path="Template-TileMap Render Data/Scenemap/Chunk 1 0">
      <components>
        <string>Transform</string>
        <string>MeshFilter</string>
        <string>MeshRenderer</string>
        <string>EdgeCollider2D</string>
        <string>EdgeCollider2D</string>
        <string>EdgeCollider2D</string>
        <string>EdgeCollider2D</string>
      </components>
    </SceneObject>
    <SceneObject path="Template-TileMap Render Data/Scenemap/Chunk 1 1">
      <components>
        <string>Transform</string>
        <string>MeshFilter</string>
        <string>MeshRenderer</string>
        <string>EdgeCollider2D</string>
      </components>
    </SceneObject>
    <SceneObject path="Template-TileMap Render Data/Scenemap/Chunk 2 0">
      <components>
        <string>Transform</string>
        <string>MeshFilter</string>
        <string>MeshRenderer</string>
        <string>EdgeCollider2D</string>
      </components>
    </SceneObject>
    <SceneObject path="Template-TileMap Render Data/Scenemap/Chunk 2 1">
      <components>
        <string>Transform</string>
        <string>MeshFilter</string>
        <string>MeshRenderer</string>
        <string>EdgeCollider2D</string>
      </components>
    </SceneObject>
    <SceneObject path="floor_02 (2)">
      <components>
        <string>Transform</string>
      </components>
    </SceneObject>
    <SceneObject path="floor_02 (2)/floor_layered_0003_01">
      <components>
        <string>Transform</string>
        <string>SpriteRenderer</string>
      </components>
    </SceneObject>
    <SceneObject path="floor_02 (2)/floor_layered_0002_02">
      <components>
        <string>Transform</string>
        <string>SpriteRenderer</string>
      </components>
    </SceneObject>
    <SceneObject path="floor_02 (2)/floor_layered_0001_03">
      <components>
        <string>Transform</string>
        <string>SpriteRenderer</string>
      </components>
    </SceneObject>
    <SceneObject path="floor_02 (2)/floor_layered_0000_04">
      <components>
        <string>Transform</string>
        <string>SpriteRenderer</string>
      </components>
    </SceneObject>
    <SceneObject path="cd_FG_rock_20 (19)">
      <components>
        <string>Transform</string>
        <string>SpriteRenderer</string>
      </components>
    </SceneObject>
    <SceneObject path="wall_04 (11)">
      <components>
        <string>Transform</string>
      </components>
    </SceneObject>
    <SceneObject path="wall_04 (11)/wall_07_0001_03">
      <components>
        <string>Transform</string>
        <string>SpriteRenderer</string>
      </components>
    </SceneObject>
    <SceneObject path="wall_04 (11)/wall_07_0000_04">
      <components>
        <string>Transform</string>
        <string>SpriteRenderer</string>
      </components>
    </SceneObject>
    <SceneObject path="wall_04 (19)">
      <components>
        <string>Transform</string>
      </components>
    </SceneObject>
    <SceneObject path="wall_04 (19)/wall_07_0001_03">
      <components>
        <string>Transform</string>
        <string>SpriteRenderer</string>
      </components>
    </SceneObject>
    <SceneObject path="wall_04 (19)/wall_07_0000_04">
      <components>
        <string>Transform</string>
        <string>SpriteRenderer</string>
      </components>
    </SceneObject>
    <SceneObject path="wall_04 (2)">
      <components>
        <string>Transform</string>
      </components>
    </SceneObject>
    <SceneObject path="wall_04 (2)/wall_07_0001_03">
      <components>
        <string>Transform</string>
        <string>SpriteRenderer</string>
      </components>
    </SceneObject>
    <SceneObject path="wall_04 (2)/wall_07_0000_04">
      <components>
        <string>Transform</string>
        <string>SpriteRenderer</string>
      </components>
    </SceneObject>
    <SceneObject path="Geo Rock 1">
      <components>
        <string>Transform</string>
        <string>GeoRock</string>
        <string>PlayMakerFSM</string>
        <string>MeshFilter</string>
        <string>MeshRenderer</string>
        <string>tk2dSprite</string>
        <string>tk2dSpriteAnimator</string>
        <string>PlayMakerFixedUpdate</string>
        <string>AudioSource</string>
        <string>BoxCollider2D</string>
        <string>NonBouncer</string>
      </components>
    </SceneObject>
    <SceneObject path="wall_04 (20)">
      <components>
        <string>Transform</string>
      </components>
    </SceneObject>
    <SceneObject path="tut_wall_r_0003_03 (1)">
      <components>
        <string>Transform</string>
        <string>SpriteRenderer</string>
      </components>
    </SceneObject>
    <SceneObject path="left1">
      <components>
        <string>Transform</string>
        <string>BoxCollider2D</string>
        <string>TransitionPoint</string>
        <string>GateSnap</string>
      </components>
    </SceneObject>
    <SceneObject path="left1/EnemyDetector">
      <components>
        <string>Transform</string>
        <string>BoxCollider2D</string>
        <string>PlayMakerFSM</string>
        <string>PlayMakerCollisionEnter2D</string>
      </components>
    </SceneObject>
    <SceneObject path="left1/Hazard Respawn Marker">
      <components>
        <string>Transform</string>
        <string>HazardRespawnMarker</string>
      </components>
    </SceneObject>
    <SceneObject path="left1/haze2 (3)">
      <components>
        <string>Transform</string>
        <string>SpriteRenderer</string>
      </components>
    </SceneObject>
    <SceneObject path="CameraLockArea (1)">
      <components>
        <string>Transform</string>
        <string>BoxCollider2D</string>
        <string>CameraLockArea</string>
      </components>
    </SceneObject>
    <SceneObject path="floor_rubble_01 (2)">
      <components>
        <string>Transform</string>
        <string>SpriteRenderer</string>
      </components>
    </SceneObject>
    <SceneObject path="floor_rubble_01 (2)/floor_rubble_01">
      <components>
        <string>Transform</string>
        <string>SpriteRenderer</string>
      </components>
    </SceneObject>
    <SceneObject path="floor_rubble_01 (2)/floor_rubble_FG_01">
      <components>
        <string>Transform</string>
        <string>SpriteRenderer</string>
      </components>
    </SceneObject>
    <SceneObject path="floor_rubble_01 (2)/floor_rubble_FG_02">
      <components>
        <string>Transform</string>
        <string>SpriteRenderer</string>
      </components>
    </SceneObject>
    <SceneObject path="Roof Collider (4)">
      <components>
        <string>Transform</string>
        <string>PolygonCollider2D</string>
        <string>NonSlider</string>
        <string>PlayMakerCollisionEnter2D</string>
        <string>Roof</string>
      </components>
    </SceneObject>
    <SceneObject path="cd_FG_rock_17">
      <components>
        <string>Transform</string>
      </components>
    </SceneObject>
    <SceneObject path="cd_FG_rock_17/roof_FG_rock_07_0005_01">
      <components>
        <string>Transform</string>
        <string>SpriteRenderer</string>
      </components>
    </SceneObject>
    <SceneObject path="cd_FG_rock_17/roof_FG_rock_07_0004_02">
      <components>
        <string>Transform</string>
        <string>SpriteRenderer</string>
      </components>
    </SceneObject>
    <SceneObject path="cd_FG_rock_17/roof_FG_rock_07_0003_03">
      <components>
        <string>Transform</string>
        <string>SpriteRenderer</string>
      </components>
    </SceneObject>
    <SceneObject path="cd_FG_rock_17/roof_FG_rock_07_0002_04">
      <components>
        <string>Transform</string>
        <string>SpriteRenderer</string>
      </components>
    </SceneObject>
    <SceneObject path="cd_FG_rock_17/roof_FG_rock_07_0001_05">
      <components>
        <string>Transform</string>
        <string>SpriteRenderer</string>
      </components>
    </SceneObject>
    <SceneObject path="cd_FG_rock_17/roof_FG_rock_07_0000_06">
      <components>
        <string>Transform</string>
        <string>SpriteRenderer</string>
      </components>
    </SceneObject>
    <SceneObject path="CameraLockArea (4)">
      <components>
        <string>Transform</string>
        <string>BoxCollider2D</string>
        <string>CameraLockArea</string>
      </components>
    </SceneObject>
    <SceneObject path="wall_04 (3)">
      <components>
        <string>Transform</string>
      </components>
    </SceneObject>
    <SceneObject path="wall_04 (3)/wall_07_0001_03">
      <components>
        <string>Transform</string>
        <string>SpriteRenderer</string>
      </components>
    </SceneObject>
    <SceneObject path="wall_04 (3)/wall_07_0000_04">
      <components>
        <string>Transform</string>
        <string>SpriteRenderer</string>
      </components>
    </SceneObject>
    <SceneObject path="cd_FG_rock_19">
      <components>
        <string>Transform</string>
      </components>
    </SceneObject>
    <SceneObject path="cd_FG_rock_19/roof_FG_rock_09_0001_01">
      <components>
        <string>Transform</string>
        <string>SpriteRenderer</string>
      </components>
    </SceneObject>
    <SceneObject path="cd_FG_rock_19/roof_FG_rock_09_0000_02">
      <components>
        <string>Transform</string>
        <string>SpriteRenderer</string>
      </components>
    </SceneObject>
    <SceneObject path="Darkness Region">
      <components>
        <string>Transform</string>
        <string>BoxCollider2D</string>
        <string>PlayMakerFSM</string>
        <string>TrackTriggerObjects</string>
        <string>PlayMakerFixedUpdate</string>
      </components>
    </SceneObject>
    <SceneObject path="Remasker (1)">
      <components>
        <string>Transform</string>
        <string>SpriteRenderer</string>
        <string>PlayMakerFSM</string>
        <string>PersistentBoolItem</string>
        <string>BoxCollider2D</string>
      </components>
    </SceneObject>
    <SceneObject path="cd_FG_rock_20 (18)">
      <components>
        <string>Transform</string>
        <string>SpriteRenderer</string>
      </components>
    </SceneObject>
    <SceneObject path="cd_FG_rock_20 (1)">
      <components>
        <string>Transform</string>
        <string>SpriteRenderer</string>
      </components>
    </SceneObject>
    <SceneObject path="wall_04">
      <components>
        <string>Transform</string>
      </components>
    </SceneObject>
    <SceneObject path="wall_04/wall_07_0001_03">
      <components>
        <string>Transform</string>
        <string>SpriteRenderer</string>
      </components>
    </SceneObject>
    <SceneObject path="wall_04/wall_07_0000_04">
      <components>
        <string>Transform</string>
        <string>SpriteRenderer</string>
      </components>
    </SceneObject>
    <SceneObject path="wall_04 (7)">
      <components>
        <string>Transform</string>
      </components>
    </SceneObject>
    <SceneObject path="wall_04 (7)/wall_07_0001_03">
      <components>
        <string>Transform</string>
        <string>SpriteRenderer</string>
      </components>
    </SceneObject>
    <SceneObject path="wall_04 (7)/wall_07_0000_04">
      <components>
        <string>Transform</string>
        <string>SpriteRenderer</string>
      </components>
    </SceneObject>
    <SceneObject path="wall_04 (7)/wall_07_0001_03 (1)">
      <components>
        <string>Transform</string>
        <string>SpriteRenderer</string>
      </components>
    </SceneObject>
    <SceneObject path="wall_04 (7)/wall_07_0001_03 (2)">
      <components>
        <string>Transform</string>
        <string>SpriteRenderer</string>
      </components>
    </SceneObject>
    <SceneObject path="wall_04 (7)/wall_07_0000_04 (1)">
      <components>
        <string>Transform</string>
        <string>SpriteRenderer</string>
      </components>
    </SceneObject>
    <SceneObject path="cd_FG_rock_20">
      <components>
        <string>Transform</string>
        <string>SpriteRenderer</string>
      </components>
    </SceneObject>
    <SceneObject path="cd_FG_rock_20 (3)">
      <components>
        <string>Transform</string>
        <string>SpriteRenderer</string>
      </components>
    </SceneObject>
    <SceneObject path="Goam Inspect">
      <components>
        <string>Transform</string>
        <string>PlayMakerFSM</string>
        <string>BoxCollider2D</string>
        <string>PlayMakerFSM</string>
        <string>PlayMakerFixedUpdate</string>
      </components>
    </SceneObject>
    <SceneObject path="Goam Inspect/Prompt Marker">
      <components>
        <string>Transform</string>
        <string>MeshRenderer</string>
        <string>MeshFilter</string>
        <string>tk2dSprite</string>
        <string>tk2dSpriteAnimator</string>
        <string>PlayMakerFSM</string>
      </components>
    </SceneObject>
    <SceneObject path="cd_FG_rock_20 (4)">
      <components>
        <string>Transform</string>
        <string>SpriteRenderer</string>
      </components>
    </SceneObject>
    <SceneObject path="cd_FG_rock_18 (1)">
      <components>
        <string>Transform</string>
      </components>
    </SceneObject>
    <SceneObject path="cd_FG_rock_18 (1)/roof_FG_rock_08_0005_01">
      <components>
        <string>Transform</string>
        <string>SpriteRenderer</string>
      </components>
    </SceneObject>
    <SceneObject path="cd_FG_rock_18 (1)/roof_FG_rock_08_0004_02">
      <components>
        <string>Transform</string>
        <string>SpriteRenderer</string>
      </components>
    </SceneObject>
    <SceneObject path="cd_FG_rock_18 (1)/roof_FG_rock_08_0002_04">
      <components>
        <string>Transform</string>
        <string>SpriteRenderer</string>
      </components>
    </SceneObject>
    <SceneObject path="cd_FG_rock_18 (1)/roof_FG_rock_08_0001_05">
      <components>
        <string>Transform</string>
        <string>SpriteRenderer</string>
      </components>
    </SceneObject>
    <SceneObject path="cd_FG_rock_18 (1)/roof_FG_rock_08_0000_06">
      <components>
        <string>Transform</string>
        <string>SpriteRenderer</string>
      </components>
    </SceneObject>
    <SceneObject path="floor_02 (4)">
      <components>
        <string>Transform</string>
      </components>
    </SceneObject>
    <SceneObject path="floor_02 (4)/floor_layered_0003_01">
      <components>
        <string>Transform</string>
        <string>SpriteRenderer</string>
      </components>
    </SceneObject>
    <SceneObject path="floor_02 (4)/floor_layered_0002_02">
      <components>
        <string>Transform</string>
        <string>SpriteRenderer</string>
      </components>
    </SceneObject>
    <SceneObject path="floor_02 (4)/floor_layered_0001_03">
      <components>
        <string>Transform</string>
        <string>SpriteRenderer</string>
      </components>
    </SceneObject>
    <SceneObject path="floor_02 (4)/floor_layered_0000_04">
      <components>
        <string>Transform</string>
        <string>SpriteRenderer</string>
      </components>
    </SceneObject>
    <SceneObject path="floor_02 (4)/floor_layered_0001_03 (1)">
      <components>
        <string>Transform</string>
        <string>SpriteRenderer</string>
      </components>
    </SceneObject>
    <SceneObject path="_Areas">
      <components>
        <string>Transform</string>
      </components>
    </SceneObject>
    <SceneObject path="cd_FG_rock_20 (11)">
      <components>
        <string>Transform</string>
        <string>SpriteRenderer</string>
      </components>
    </SceneObject>
    <SceneObject path="wall_04 (6)">
      <components>
        <string>Transform</string>
      </components>
    </SceneObject>
    <SceneObject path="wall_04 (6)/wall_07_0001_03">
      <components>
        <string>Transform</string>
        <string>SpriteRenderer</string>
      </components>
    </SceneObject>
    <SceneObject path="wall_04 (6)/wall_07_0000_04">
      <components>
        <string>Transform</string>
        <string>SpriteRenderer</string>
      </components>
    </SceneObject>
    <SceneObject path="fog (1)">
      <components>
        <string>Transform</string>
        <string>SpriteRenderer</string>
      </components>
    </SceneObject>
    <SceneObject path="Roof Collider">
      <components>
        <string>Transform</string>
        <string>PolygonCollider2D</string>
        <string>NonSlider</string>
        <string>PlayMakerCollisionEnter2D</string>
        <string>Roof</string>
      </components>
    </SceneObject>
    <SceneObject path="cd_FG_rock_18 (4)">
      <components>
        <string>Transform</string>
      </components>
    </SceneObject>
    <SceneObject path="cd_FG_rock_18 (4)/roof_FG_rock_08_0005_01">
      <components>
        <string>Transform</string>
        <string>SpriteRenderer</string>
      </components>
    </SceneObject>
    <SceneObject path="cd_FG_rock_18 (4)/roof_FG_rock_08_0004_02">
      <components>
        <string>Transform</string>
        <string>SpriteRenderer</string>
      </components>
    </SceneObject>
    <SceneObject path="cd_FG_rock_18 (4)/roof_FG_rock_08_0002_04">
      <components>
        <string>Transform</string>
        <string>SpriteRenderer</string>
      </components>
    </SceneObject>
    <SceneObject path="cd_FG_rock_18 (4)/roof_FG_rock_08_0001_05">
      <components>
        <string>Transform</string>
        <string>SpriteRenderer</string>
      </components>
    </SceneObject>
    <SceneObject path="cd_FG_rock_18 (4)/roof_FG_rock_08_0000_06">
      <components>
        <string>Transform</string>
        <string>SpriteRenderer</string>
      </components>
    </SceneObject>
    <SceneObject path="wall_04 (1)">
      <components>
        <string>Transform</string>
      </components>
    </SceneObject>
    <SceneObject path="wall_04 (1)/wall_07_0001_03">
      <components>
        <string>Transform</string>
        <string>SpriteRenderer</string>
      </components>
    </SceneObject>
    <SceneObject path="wall_04 (1)/wall_07_0000_04">
      <components>
        <string>Transform</string>
        <string>SpriteRenderer</string>
      </components>
    </SceneObject>
    <SceneObject path="wall_04 (1)/wall_07_0001_03 (1)">
      <components>
        <string>Transform</string>
        <string>SpriteRenderer</string>
      </components>
    </SceneObject>
    <SceneObject path="wall_04 (1)/wall_07_0001_03 (2)">
      <components>
        <string>Transform</string>
        <string>SpriteRenderer</string>
      </components>
    </SceneObject>
    <SceneObject path="wall_04 (1)/wall_07_0001_03 (3)">
      <components>
        <string>Transform</string>
        <string>SpriteRenderer</string>
      </components>
    </SceneObject>
    <SceneObject path="wall_04 (17)">
      <components>
        <string>Transform</string>
      </components>
    </SceneObject>
    <SceneObject path="wall_04 (17)/wall_07_0001_03">
      <components>
        <string>Transform</string>
        <string>SpriteRenderer</string>
      </components>
    </SceneObject>
    <SceneObject path="wall_04 (17)/wall_07_0000_04">
      <components>
        <string>Transform</string>
        <string>SpriteRenderer</string>
      </components>
    </SceneObject>
    <SceneObject path="_Camera Lock Zones">
      <components>
        <string>Transform</string>
      </components>
    </SceneObject>
    <SceneObject path="Roof Collider (3)">
      <components>
        <string>Transform</string>
        <string>PolygonCollider2D</string>
        <string>NonSlider</string>
        <string>PlayMakerCollisionEnter2D</string>
        <string>Roof</string>
      </components>
    </SceneObject>
    <SceneObject path="cd_FG_rock_20 (5)">
      <components>
        <string>Transform</string>
        <string>SpriteRenderer</string>
      </components>
    </SceneObject>
    <SceneObject path="wall_04 (14)">
      <components>
        <string>Transform</string>
      </components>
    </SceneObject>
    <SceneObject path="wall_04 (14)/wall_07_0001_03">
      <components>
        <string>Transform</string>
        <string>SpriteRenderer</string>
      </components>
    </SceneObject>
    <SceneObject path="wall_04 (14)/wall_07_0000_04">
      <components>
        <string>Transform</string>
        <string>SpriteRenderer</string>
      </components>
    </SceneObject>
    <SceneObject path="Crossroads Statue Small">
      <components>
        <string>Transform</string>
        <string>SpriteRenderer</string>
        <string>BoxCollider2D</string>
        <string>Breakable</string>
      </components>
    </SceneObject>
    <SceneObject path="Crossroads Statue Small/Particle_rocks_small">
      <components>
        <string>Transform</string>
        <string>ParticleSystem</string>
        <string>ParticleSystemRenderer</string>
      </components>
    </SceneObject>
    <SceneObject path="Crossroads Statue Small/Particle_rocks_long (1)">
      <components>
        <string>Transform</string>
        <string>ParticleSystem</string>
        <string>ParticleSystemRenderer</string>
      </components>
    </SceneObject>
    <SceneObject path="Crossroads Statue Small/stat_small_base">
      <components>
        <string>Transform</string>
        <string>SpriteRenderer</string>
      </components>
    </SceneObject>
    <SceneObject path="right_wall (1)">
      <components>
        <string>Transform</string>
      </components>
    </SceneObject>
    <SceneObject path="right_wall (1)/tut_wall_r_0005_01">
      <components>
        <string>Transform</string>
        <string>SpriteRenderer</string>
      </components>
    </SceneObject>
    <SceneObject path="right_wall (1)/tut_wall_r_0004_02">
      <components>
        <string>Transform</string>
        <string>SpriteRenderer</string>
      </components>
    </SceneObject>
    <SceneObject path="right_wall (1)/tut_wall_r_0003_03">
      <components>
        <string>Transform</string>
        <string>SpriteRenderer</string>
      </components>
    </SceneObject>
    <SceneObject path="right_wall (1)/tut_wall_r_0002_04">
      <components>
        <string>Transform</string>
        <string>SpriteRenderer</string>
      </components>
    </SceneObject>
    <SceneObject path="right_wall (1)/tut_wall_r_0001_05">
      <components>
        <string>Transform</string>
        <string>SpriteRenderer</string>
      </components>
    </SceneObject>
    <SceneObject path="right_wall (1)/tut_wall_r_0000_06">
      <components>
        <string>Transform</string>
        <string>SpriteRenderer</string>
      </components>
    </SceneObject>
    <SceneObject path="right_wall (1)/tut_wall_r_0002_04 (1)">
      <components>
        <string>Transform</string>
        <string>SpriteRenderer</string>
      </components>
    </SceneObject>
    <SceneObject path="right_wall (1)/tut_wall_r_0005_01 (1)">
      <components>
        <string>Transform</string>
        <string>SpriteRenderer</string>
      </components>
    </SceneObject>
    <SceneObject path="right_wall (1)/tut_wall_r_0005_01 (2)">
      <components>
        <string>Transform</string>
        <string>SpriteRenderer</string>
      </components>
    </SceneObject>
    <SceneObject path="right_wall (1)/tut_wall_r_0005_01 (3)">
      <components>
        <string>Transform</string>
        <string>SpriteRenderer</string>
      </components>
    </SceneObject>
    <SceneObject path="right_wall (1)/tut_wall_r_0005_01 (4)">
      <components>
        <string>Transform</string>
        <string>SpriteRenderer</string>
      </components>
    </SceneObject>
    <SceneObject path="right_wall (1)/tut_wall_r_0005_01 (5)">
      <components>
        <string>Transform</string>
        <string>SpriteRenderer</string>
      </components>
    </SceneObject>
    <SceneObject path="right_wall (1)/tut_wall_r_0005_01 (6)">
      <components>
        <string>Transform</string>
        <string>SpriteRenderer</string>
      </components>
    </SceneObject>
    <SceneObject path="_Markers">
      <components>
        <string>Transform</string>
      </components>
    </SceneObject>
    <SceneObject path="cd_FG_rock_20 (16)">
      <components>
        <string>Transform</string>
        <string>SpriteRenderer</string>
      </components>
    </SceneObject>
    <SceneObject path="wall_04 (8)">
      <components>
        <string>Transform</string>
      </components>
    </SceneObject>
    <SceneObject path="wall_04 (8)/wall_07_0001_03">
      <components>
        <string>Transform</string>
        <string>SpriteRenderer</string>
      </components>
    </SceneObject>
    <SceneObject path="wall_04 (8)/wall_07_0000_04">
      <components>
        <string>Transform</string>
        <string>SpriteRenderer</string>
      </components>
    </SceneObject>
    <SceneObject path="CameraLockArea (3)">
      <components>
        <string>Transform</string>
        <string>BoxCollider2D</string>
        <string>CameraLockArea</string>
      </components>
    </SceneObject>
    <SceneObject path="Crossroads Statue Horned">
      <components>
        <string>Transform</string>
        <string>SpriteRenderer</string>
      </components>
    </SceneObject>
    <SceneObject path="black_solid 413">
      <components>
        <string>Transform</string>
        <string>SpriteRenderer</string>
      </components>
    </SceneObject>
    <SceneObject path="Quake Floor">
      <components>
        <string>Transform</string>
        <string>BoxCollider2D</string>
        <string>PlayMakerFSM</string>
        <string>PersistentBoolItem</string>
        <string>PlayMakerFSM</string>
        <string>PlayMakerCollisionEnter2D</string>
        <string>PlayMakerCollisionExit2D</string>
        <string>AudioSource</string>
        <string>PlayMakerFixedUpdate</string>
      </components>
    </SceneObject>
    <SceneObject path="Quake Floor/Active">
      <components>
        <string>Transform</string>
      </components>
    </SceneObject>
    <SceneObject path="Quake Floor/Active/Sprite">
      <components>
        <string>Transform</string>
        <string>SpriteRenderer</string>
      </components>
    </SceneObject>
    <SceneObject path="Quake Floor/Active/Sprite/tut_wall_r_0005_01 (17)">
      <components>
        <string>Transform</string>
        <string>SpriteRenderer</string>
      </components>
    </SceneObject>
    <SceneObject path="Quake Floor/Active/Sprite/tut_wall_r_0005_01 (18)">
      <components>
        <string>Transform</string>
        <string>SpriteRenderer</string>
      </components>
    </SceneObject>
    <SceneObject path="Quake Floor/Active/Sprite/tut_wall_r_0005_01 (19)">
      <components>
        <string>Transform</string>
        <string>SpriteRenderer</string>
      </components>
    </SceneObject>
    <SceneObject path="Quake Floor/Active/Sprite/msk_generic_soft">
      <components>
        <string>Transform</string>
        <string>SpriteRenderer</string>
      </components>
    </SceneObject>
    <SceneObject path="Quake Floor/Active/floor_layered_0001_03 (1)">
      <components>
        <string>Transform</string>
        <string>SpriteRenderer</string>
      </components>
    </SceneObject>
    <SceneObject path="Quake Floor/Debris">
      <components>
        <string>Transform</string>
      </components>
    </SceneObject>
    <SceneObject path="Quake Floor/Effects">
      <components>
        <string>Transform</string>
      </components>
    </SceneObject>
    <SceneObject path="Quake Floor/Effects/Dust Collapse Small">
      <components>
        <string>Transform</string>
        <string>ParticleSystem</string>
        <string>ParticleSystemRenderer</string>
        <string>ParticleSystemAutoDestroy</string>
      </components>
    </SceneObject>
    <SceneObject path="Quake Floor/Effects/Crack 1">
      <components>
        <string>Transform</string>
        <string>MeshFilter</string>
        <string>MeshRenderer</string>
        <string>tk2dSprite</string>
        <string>tk2dSpriteAnimator</string>
        <string>PlayMakerFSM</string>
      </components>
    </SceneObject>
    <SceneObject path="Quake Floor/Effects/Crack 1 (1)">
      <components>
        <string>Transform</string>
        <string>MeshFilter</string>
        <string>MeshRenderer</string>
        <string>tk2dSprite</string>
        <string>tk2dSpriteAnimator</string>
        <string>PlayMakerFSM</string>
      </components>
    </SceneObject>
    <SceneObject path="Quake Floor/Inactive">
      <components>
        <string>Transform</string>
      </components>
    </SceneObject>
    <SceneObject path="Quake Floor/Pt Rocks">
      <components>
        <string>Transform</string>
        <string>ParticleSystem</string>
        <string>ParticleSystemRenderer</string>
      </components>
    </SceneObject>
    <SceneObject path="Quake Floor/Pt Break Rocks">
      <components>
        <string>Transform</string>
        <string>ParticleSystem</string>
        <string>ParticleSystemRenderer</string>
      </components>
    </SceneObject>
    <SceneObject path="wall_04 (10)">
      <components>
        <string>Transform</string>
      </components>
    </SceneObject>
    <SceneObject path="wall_04 (10)/wall_07_0001_03">
      <components>
        <string>Transform</string>
        <string>SpriteRenderer</string>
      </components>
    </SceneObject>
    <SceneObject path="wall_04 (10)/wall_07_0000_04">
      <components>
        <string>Transform</string>
        <string>SpriteRenderer</string>
      </components>
    </SceneObject>
    <SceneObject path="cd_FG_rock_20 (14)">
      <components>
        <string>Transform</string>
        <string>SpriteRenderer</string>
      </components>
    </SceneObject>
    <SceneObject path="cd_FG_rock_18 (6)">
      <components>
        <string>Transform</string>
      </components>
    </SceneObject>
    <SceneObject path="cd_FG_rock_18 (6)/roof_FG_rock_08_0005_01">
      <components>
        <string>Transform</string>
        <string>SpriteRenderer</string>
      </components>
    </SceneObject>
    <SceneObject path="cd_FG_rock_18 (6)/roof_FG_rock_08_0004_02">
      <components>
        <string>Transform</string>
        <string>SpriteRenderer</string>
      </components>
    </SceneObject>
    <SceneObject path="cd_FG_rock_18 (6)/roof_FG_rock_08_0002_04">
      <components>
        <string>Transform</string>
        <string>SpriteRenderer</string>
      </components>
    </SceneObject>
    <SceneObject path="cd_FG_rock_18 (6)/roof_FG_rock_08_0001_05">
      <components>
        <string>Transform</string>
        <string>SpriteRenderer</string>
      </components>
    </SceneObject>
    <SceneObject path="cd_FG_rock_18 (6)/roof_FG_rock_08_0000_06">
      <components>
        <string>Transform</string>
        <string>SpriteRenderer</string>
      </components>
    </SceneObject>
    <SceneObject path="floor_rubble_01 (3)">
      <components>
        <string>Transform</string>
        <string>SpriteRenderer</string>
      </components>
    </SceneObject>
    <SceneObject path="floor_rubble_01 (3)/floor_rubble_01">
      <components>
        <string>Transform</string>
        <string>SpriteRenderer</string>
      </components>
    </SceneObject>
    <SceneObject path="floor_rubble_01 (3)/floor_rubble_FG_01">
      <components>
        <string>Transform</string>
        <string>SpriteRenderer</string>
      </components>
    </SceneObject>
    <SceneObject path="floor_rubble_01 (3)/floor_rubble_FG_02">
      <components>
        <string>Transform</string>
        <string>SpriteRenderer</string>
      </components>
    </SceneObject>
    <SceneObject path="floor_rubble_01 (3)/floor_rubble_FG_03">
      <components>
        <string>Transform</string>
        <string>SpriteRenderer</string>
      </components>
    </SceneObject>
    <SceneObject path="cd_FG_rock_20 (15)">
      <components>
        <string>Transform</string>
        <string>SpriteRenderer</string>
      </components>
    </SceneObject>
    <SceneObject path="floor_rubble_01 (1)">
      <components>
        <string>Transform</string>
        <string>SpriteRenderer</string>
      </components>
    </SceneObject>
    <SceneObject path="floor_rubble_01 (1)/floor_rubble_01">
      <components>
        <string>Transform</string>
        <string>SpriteRenderer</string>
      </components>
    </SceneObject>
    <SceneObject path="floor_rubble_01 (1)/floor_rubble_FG_01">
      <components>
        <string>Transform</string>
        <string>SpriteRenderer</string>
      </components>
    </SceneObject>
    <SceneObject path="floor_rubble_01 (1)/floor_rubble_FG_02">
      <components>
        <string>Transform</string>
        <string>SpriteRenderer</string>
      </components>
    </SceneObject>
    <SceneObject path="floor_rubble_01 (1)/floor_rubble_FG_03">
      <components>
        <string>Transform</string>
        <string>SpriteRenderer</string>
      </components>
    </SceneObject>
    <SceneObject path="cd_FG_rock_20 (2)">
      <components>
        <string>Transform</string>
        <string>SpriteRenderer</string>
      </components>
    </SceneObject>
    <SceneObject path="floor_02 (3)">
      <components>
        <string>Transform</string>
      </components>
    </SceneObject>
    <SceneObject path="floor_02 (3)/floor_layered_0003_01">
      <components>
        <string>Transform</string>
        <string>SpriteRenderer</string>
      </components>
    </SceneObject>
    <SceneObject path="floor_02 (3)/floor_layered_0002_02">
      <components>
        <string>Transform</string>
        <string>SpriteRenderer</string>
      </components>
    </SceneObject>
    <SceneObject path="floor_02 (3)/floor_layered_0001_03">
      <components>
        <string>Transform</string>
        <string>SpriteRenderer</string>
      </components>
    </SceneObject>
    <SceneObject path="floor_02 (3)/floor_layered_0000_04">
      <components>
        <string>Transform</string>
        <string>SpriteRenderer</string>
      </components>
    </SceneObject>
    <SceneObject path="floor_02 (3)/floor_layered_0003_01 (1)">
      <components>
        <string>Transform</string>
        <string>SpriteRenderer</string>
      </components>
    </SceneObject>
    <SceneObject path="_SceneManager">
      <components>
        <string>Transform</string>
        <string>SceneManager</string>
        <string>PlayMakerFSM</string>
      </components>
    </SceneObject>
    <SceneObject path="CameraLockArea">
      <components>
        <string>Transform</string>
        <string>BoxCollider2D</string>
        <string>CameraLockArea</string>
      </components>
    </SceneObject>
    <SceneObject path="cd_FG_rock_20 (13)">
      <components>
        <string>Transform</string>
        <string>SpriteRenderer</string>
      </components>
    </SceneObject>
    <SceneObject path="wall_04 (15)">
      <components>
        <string>Transform</string>
      </components>
    </SceneObject>
    <SceneObject path="wall_04 (15)/wall_07_0001_03">
      <components>
        <string>Transform</string>
        <string>SpriteRenderer</string>
      </components>
    </SceneObject>
    <SceneObject path="wall_04 (15)/wall_07_0000_04">
      <components>
        <string>Transform</string>
        <string>SpriteRenderer</string>
      </components>
    </SceneObject>
    <SceneObject path="fog">
      <components>
        <string>Transform</string>
        <string>SpriteRenderer</string>
      </components>
    </SceneObject>
    <SceneObject path="Geo Rock 2">
      <components>
        <string>Transform</string>
        <string>GeoRock</string>
        <string>PlayMakerFSM</string>
        <string>MeshFilter</string>
        <string>MeshRenderer</string>
        <string>tk2dSprite</string>
        <string>tk2dSpriteAnimator</string>
        <string>BoxCollider2D</string>
        <string>PlayMakerFixedUpdate</string>
        <string>AudioSource</string>
        <string>NonBouncer</string>
      </components>
    </SceneObject>
    <SceneObject path="cd_FG_rock_20 (17)">
      <components>
        <string>Transform</string>
        <string>SpriteRenderer</string>
      </components>
    </SceneObject>
    <SceneObject path="wall_04 (18)">
      <components>
        <string>Transform</string>
      </components>
    </SceneObject>
    <SceneObject path="wall_04 (18)/wall_07_0001_03">
      <components>
        <string>Transform</string>
        <string>SpriteRenderer</string>
      </components>
    </SceneObject>
    <SceneObject path="wall_04 (18)/wall_07_0000_04">
      <components>
        <string>Transform</string>
        <string>SpriteRenderer</string>
      </components>
    </SceneObject>
    <SceneObject path="wall_04 (4)">
      <components>
        <string>Transform</string>
      </components>
    </SceneObject>
    <SceneObject path="wall_04 (4)/wall_07_0001_03">
      <components>
        <string>Transform</string>
        <string>SpriteRenderer</string>
      </components>
    </SceneObject>
    <SceneObject path="wall_04 (4)/wall_07_0000_04">
      <components>
        <string>Transform</string>
        <string>SpriteRenderer</string>
      </components>
    </SceneObject>
    <SceneObject path="black_solid 413 (1)">
      <components>
        <string>Transform</string>
        <string>SpriteRenderer</string>
      </components>
    </SceneObject>
    <SceneObject path="_Transition Gates">
      <components>
        <string>Transform</string>
      </components>
    </SceneObject>
    <SceneObject path="Roof Collider (2)">
      <components>
        <string>Transform</string>
        <string>PolygonCollider2D</string>
        <string>NonSlider</string>
        <string>PlayMakerCollisionEnter2D</string>
        <string>Roof</string>
      </components>
    </SceneObject>
  </sceneObjects>
</SceneData>