<?xml version="1.0" encoding="utf-8"?>
<SceneData xmlns:xsd="http://www.w3.org/2001/XMLSchema" xmlns:xsi="http://www.w3.org/2001/XMLSchema-instance" name="Cliffs_02_boss">
  <sceneObjects>
    <SceneObject path="Warrior">
      <components>
        <string>Transform</string>
      </components>
    </SceneObject>
    <SceneObject path="Warrior/Ghost Warrior Slug">
      <components>
        <string>Transform</string>
        <string>MeshRenderer</string>
        <string>MeshFilter</string>
        <string>tk2dSprite</string>
        <string>Rigidbody2D</string>
        <string>tk2dSpriteAnimator</string>
        <string>PlayMakerFixedUpdate</string>
        <string>AudioSource</string>
        <string>SetZ</string>
        <string>BoxCollider2D</string>
        <string>SpriteFlash</string>
        <string>PlayMakerFSM</string>
        <string>PlayMakerFSM</string>
        <string>PersonalObjectPool</string>
        <string>PlayMakerFSM</string>
        <string>PlayMakerFSM</string>
        <string>PlayMakerFSM</string>
        <string>PlayMakerCollisionEnter2D</string>
        <string>PlayMakerCollisionStay2D</string>
        <string>PlayMakerFSM</string>
        <string>DamageHero</string>
        <string>ExtraDamageable</string>
        <string>HealthManager</string>
        <string>EnemyDeathEffectsNoEffect</string>
        <string>EnemyHitEffectsGhost</string>
        <string>Recoil</string>
      </components>
    </SceneObject>
    <SceneObject path="Warrior/Ghost Warrior Slug/Idle Pt">
      <components>
        <string>Transform</string>
        <string>ParticleSystem</string>
        <string>ParticleSystemRenderer</string>
      </components>
    </SceneObject>
    <SceneObject path="Warrior/Ghost Warrior Slug/Rush">
      <components>
        <string>Transform</string>
        <string>MeshRenderer</string>
        <string>MeshFilter</string>
        <string>tk2dSprite</string>
        <string>tk2dSpriteAnimator</string>
      </components>
    </SceneObject>
    <SceneObject path="Warrior/Ghost Warrior Slug/Warp">
      <components>
        <string>Transform</string>
        <string>MeshRenderer</string>
        <string>MeshFilter</string>
        <string>tk2dSprite</string>
        <string>tk2dSpriteAnimator</string>
        <string>PlayMakerFSM</string>
        <string>DeactivateAfter2dtkAnimation</string>
      </components>
    </SceneObject>
    <SceneObject path="Warrior/Ghost Warrior Slug/Target">
      <components>
        <string>Transform</string>
      </components>
    </SceneObject>
    <SceneObject path="Warrior/Ghost Warrior Slug/White Flash">
      <components>
        <string>Transform</string>
        <string>SpriteRenderer</string>
        <string>SimpleFadeOut</string>
      </components>
    </SceneObject>
    <SceneObject path="Warrior/Ghost Warrior Slug/Attack Pt">
      <components>
        <string>Transform</string>
        <string>ParticleSystem</string>
        <string>ParticleSystemRenderer</string>
      </components>
    </SceneObject>
    <SceneObject path="Warrior/Ghost Warrior Slug/Warp Out">
      <components>
        <string>Transform</string>
        <string>MeshRenderer</string>
        <string>MeshFilter</string>
        <string>tk2dSprite</string>
        <string>tk2dSpriteAnimator</string>
        <string>PlayMakerFSM</string>
        <string>DeactivateAfter2dtkAnimation</string>
      </components>
    </SceneObject>
    <SceneObject path="Ghost Warrior NPC">
      <components>
        <string>Transform</string>
        <string>PlayMakerFSM</string>
        <string>PlayMakerFSM</string>
        <string>PlayMakerFSM</string>
        <string>BoxCollider2D</string>
        <string>AudioSource</string>
        <string>PlayMakerFixedUpdate</string>
      </components>
    </SceneObject>
    <SceneObject path="Ghost Warrior NPC/Character Sprite">
      <components>
        <string>Transform</string>
        <string>MeshRenderer</string>
        <string>MeshFilter</string>
        <string>tk2dSprite</string>
        <string>tk2dSpriteAnimator</string>
        <string>PlayMakerFSM</string>
        <string>SpriteFlash</string>
        <string>PlayMakerFSM</string>
      </components>
    </SceneObject>
    <SceneObject path="Ghost Warrior NPC/Base Glow">
      <components>
        <string>Transform</string>
        <string>MeshRenderer</string>
        <string>MeshFilter</string>
        <string>tk2dSprite</string>
        <string>tk2dSpriteAnimator</string>
        <string>PlayMakerFSM</string>
      </components>
    </SceneObject>
    <SceneObject path="Ghost Warrior NPC/Rush">
      <components>
        <string>Transform</string>
        <string>MeshRenderer</string>
        <string>MeshFilter</string>
        <string>tk2dSprite</string>
        <string>tk2dSpriteAnimator</string>
        <string>PlayMakerFSM</string>
      </components>
    </SceneObject>
    <SceneObject path="Ghost Warrior NPC/Idle Pt">
      <components>
        <string>Transform</string>
        <string>ParticleSystem</string>
        <string>ParticleSystemRenderer</string>
      </components>
    </SceneObject>
    <SceneObject path="Ghost Warrior NPC/Appear Range">
      <components>
        <string>Transform</string>
        <string>BoxCollider2D</string>
        <string>PlayMakerFSM</string>
      </components>
    </SceneObject>
    <SceneObject path="Ghost Warrior NPC/Dreamnail Hit">
      <components>
        <string>Transform</string>
        <string>PlayMakerFSM</string>
        <string>BoxCollider2D</string>
        <string>NonBouncer</string>
      </components>
    </SceneObject>
    <SceneObject path="Ghost Warrior NPC/Pin Range">
      <components>
        <string>Transform</string>
        <string>BoxCollider2D</string>
        <string>PlayMakerFSM</string>
      </components>
    </SceneObject>
    <SceneObject path="Ghost Warrior NPC/Unappear Range">
      <components>
        <string>Transform</string>
        <string>BoxCollider2D</string>
        <string>PlayMakerFSM</string>
      </components>
    </SceneObject>
    <SceneObject path="Ghost Warrior NPC/Away Pt">
      <components>
        <string>Transform</string>
        <string>ParticleSystem</string>
        <string>ParticleSystemRenderer</string>
      </components>
    </SceneObject>
    <SceneObject path="Ghost Warrior NPC/Burst">
      <components>
        <string>Transform</string>
        <string>MeshRenderer</string>
        <string>MeshFilter</string>
        <string>tk2dSprite</string>
        <string>tk2dSpriteAnimator</string>
      </components>
    </SceneObject>
    <SceneObject path="Ghost Warrior NPC/Prompt Marker">
      <components>
        <string>Transform</string>
        <string>SpriteRenderer</string>
      </components>
    </SceneObject>
    <SceneObject path="Ghost Warrior NPC/Warp">
      <components>
        <string>Transform</string>
        <string>MeshRenderer</string>
        <string>MeshFilter</string>
        <string>tk2dSprite</string>
        <string>tk2dSpriteAnimator</string>
        <string>PlayMakerFSM</string>
        <string>DeactivateAfter2dtkAnimation</string>
      </components>
    </SceneObject>
    <SceneObject path="Ghost Warrior NPC/White Flash">
      <components>
        <string>Transform</string>
        <string>SpriteRenderer</string>
        <string>SimpleFadeOut</string>
      </components>
    </SceneObject>
    <SceneObject path="Ghost Warrior NPC/Attack Pt">
      <components>
        <string>Transform</string>
        <string>ParticleSystem</string>
        <string>ParticleSystemRenderer</string>
      </components>
    </SceneObject>
    <SceneObject path="Ghost Warrior NPC/Vanish Glow">
      <components>
        <string>Transform</string>
        <string>SpriteRenderer</string>
        <string>PlayMakerFSM</string>
      </components>
    </SceneObject>
    <SceneObject path="Ghost Warrior NPC/Vanish Start Pt">
      <components>
        <string>Transform</string>
        <string>ParticleSystem</string>
        <string>ParticleSystemRenderer</string>
      </components>
    </SceneObject>
    <SceneObject path="Ghost Warrior NPC/Vanish Burst Pt">
      <components>
        <string>Transform</string>
        <string>ParticleSystem</string>
        <string>ParticleSystemRenderer</string>
      </components>
    </SceneObject>
    <SceneObject path="Ghost Warrior NPC/Vanish Get Pt">
      <components>
        <string>Transform</string>
        <string>ParticleSystem</string>
        <string>ParticleSystemRenderer</string>
      </components>
    </SceneObject>
    <SceneObject path="Ghost Warrior NPC/Wounded">
      <components>
        <string>Transform</string>
        <string>MeshRenderer</string>
        <string>MeshFilter</string>
        <string>tk2dSprite</string>
        <string>tk2dSpriteAnimator</string>
        <string>PlayMakerFSM</string>
      </components>
    </SceneObject>
  </sceneObjects>
</SceneData>