<?xml version="1.0" encoding="utf-8"?>
<SceneData xmlns:xsd="http://www.w3.org/2001/XMLSchema" xmlns:xsi="http://www.w3.org/2001/XMLSchema-instance" name="Cutscene_Boss_Door">
  <sceneObjects>
    <SceneObject path="_Scenery">
      <components>
        <string>Transform</string>
      </components>
    </SceneObject>
    <SceneObject path="Template-TileMap">
      <components>
        <string>Transform</string>
        <string>tk2dTileMap</string>
      </components>
    </SceneObject>
    <SceneObject path="Mask Break Cutscene">
      <components>
        <string>Transform</string>
        <string>Animator</string>
        <string>PlayMakerFSM</string>
        <string>CutsceneHelper</string>
      </components>
    </SceneObject>
    <SceneObject path="Mask Break Cutscene/Audio Player Actor">
      <components>
        <string>Transform</string>
        <string>AudioSource</string>
      </components>
    </SceneObject>
    <SceneObject path="Mask Break Cutscene/haze2 (1)">
      <components>
        <string>Transform</string>
        <string>SpriteRenderer</string>
      </components>
    </SceneObject>
    <SceneObject path="Mask Break Cutscene/white fader">
      <components>
        <string>Transform</string>
        <string>SpriteRenderer</string>
      </components>
    </SceneObject>
    <SceneObject path="Mask Break Cutscene/black_mask">
      <components>
        <string>Transform</string>
        <string>SpriteRenderer</string>
      </components>
    </SceneObject>
    <SceneObject path="Mask Break Cutscene/fader">
      <components>
        <string>Transform</string>
        <string>SpriteRenderer</string>
      </components>
    </SceneObject>
    <SceneObject path="Mask Break Cutscene/boss_door_fog (1)">
      <components>
        <string>Transform</string>
        <string>SpriteRenderer</string>
      </components>
    </SceneObject>
    <SceneObject path="Mask Break Cutscene/default_particles">
      <components>
        <string>Transform</string>
      </components>
    </SceneObject>
    <SceneObject path="Mask Break Cutscene/default_particles/immediate_BG">
      <components>
        <string>Transform</string>
        <string>ParticleSystem</string>
        <string>ParticleSystemRenderer</string>
      </components>
    </SceneObject>
    <SceneObject path="Mask Break Cutscene/default_particles/FG">
      <components>
        <string>Transform</string>
        <string>ParticleSystem</string>
        <string>ParticleSystemRenderer</string>
      </components>
    </SceneObject>
    <SceneObject path="Mask Break Cutscene/Door_Orange_Mist">
      <components>
        <string>Transform</string>
        <string>ParticleSystem</string>
        <string>ParticleSystemRenderer</string>
        <string>AudioSource</string>
      </components>
    </SceneObject>
    <SceneObject path="Mask Break Cutscene/boss_door_BG">
      <components>
        <string>Transform</string>
        <string>SpriteRenderer</string>
      </components>
    </SceneObject>
    <SceneObject path="Mask Break Cutscene/Stay Masks">
      <components>
        <string>Transform</string>
      </components>
    </SceneObject>
    <SceneObject path="Mask Break Cutscene/Stay Masks/Beast_Mask_Stay">
      <components>
        <string>Transform</string>
        <string>SpriteRenderer</string>
        <string>PlayMakerFSM</string>
      </components>
    </SceneObject>
    <SceneObject path="Mask Break Cutscene/Stay Masks/Teacher_Mask_Stay">
      <components>
        <string>Transform</string>
        <string>SpriteRenderer</string>
        <string>PlayMakerFSM</string>
      </components>
    </SceneObject>
    <SceneObject path="Mask Break Cutscene/Stay Masks/Watcher_Mask_Stay">
      <components>
        <string>Transform</string>
        <string>SpriteRenderer</string>
        <string>PlayMakerFSM</string>
      </components>
    </SceneObject>
    <SceneObject path="Mask Break Cutscene/Break Masks">
      <components>
        <string>Transform</string>
      </components>
    </SceneObject>
    <SceneObject path="Mask Break Cutscene/Break Masks/Mask Break Beast">
      <components>
        <string>Transform</string>
        <string>Animator</string>
      </components>
    </SceneObject>
    <SceneObject path="Mask Break Cutscene/Break Masks/Mask Break Beast/beast_mask_break000">
      <components>
        <string>Transform</string>
        <string>SpriteRenderer</string>
      </components>
    </SceneObject>
    <SceneObject path="Mask Break Cutscene/Break Masks/Mask Break Beast/beast_mask_break000/heart_crack0000">
      <components>
        <string>Transform</string>
        <string>SpriteRenderer</string>
      </components>
    </SceneObject>
    <SceneObject path="Mask Break Cutscene/Break Masks/Mask Break Beast/beast_mask_break000/mask_glow_death">
      <components>
        <string>Transform</string>
        <string>SpriteRenderer</string>
      </components>
    </SceneObject>
    <SceneObject path="Mask Break Cutscene/Break Masks/Mask Break Beast/beast_mask_break000/Particle Rest">
      <components>
        <string>Transform</string>
        <string>ParticleSystem</string>
        <string>ParticleSystemRenderer</string>
      </components>
    </SceneObject>
    <SceneObject path="Mask Break Cutscene/Break Masks/Mask Break Beast/beast_mask_break000/mask_glow_death 2">
      <components>
        <string>Transform</string>
        <string>SpriteRenderer</string>
      </components>
    </SceneObject>
    <SceneObject path="Mask Break Cutscene/Break Masks/Mask Break Teacher">
      <components>
        <string>Transform</string>
        <string>Animator</string>
      </components>
    </SceneObject>
    <SceneObject path="Mask Break Cutscene/Break Masks/Mask Break Teacher/beast_mask_break000">
      <components>
        <string>Transform</string>
        <string>SpriteRenderer</string>
      </components>
    </SceneObject>
    <SceneObject path="Mask Break Cutscene/Break Masks/Mask Break Teacher/beast_mask_break000/heart_crack0000">
      <components>
        <string>Transform</string>
        <string>SpriteRenderer</string>
      </components>
    </SceneObject>
    <SceneObject path="Mask Break Cutscene/Break Masks/Mask Break Teacher/beast_mask_break000/mask_glow_death">
      <components>
        <string>Transform</string>
        <string>SpriteRenderer</string>
      </components>
    </SceneObject>
    <SceneObject path="Mask Break Cutscene/Break Masks/Mask Break Teacher/beast_mask_break000/Particle Rest">
      <components>
        <string>Transform</string>
        <string>ParticleSystem</string>
        <string>ParticleSystemRenderer</string>
      </components>
    </SceneObject>
    <SceneObject path="Mask Break Cutscene/Break Masks/Mask Break Teacher/beast_mask_break000/mask_glow_death 2">
      <components>
        <string>Transform</string>
        <string>SpriteRenderer</string>
      </components>
    </SceneObject>
    <SceneObject path="Mask Break Cutscene/Break Masks/Mask Break Watcher">
      <components>
        <string>Transform</string>
        <string>Animator</string>
      </components>
    </SceneObject>
    <SceneObject path="Mask Break Cutscene/Break Masks/Mask Break Watcher/beast_mask_break000">
      <components>
        <string>Transform</string>
        <string>SpriteRenderer</string>
      </components>
    </SceneObject>
    <SceneObject path="Mask Break Cutscene/Break Masks/Mask Break Watcher/beast_mask_break000/heart_crack0000">
      <components>
        <string>Transform</string>
        <string>SpriteRenderer</string>
      </components>
    </SceneObject>
    <SceneObject path="Mask Break Cutscene/Break Masks/Mask Break Watcher/beast_mask_break000/mask_glow_death">
      <components>
        <string>Transform</string>
        <string>SpriteRenderer</string>
      </components>
    </SceneObject>
    <SceneObject path="Mask Break Cutscene/Break Masks/Mask Break Watcher/beast_mask_break000/Particle Rest">
      <components>
        <string>Transform</string>
        <string>ParticleSystem</string>
        <string>ParticleSystemRenderer</string>
      </components>
    </SceneObject>
    <SceneObject path="Mask Break Cutscene/Break Masks/Mask Break Watcher/beast_mask_break000/mask_glow_death 2">
      <components>
        <string>Transform</string>
        <string>SpriteRenderer</string>
      </components>
    </SceneObject>
    <SceneObject path="Mask Break Cutscene/boss_door_mid">
      <components>
        <string>Transform</string>
        <string>SpriteRenderer</string>
      </components>
    </SceneObject>
    <SceneObject path="Mask Break Cutscene/boss_door_fog">
      <components>
        <string>Transform</string>
        <string>SpriteRenderer</string>
      </components>
    </SceneObject>
    <SceneObject path="Template-TileMap Render Data">
      <components>
        <string>Transform</string>
      </components>
    </SceneObject>
    <SceneObject path="Template-TileMap Render Data/Scenemap">
      <components>
        <string>Transform</string>
      </components>
    </SceneObject>
    <SceneObject path="Template-TileMap Render Data/Scenemap/Chunk 0 0">
      <components>
        <string>Transform</string>
        <string>MeshFilter</string>
        <string>MeshRenderer</string>
        <string>EdgeCollider2D</string>
      </components>
    </SceneObject>
    <SceneObject path="_Camera Lock Zones">
      <components>
        <string>Transform</string>
      </components>
    </SceneObject>
    <SceneObject path="_Camera Lock Zones/CameraLockArea">
      <components>
        <string>Transform</string>
        <string>BoxCollider2D</string>
        <string>CameraLockArea</string>
      </components>
    </SceneObject>
    <SceneObject path="_Transition Gates">
      <components>
        <string>Transform</string>
      </components>
    </SceneObject>
    <SceneObject path="_Effects">
      <components>
        <string>Transform</string>
      </components>
    </SceneObject>
    <SceneObject path="_SceneManager">
      <components>
        <string>Transform</string>
        <string>SceneManager</string>
        <string>PlayMakerFSM</string>
      </components>
    </SceneObject>
    <SceneObject path="_Props">
      <components>
        <string>Transform</string>
      </components>
    </SceneObject>
    <SceneObject path="door1">
      <components>
        <string>Transform</string>
        <string>BoxCollider2D</string>
        <string>TransitionPoint</string>
      </components>
    </SceneObject>
    <SceneObject path="door1/Hazard Respawn Marker">
      <components>
        <string>Transform</string>
        <string>HazardRespawnMarker</string>
      </components>
    </SceneObject>
    <SceneObject path="door1/Prompt Marker">
      <components>
        <string>Transform</string>
      </components>
    </SceneObject>
    <SceneObject path="_Areas">
      <components>
        <string>Transform</string>
      </components>
    </SceneObject>
    <SceneObject path="black_solid 413">
      <components>
        <string>Transform</string>
        <string>SpriteRenderer</string>
      </components>
    </SceneObject>
    <SceneObject path="vignette_large_v01 (1)">
      <components>
        <string>Transform</string>
        <string>SpriteRenderer</string>
      </components>
    </SceneObject>
    <SceneObject path="_Items">
      <components>
        <string>Transform</string>
      </components>
    </SceneObject>
    <SceneObject path="_Managers">
      <components>
        <string>Transform</string>
      </components>
    </SceneObject>
    <SceneObject path="_Managers/PlayMaker Unity 2D">
      <components>
        <string>Transform</string>
        <string>PlayMakerFSM</string>
        <string>PlayMakerUnity2d</string>
        <string>PlayMakerCollisionEnter2D</string>
        <string>PlayMakerCollisionExit2D</string>
        <string>PlayMakerCollisionStay2D</string>
        <string>PlayMakerTriggerEnter2D</string>
        <string>PlayMakerTriggerExit2D</string>
        <string>PlayMakerTriggerStay2D</string>
      </components>
    </SceneObject>
    <SceneObject path="_Markers">
      <components>
        <string>Transform</string>
      </components>
    </SceneObject>
    <SceneObject path="_NPCs">
      <components>
        <string>Transform</string>
      </components>
    </SceneObject>
    <SceneObject path="_Enemies">
      <components>
        <string>Transform</string>
      </components>
    </SceneObject>
  </sceneObjects>
</SceneData>