<?xml version="1.0" encoding="utf-8"?>
<SceneData xmlns:xsd="http://www.w3.org/2001/XMLSchema" xmlns:xsi="http://www.w3.org/2001/XMLSchema-instance" name="Crossroads_10_boss">
  <sceneObjects>
    <SceneObject path="Battle Scene">
      <components>
        <string>Transform</string>
        <string>PlayMakerFSM</string>
        <string>BoxCollider2D</string>
        <string>PersistentBoolItem</string>
      </components>
    </SceneObject>
    <SceneObject path="Battle Scene/False Knight New">
      <components>
        <string>Transform</string>
        <string>MeshRenderer</string>
        <string>MeshFilter</string>
        <string>tk2dSprite</string>
        <string>tk2dSpriteAnimator</string>
        <string>Rigidbody2D</string>
        <string>PlayMakerFSM</string>
        <string>PlayMakerFSM</string>
        <string>AudioSource</string>
        <string>SpriteFlash</string>
        <string>PersonalObjectPool</string>
        <string>PlayMakerFixedUpdate</string>
        <string>DamageHero</string>
        <string>HealthManager</string>
        <string>EnemyDeathEffectsBlackKnight</string>
        <string>EnemyHitEffectsArmoured</string>
        <string>EnemyDreamnailReaction</string>
        <string>ExtraDamageable</string>
        <string>BoxCollider2D</string>
      </components>
    </SceneObject>
    <SceneObject path="Battle Scene/False Knight New/Roll Dust">
      <components>
        <string>Transform</string>
        <string>ParticleSystem</string>
        <string>ParticleSystemRenderer</string>
        <string>SetParticleScale</string>
      </components>
    </SceneObject>
    <SceneObject path="Battle Scene/False Knight New/Hitter">
      <components>
        <string>Transform</string>
        <string>MeshFilter</string>
        <string>MeshRenderer</string>
        <string>tk2dSprite</string>
        <string>tk2dSpriteAnimator</string>
        <string>NonBouncer</string>
        <string>SpriteFlash</string>
        <string>PlayMakerFSM</string>
        <string>DamageHero</string>
        <string>BoxCollider2D</string>
      </components>
    </SceneObject>
    <SceneObject path="Battle Scene/False Knight New/Jump Trail">
      <components>
        <string>Transform</string>
        <string>ParticleSystem</string>
        <string>ParticleSystemRenderer</string>
        <string>SetParticleScale</string>
      </components>
    </SceneObject>
    <SceneObject path="Battle Scene/False Knight New/FK Terrain Block">
      <components>
        <string>Transform</string>
        <string>BoxCollider2D</string>
        <string>NonThunker</string>
      </components>
    </SceneObject>
    <SceneObject path="Battle Scene/False Knight New/Head">
      <components>
        <string>Transform</string>
        <string>MeshFilter</string>
        <string>MeshRenderer</string>
        <string>tk2dSprite</string>
        <string>tk2dSpriteAnimator</string>
        <string>BoxCollider2D</string>
        <string>PlayMakerFSM</string>
        <string>SpriteFlash</string>
        <string>PlayMakerFixedUpdate</string>
        <string>InfectedEnemyEffects</string>
        <string>EnemyDeathEffects</string>
        <string>HealthManager</string>
        <string>ExtraDamageable</string>
      </components>
    </SceneObject>
    <SceneObject path="Battle Scene/False Knight New/Slam Effect">
      <components>
        <string>Transform</string>
        <string>MeshFilter</string>
        <string>MeshRenderer</string>
        <string>tk2dSprite</string>
        <string>tk2dSpriteAnimator</string>
        <string>DeactivateAfter2dtkAnimation</string>
      </components>
    </SceneObject>
    <SceneObject path="Battle Scene/False Knight New/Jump Slam Effect">
      <components>
        <string>Transform</string>
        <string>MeshFilter</string>
        <string>MeshRenderer</string>
        <string>tk2dSprite</string>
        <string>tk2dSpriteAnimator</string>
        <string>DeactivateAfter2dtkAnimation</string>
      </components>
    </SceneObject>
    <SceneObject path="Battle Scene/False Knight New/Death Head">
      <components>
        <string>Transform</string>
        <string>MeshFilter</string>
        <string>MeshRenderer</string>
        <string>tk2dSprite</string>
        <string>tk2dSpriteAnimator</string>
        <string>Rigidbody2D</string>
        <string>BoxCollider2D</string>
      </components>
    </SceneObject>
    <SceneObject path="Battle Scene/False Knight New/Staff">
      <components>
        <string>Transform</string>
        <string>SpriteRenderer</string>
        <string>Rigidbody2D</string>
        <string>BoxCollider2D</string>
        <string>ObjectBounce</string>
      </components>
    </SceneObject>
    <SceneObject path="Battle Scene/False Knight New/Staff/Staff Head">
      <components>
        <string>Transform</string>
        <string>SpriteRenderer</string>
        <string>CircleCollider2D</string>
        <string>PlayMakerFSM</string>
        <string>PlayMakerFixedUpdate</string>
      </components>
    </SceneObject>
    <SceneObject path="Battle Scene/False Knight New/Pool">
      <components>
        <string>Transform</string>
      </components>
    </SceneObject>
    <SceneObject path="Battle Scene/False Knight New/Geo Pool">
      <components>
        <string>Transform</string>
      </components>
    </SceneObject>
    <SceneObject path="Battle Scene/False Knight New/Slam Rocks">
      <components>
        <string>Transform</string>
        <string>ParticleSystem</string>
        <string>ParticleSystemRenderer</string>
        <string>SetParticleScale</string>
      </components>
    </SceneObject>
    <SceneObject path="Battle Scene/False Knight New/Rage Rocks">
      <components>
        <string>Transform</string>
        <string>ParticleSystem</string>
        <string>ParticleSystemRenderer</string>
        <string>SetParticleScale</string>
      </components>
    </SceneObject>
    <SceneObject path="Battle Scene/False Knight New/Tinger">
      <components>
        <string>Transform</string>
        <string>BoxCollider2D</string>
        <string>TinkEffect</string>
      </components>
    </SceneObject>
    <SceneObject path="Battle Scene/False Knight New/Armour Hit">
      <components>
        <string>Transform</string>
        <string>ParticleSystem</string>
        <string>ParticleSystemRenderer</string>
        <string>PlayMakerFSM</string>
      </components>
    </SceneObject>
    <SceneObject path="Battle Scene/False Knight New/Armour Smash">
      <components>
        <string>Transform</string>
        <string>ParticleSystem</string>
        <string>ParticleSystemRenderer</string>
      </components>
    </SceneObject>
    <SceneObject path="Battle Scene/False Knight New/Dust Land Large">
      <components>
        <string>Transform</string>
        <string>ParticleSystem</string>
        <string>ParticleSystemRenderer</string>
        <string>KeepWorldScalePositive</string>
      </components>
    </SceneObject>
    <SceneObject path="Battle Scene/False Knight New/Dust Hit Plume">
      <components>
        <string>Transform</string>
        <string>ParticleSystem</string>
        <string>ParticleSystemRenderer</string>
        <string>SetParticleScale</string>
      </components>
    </SceneObject>
    <SceneObject path="Battle Scene/Pre Battle Enemies">
      <components>
        <string>Transform</string>
      </components>
    </SceneObject>
    <SceneObject path="Battle Scene/Pre Battle Enemies/Zombie Barger">
      <components>
        <string>Transform</string>
        <string>MeshRenderer</string>
        <string>MeshFilter</string>
        <string>tk2dSprite</string>
        <string>Rigidbody2D</string>
        <string>tk2dSpriteAnimator</string>
        <string>PlayMakerFixedUpdate</string>
        <string>PlayMakerFSM</string>
        <string>AudioSource</string>
        <string>SetZ</string>
        <string>BoxCollider2D</string>
        <string>SpriteFlash</string>
        <string>PersistentBoolItem</string>
        <string>DamageHero</string>
        <string>LineOfSightDetector</string>
        <string>Recoil</string>
        <string>EnemyDreamnailReaction</string>
        <string>HealthManager</string>
        <string>ExtraDamageable</string>
        <string>Walker</string>
        <string>InfectedEnemyEffects</string>
        <string>EnemyDeathEffects</string>
      </components>
    </SceneObject>
    <SceneObject path="Battle Scene/Pre Battle Enemies/Zombie Barger/Charge Dust">
      <components>
        <string>Transform</string>
        <string>ParticleSystem</string>
        <string>ParticleSystemRenderer</string>
        <string>SetParticleScale</string>
      </components>
    </SceneObject>
    <SceneObject path="Battle Scene/Pre Battle Enemies/Zombie Barger/Attack Range">
      <components>
        <string>Transform</string>
        <string>BoxCollider2D</string>
        <string>PlayMakerUnity2DProxy</string>
        <string>PlayMakerTriggerStay</string>
        <string>AlertRange</string>
      </components>
    </SceneObject>
    <SceneObject path="Battle Scene/Pre Battle Enemies/Zombie Hornhead">
      <components>
        <string>Transform</string>
        <string>MeshRenderer</string>
        <string>MeshFilter</string>
        <string>tk2dSprite</string>
        <string>Rigidbody2D</string>
        <string>tk2dSpriteAnimator</string>
        <string>PlayMakerFSM</string>
        <string>BoxCollider2D</string>
        <string>AudioSource</string>
        <string>SetZ</string>
        <string>SpriteFlash</string>
        <string>PersistentBoolItem</string>
        <string>PlayMakerCollisionEnter2D</string>
        <string>PlayMakerCollisionStay2D</string>
        <string>DamageHero</string>
        <string>LineOfSightDetector</string>
        <string>Recoil</string>
        <string>EnemyDreamnailReaction</string>
        <string>InfectedEnemyEffects</string>
        <string>EnemyDeathEffects</string>
        <string>HealthManager</string>
        <string>ExtraDamageable</string>
        <string>Walker</string>
        <string>PlayMakerFixedUpdate</string>
      </components>
    </SceneObject>
    <SceneObject path="Battle Scene/Pre Battle Enemies/Zombie Hornhead/Attack Range">
      <components>
        <string>Transform</string>
        <string>BoxCollider2D</string>
        <string>PlayMakerTriggerStay</string>
        <string>AlertRange</string>
      </components>
    </SceneObject>
    <SceneObject path="Battle Scene/Pre Battle Enemies/Zombie Hornhead/Charge Dust">
      <components>
        <string>Transform</string>
        <string>ParticleSystem</string>
        <string>ParticleSystemRenderer</string>
        <string>SetParticleScale</string>
      </components>
    </SceneObject>
    <SceneObject path="Battle Scene/Pre Battle Enemies/Zombie Runner">
      <components>
        <string>Transform</string>
        <string>MeshRenderer</string>
        <string>MeshFilter</string>
        <string>tk2dSprite</string>
        <string>Rigidbody2D</string>
        <string>tk2dSpriteAnimator</string>
        <string>PlayMakerFixedUpdate</string>
        <string>PlayMakerFSM</string>
        <string>BoxCollider2D</string>
        <string>AudioSource</string>
        <string>SetZ</string>
        <string>SpriteFlash</string>
        <string>PersistentBoolItem</string>
        <string>DamageHero</string>
        <string>LineOfSightDetector</string>
        <string>Recoil</string>
        <string>EnemyDreamnailReaction</string>
        <string>InfectedEnemyEffects</string>
        <string>HealthManager</string>
        <string>ExtraDamageable</string>
        <string>Walker</string>
        <string>EnemyDeathEffects</string>
      </components>
    </SceneObject>
    <SceneObject path="Battle Scene/Pre Battle Enemies/Zombie Runner/Attack Range">
      <components>
        <string>Transform</string>
        <string>BoxCollider2D</string>
        <string>PlayMakerUnity2DProxy</string>
        <string>PlayMakerTriggerStay</string>
        <string>AlertRange</string>
      </components>
    </SceneObject>
    <SceneObject path="Battle Scene/Pre Battle Enemies/Zombie Runner/Charge Dust">
      <components>
        <string>Transform</string>
        <string>ParticleSystem</string>
        <string>ParticleSystemRenderer</string>
        <string>SetParticleScale</string>
      </components>
    </SceneObject>
    <SceneObject path="Battle Scene/FK Armour">
      <components>
        <string>Transform</string>
      </components>
    </SceneObject>
    <SceneObject path="Battle Scene/FK Armour/body">
      <components>
        <string>Transform</string>
        <string>SpriteRenderer</string>
      </components>
    </SceneObject>
    <SceneObject path="Battle Scene/FK Armour/staff_piece">
      <components>
        <string>Transform</string>
        <string>SpriteRenderer</string>
      </components>
    </SceneObject>
    <SceneObject path="Battle Scene/FK Armour/Tinger">
      <components>
        <string>Transform</string>
        <string>BoxCollider2D</string>
        <string>TinkEffect</string>
      </components>
    </SceneObject>
    <SceneObject path="Battle Scene/Music Region B">
      <components>
        <string>Transform</string>
        <string>BoxCollider2D</string>
        <string>MusicRegion</string>
      </components>
    </SceneObject>
    <SceneObject path="Battle Scene/CameraLockArea B">
      <components>
        <string>Transform</string>
        <string>BoxCollider2D</string>
        <string>CameraLockArea</string>
      </components>
    </SceneObject>
    <SceneObject path="Battle Scene/CameraLockArea B2">
      <components>
        <string>Transform</string>
        <string>BoxCollider2D</string>
        <string>CameraLockArea</string>
      </components>
    </SceneObject>
    <SceneObject path="Battle Scene/FK Floor">
      <components>
        <string>Transform</string>
        <string>PlayMakerFSM</string>
        <string>PlayMakerFixedUpdate</string>
      </components>
    </SceneObject>
    <SceneObject path="Battle Scene/FK Floor/Destroy Dust">
      <components>
        <string>Transform</string>
        <string>ParticleSystem</string>
        <string>ParticleSystemRenderer</string>
        <string>SetParticleScale</string>
      </components>
    </SceneObject>
    <SceneObject path="Battle Scene/FK Floor/Normal 1">
      <components>
        <string>Transform</string>
        <string>SpriteRenderer</string>
      </components>
    </SceneObject>
    <SceneObject path="Battle Scene/FK Floor/Normal 2">
      <components>
        <string>Transform</string>
        <string>SpriteRenderer</string>
      </components>
    </SceneObject>
    <SceneObject path="Battle Scene/FK Floor/Cracked 1">
      <components>
        <string>Transform</string>
        <string>SpriteRenderer</string>
      </components>
    </SceneObject>
    <SceneObject path="Battle Scene/FK Floor/Cracked 2">
      <components>
        <string>Transform</string>
        <string>SpriteRenderer</string>
      </components>
    </SceneObject>
    <SceneObject path="Battle Scene/FK Floor/Broken">
      <components>
        <string>Transform</string>
        <string>SpriteRenderer</string>
      </components>
    </SceneObject>
    <SceneObject path="Battle Scene/FK Floor/Floor">
      <components>
        <string>Transform</string>
        <string>BoxCollider2D</string>
        <string>BoxCollider2D</string>
        <string>BoxCollider2D</string>
      </components>
    </SceneObject>
    <SceneObject path="Battle Scene/FK Floor/Break Floor">
      <components>
        <string>Transform</string>
        <string>BoxCollider2D</string>
        <string>BoxCollider2D</string>
        <string>BoxCollider2D</string>
      </components>
    </SceneObject>
    <SceneObject path="Battle Scene/FK Floor/Floor Bit 1">
      <components>
        <string>Transform</string>
        <string>SpriteRenderer</string>
        <string>Rigidbody2D</string>
        <string>PolygonCollider2D</string>
      </components>
    </SceneObject>
    <SceneObject path="Battle Scene/FK Floor/Floor Bit 2">
      <components>
        <string>Transform</string>
        <string>SpriteRenderer</string>
        <string>Rigidbody2D</string>
        <string>PolygonCollider2D</string>
      </components>
    </SceneObject>
    <SceneObject path="Battle Scene/FK Floor/Floor Bit 3">
      <components>
        <string>Transform</string>
        <string>SpriteRenderer</string>
        <string>Rigidbody2D</string>
        <string>PolygonCollider2D</string>
      </components>
    </SceneObject>
    <SceneObject path="Battle Scene/FK Floor/Rubble">
      <components>
        <string>Transform</string>
      </components>
    </SceneObject>
    <SceneObject path="Battle Scene/Ceiling Dust">
      <components>
        <string>Transform</string>
        <string>ParticleSystem</string>
        <string>ParticleSystemRenderer</string>
        <string>SetParticleScale</string>
      </components>
    </SceneObject>
    <SceneObject path="Battle Scene/Crack Dust">
      <components>
        <string>Transform</string>
        <string>ParticleSystem</string>
        <string>ParticleSystemRenderer</string>
        <string>SetParticleScale</string>
      </components>
    </SceneObject>
    <SceneObject path="Battle Scene/FK Barrel Summon">
      <components>
        <string>Transform</string>
        <string>PlayMakerFSM</string>
        <string>PersonalObjectPool</string>
      </components>
    </SceneObject>
    <SceneObject path="Battle Scene/Rubble Fall">
      <components>
        <string>Transform</string>
        <string>ParticleSystem</string>
        <string>ParticleSystemRenderer</string>
      </components>
    </SceneObject>
    <SceneObject path="Battle Scene/Rage Dust">
      <components>
        <string>Transform</string>
        <string>ParticleSystem</string>
        <string>ParticleSystemRenderer</string>
        <string>SetParticleScale</string>
      </components>
    </SceneObject>
  </sceneObjects>
</SceneData>