<?xml version="1.0" encoding="utf-8"?>
<SceneData xmlns:xsd="http://www.w3.org/2001/XMLSchema" xmlns:xsi="http://www.w3.org/2001/XMLSchema-instance" name="Deepnest_East_15">
  <sceneObjects>
    <SceneObject path="health plant 01 break (2)">
      <components>
        <string>Transform</string>
        <string>SpriteRenderer</string>
        <string>Animator</string>
        <string>PlayFromRandomFrameMecanim</string>
      </components>
    </SceneObject>
    <SceneObject path="deep_back_mid (3)">
      <components>
        <string>Transform</string>
        <string>SpriteRenderer</string>
      </components>
    </SceneObject>
    <SceneObject path="_Markers">
      <components>
        <string>Transform</string>
      </components>
    </SceneObject>
    <SceneObject path="blue_door_0007_blue_vine_03 (2)">
      <components>
        <string>Transform</string>
        <string>SpriteRenderer</string>
      </components>
    </SceneObject>
    <SceneObject path="Health Cocoon">
      <components>
        <string>Transform</string>
        <string>MeshRenderer</string>
        <string>MeshFilter</string>
        <string>tk2dSprite</string>
        <string>tk2dSpriteAnimator</string>
        <string>BoxCollider2D</string>
        <string>PersistentBoolItem</string>
        <string>BoxCollider2D</string>
        <string>AudioSource</string>
        <string>HealthCocoon</string>
      </components>
    </SceneObject>
    <SceneObject path="Health Cocoon/haze2">
      <components>
        <string>Transform</string>
        <string>SpriteRenderer</string>
      </components>
    </SceneObject>
    <SceneObject path="Health Cocoon/Globs">
      <components>
        <string>Transform</string>
      </components>
    </SceneObject>
    <SceneObject path="Health Cocoon/Scuttlers">
      <components>
        <string>Transform</string>
      </components>
    </SceneObject>
    <SceneObject path="Health Cocoon/Base">
      <components>
        <string>Transform</string>
        <string>SpriteRenderer</string>
      </components>
    </SceneObject>
    <SceneObject path="Health Cocoon/Cocoon Cap">
      <components>
        <string>Transform</string>
        <string>SpriteRenderer</string>
        <string>Rigidbody2D</string>
        <string>PolygonCollider2D</string>
        <string>ObjectBounce</string>
        <string>PlayMakerFixedUpdate</string>
        <string>SpinSelf</string>
      </components>
    </SceneObject>
    <SceneObject path="Health Cocoon/Splat Effect">
      <components>
        <string>Transform</string>
        <string>MeshFilter</string>
        <string>MeshRenderer</string>
        <string>tk2dSprite</string>
        <string>tk2dSpriteAnimator</string>
      </components>
    </SceneObject>
    <SceneObject path="Health Cocoon/Splat Sprite">
      <components>
        <string>Transform</string>
        <string>MeshFilter</string>
        <string>MeshRenderer</string>
        <string>tk2dSprite</string>
      </components>
    </SceneObject>
    <SceneObject path="white_ash_scenery_0003_4">
      <components>
        <string>Transform</string>
        <string>SpriteRenderer</string>
      </components>
    </SceneObject>
    <SceneObject path="deep_mid_back2 (1)">
      <components>
        <string>Transform</string>
        <string>SpriteRenderer</string>
      </components>
    </SceneObject>
    <SceneObject path="outskirts_particles">
      <components>
        <string>Transform</string>
      </components>
    </SceneObject>
    <SceneObject path="outskirts_particles/wispy smoke BG">
      <components>
        <string>Transform</string>
        <string>ParticleSystem</string>
        <string>ParticleSystemRenderer</string>
      </components>
    </SceneObject>
    <SceneObject path="outskirts_particles/wispy smoke FG">
      <components>
        <string>Transform</string>
        <string>ParticleSystem</string>
        <string>ParticleSystemRenderer</string>
      </components>
    </SceneObject>
    <SceneObject path="outskirts_particles/wispy smoke BG (1)">
      <components>
        <string>Transform</string>
        <string>ParticleSystem</string>
        <string>ParticleSystemRenderer</string>
      </components>
    </SceneObject>
    <SceneObject path="bone_deep_0103_b_sil (11)">
      <components>
        <string>Transform</string>
        <string>SpriteRenderer</string>
      </components>
    </SceneObject>
    <SceneObject path="abyss_0006_blue_root_06 (2)">
      <components>
        <string>Transform</string>
        <string>SpriteRenderer</string>
      </components>
    </SceneObject>
    <SceneObject path="blue_door_0006_blue_vine_04">
      <components>
        <string>Transform</string>
        <string>SpriteRenderer</string>
      </components>
    </SceneObject>
    <SceneObject path="deep_floor_tilable2 (11)">
      <components>
        <string>Transform</string>
      </components>
    </SceneObject>
    <SceneObject path="deep_floor_tilable2 (11)/deep_floor 5">
      <components>
        <string>Transform</string>
      </components>
    </SceneObject>
    <SceneObject path="deep_floor_tilable2 (11)/deep_floor 5/GameObject">
      <components>
        <string>Transform</string>
      </components>
    </SceneObject>
    <SceneObject path="deep_floor_tilable2 (11)/deep_floor 5/bone_deep_0126_n (1)">
      <components>
        <string>Transform</string>
        <string>SpriteRenderer</string>
      </components>
    </SceneObject>
    <SceneObject path="deep_floor_tilable2 (11)/deep_floor 4">
      <components>
        <string>Transform</string>
      </components>
    </SceneObject>
    <SceneObject path="deep_floor_tilable2 (11)/deep_floor 4/bone_deep_0126_n">
      <components>
        <string>Transform</string>
        <string>SpriteRenderer</string>
      </components>
    </SceneObject>
    <SceneObject path="haze2 (1)">
      <components>
        <string>Transform</string>
        <string>SpriteRenderer</string>
      </components>
    </SceneObject>
    <SceneObject path="deepnest_stalactites (2)">
      <components>
        <string>Transform</string>
        <string>SpriteRenderer</string>
      </components>
    </SceneObject>
    <SceneObject path="bone_deep_0103_b_sil (14)">
      <components>
        <string>Transform</string>
        <string>SpriteRenderer</string>
      </components>
    </SceneObject>
    <SceneObject path="bone_deep_0103_b_sil (20)">
      <components>
        <string>Transform</string>
        <string>SpriteRenderer</string>
      </components>
    </SceneObject>
    <SceneObject path="deep_mid_back2 (2)">
      <components>
        <string>Transform</string>
        <string>SpriteRenderer</string>
      </components>
    </SceneObject>
    <SceneObject path="bone_deep_0103_b_sil (21)">
      <components>
        <string>Transform</string>
        <string>SpriteRenderer</string>
      </components>
    </SceneObject>
    <SceneObject path="_SceneManager">
      <components>
        <string>Transform</string>
        <string>SceneManager</string>
        <string>PlayMakerFSM</string>
      </components>
    </SceneObject>
    <SceneObject path="bone_deep_0103_b_sil (17)">
      <components>
        <string>Transform</string>
        <string>SpriteRenderer</string>
      </components>
    </SceneObject>
    <SceneObject path="bone_deep_0103_b_sil (12)">
      <components>
        <string>Transform</string>
        <string>SpriteRenderer</string>
      </components>
    </SceneObject>
    <SceneObject path="BlurPlane">
      <components>
        <string>Transform</string>
        <string>MeshFilter</string>
        <string>MeshRenderer</string>
        <string>BlurPlane</string>
      </components>
    </SceneObject>
    <SceneObject path="health plant 02 break">
      <components>
        <string>Transform</string>
        <string>BoxCollider2D</string>
        <string>SpriteRenderer</string>
        <string>Animator</string>
        <string>PlayFromRandomFrameMecanim</string>
        <string>Breakable</string>
        <string>NonBouncer</string>
      </components>
    </SceneObject>
    <SceneObject path="health plant 02 break/Particle_health_plant_pieces">
      <components>
        <string>Transform</string>
        <string>ParticleSystem</string>
        <string>ParticleSystemRenderer</string>
      </components>
    </SceneObject>
    <SceneObject path="health plant 02 break/hp1_base">
      <components>
        <string>Transform</string>
        <string>SpriteRenderer</string>
      </components>
    </SceneObject>
    <SceneObject path="health plant 02 break/Particle_health_plant_pieces_many">
      <components>
        <string>Transform</string>
        <string>ParticleSystem</string>
        <string>ParticleSystemRenderer</string>
      </components>
    </SceneObject>
    <SceneObject path="bone_deep_0103_b_sil (18)">
      <components>
        <string>Transform</string>
        <string>SpriteRenderer</string>
      </components>
    </SceneObject>
    <SceneObject path="blue_door_0006_blue_vine_04 (2)">
      <components>
        <string>Transform</string>
        <string>SpriteRenderer</string>
      </components>
    </SceneObject>
    <SceneObject path="health_plant_separate000 (3)">
      <components>
        <string>Transform</string>
        <string>SpriteRenderer</string>
        <string>Animator</string>
        <string>PlayFromRandomFrameMecanim</string>
      </components>
    </SceneObject>
    <SceneObject path="_Camera Lock Zones">
      <components>
        <string>Transform</string>
      </components>
    </SceneObject>
    <SceneObject path="deep_floor_tilable2 (8)">
      <components>
        <string>Transform</string>
      </components>
    </SceneObject>
    <SceneObject path="deep_floor_tilable2 (8)/deep_floor 5">
      <components>
        <string>Transform</string>
      </components>
    </SceneObject>
    <SceneObject path="deep_floor_tilable2 (8)/deep_floor 5/bone_deep_0127_n">
      <components>
        <string>Transform</string>
        <string>SpriteRenderer</string>
      </components>
    </SceneObject>
    <SceneObject path="deep_floor_tilable2 (8)/deep_floor 5/bone_deep_0126_n">
      <components>
        <string>Transform</string>
        <string>SpriteRenderer</string>
      </components>
    </SceneObject>
    <SceneObject path="deep_floor_tilable2 (8)/deep_floor 4">
      <components>
        <string>Transform</string>
      </components>
    </SceneObject>
    <SceneObject path="deep_floor_tilable2 (8)/deep_floor 4/bone_deep_0127_n">
      <components>
        <string>Transform</string>
        <string>SpriteRenderer</string>
      </components>
    </SceneObject>
    <SceneObject path="deep_floor_tilable2 (8)/deep_floor 4/bone_deep_0126_n">
      <components>
        <string>Transform</string>
        <string>SpriteRenderer</string>
      </components>
    </SceneObject>
    <SceneObject path="bone_deep_0103_b_sil (22)">
      <components>
        <string>Transform</string>
        <string>SpriteRenderer</string>
      </components>
    </SceneObject>
    <SceneObject path="deep_floor_tilable2 (7)">
      <components>
        <string>Transform</string>
      </components>
    </SceneObject>
    <SceneObject path="deep_floor_tilable2 (7)/deep_floor 5">
      <components>
        <string>Transform</string>
      </components>
    </SceneObject>
    <SceneObject path="deep_floor_tilable2 (7)/deep_floor 5/bone_deep_0127_n">
      <components>
        <string>Transform</string>
        <string>SpriteRenderer</string>
      </components>
    </SceneObject>
    <SceneObject path="deep_floor_tilable2 (7)/deep_floor 5/bone_deep_0126_n">
      <components>
        <string>Transform</string>
        <string>SpriteRenderer</string>
      </components>
    </SceneObject>
    <SceneObject path="deep_floor_tilable2 (7)/deep_floor 4">
      <components>
        <string>Transform</string>
      </components>
    </SceneObject>
    <SceneObject path="deep_floor_tilable2 (7)/deep_floor 4/bone_deep_0127_n">
      <components>
        <string>Transform</string>
        <string>SpriteRenderer</string>
      </components>
    </SceneObject>
    <SceneObject path="deep_floor_tilable2 (7)/deep_floor 4/bone_deep_0126_n">
      <components>
        <string>Transform</string>
        <string>SpriteRenderer</string>
      </components>
    </SceneObject>
    <SceneObject path="white_ash_scenery_0003_4 (1)">
      <components>
        <string>Transform</string>
        <string>SpriteRenderer</string>
      </components>
    </SceneObject>
    <SceneObject path="blue_door_0007_blue_vine_03">
      <components>
        <string>Transform</string>
        <string>SpriteRenderer</string>
      </components>
    </SceneObject>
    <SceneObject path="bone_deep_0103_b_sil (23)">
      <components>
        <string>Transform</string>
        <string>SpriteRenderer</string>
      </components>
    </SceneObject>
    <SceneObject path="blue_door_0004_blue_vine_06">
      <components>
        <string>Transform</string>
        <string>SpriteRenderer</string>
      </components>
    </SceneObject>
    <SceneObject path="_Transition Gates">
      <components>
        <string>Transform</string>
      </components>
    </SceneObject>
    <SceneObject path="deep_fg_small (43)">
      <components>
        <string>Transform</string>
      </components>
    </SceneObject>
    <SceneObject path="deep_fg_small (43)/bone_deep_0121_b 4">
      <components>
        <string>Transform</string>
        <string>SpriteRenderer</string>
      </components>
    </SceneObject>
    <SceneObject path="deep_fg_small (43)/deep_single_1b">
      <components>
        <string>Transform</string>
        <string>SpriteRenderer</string>
      </components>
    </SceneObject>
    <SceneObject path="deep_fg_small (43)/deep_single_1b (1)">
      <components>
        <string>Transform</string>
        <string>SpriteRenderer</string>
      </components>
    </SceneObject>
    <SceneObject path="abyss_0001_blue_root_10">
      <components>
        <string>Transform</string>
        <string>SpriteRenderer</string>
      </components>
    </SceneObject>
    <SceneObject path="white_ash_scenery_0004_5">
      <components>
        <string>Transform</string>
        <string>SpriteRenderer</string>
      </components>
    </SceneObject>
    <SceneObject path="_Areas">
      <components>
        <string>Transform</string>
      </components>
    </SceneObject>
    <SceneObject path="CameraLockArea">
      <components>
        <string>Transform</string>
        <string>BoxCollider2D</string>
        <string>CameraLockArea</string>
      </components>
    </SceneObject>
    <SceneObject path="deep_fg_small (48)">
      <components>
        <string>Transform</string>
      </components>
    </SceneObject>
    <SceneObject path="deep_fg_small (48)/bone_deep_0121_b 4">
      <components>
        <string>Transform</string>
        <string>SpriteRenderer</string>
      </components>
    </SceneObject>
    <SceneObject path="deep_fg_small (48)/deep_single_1b">
      <components>
        <string>Transform</string>
        <string>SpriteRenderer</string>
      </components>
    </SceneObject>
    <SceneObject path="deep_fg_small (48)/deep_single_1b (1)">
      <components>
        <string>Transform</string>
        <string>SpriteRenderer</string>
      </components>
    </SceneObject>
    <SceneObject path="deep_fg_1 (1)">
      <components>
        <string>Transform</string>
      </components>
    </SceneObject>
    <SceneObject path="deep_fg_1 (1)/bone_deep_0104_b">
      <components>
        <string>Transform</string>
        <string>SpriteRenderer</string>
      </components>
    </SceneObject>
    <SceneObject path="deep_fg_1 (1)/bone_deep_0103_b (4)">
      <components>
        <string>Transform</string>
        <string>SpriteRenderer</string>
      </components>
    </SceneObject>
    <SceneObject path="deep_fg_1 (1)/bone_deep_0103_b (8)">
      <components>
        <string>Transform</string>
        <string>SpriteRenderer</string>
      </components>
    </SceneObject>
    <SceneObject path="deep_fg_1 (1)/bone_deep_0103_b (5)">
      <components>
        <string>Transform</string>
        <string>SpriteRenderer</string>
      </components>
    </SceneObject>
    <SceneObject path="bone_deep_0122_b (2)">
      <components>
        <string>Transform</string>
        <string>SpriteRenderer</string>
      </components>
    </SceneObject>
    <SceneObject path="_Items">
      <components>
        <string>Transform</string>
      </components>
    </SceneObject>
    <SceneObject path="blue_door_0004_blue_vine_06 (2)">
      <components>
        <string>Transform</string>
        <string>SpriteRenderer</string>
      </components>
    </SceneObject>
    <SceneObject path="Template-TileMap Render Data">
      <components>
        <string>Transform</string>
      </components>
    </SceneObject>
    <SceneObject path="Template-TileMap Render Data/Scenemap">
      <components>
        <string>Transform</string>
      </components>
    </SceneObject>
    <SceneObject path="Template-TileMap Render Data/Scenemap/Chunk 0 0">
      <components>
        <string>Transform</string>
        <string>MeshFilter</string>
        <string>MeshRenderer</string>
        <string>EdgeCollider2D</string>
        <string>EdgeCollider2D</string>
      </components>
    </SceneObject>
    <SceneObject path="Template-TileMap Render Data/Scenemap/Chunk 0 1">
      <components>
        <string>Transform</string>
        <string>MeshFilter</string>
        <string>MeshRenderer</string>
        <string>EdgeCollider2D</string>
      </components>
    </SceneObject>
    <SceneObject path="deep_floor_tilable2 (9)">
      <components>
        <string>Transform</string>
      </components>
    </SceneObject>
    <SceneObject path="deep_floor_tilable2 (9)/deep_floor 5">
      <components>
        <string>Transform</string>
      </components>
    </SceneObject>
    <SceneObject path="deep_floor_tilable2 (9)/deep_floor 5/bone_deep_0127_n">
      <components>
        <string>Transform</string>
        <string>SpriteRenderer</string>
      </components>
    </SceneObject>
    <SceneObject path="deep_floor_tilable2 (9)/deep_floor 5/bone_deep_0126_n">
      <components>
        <string>Transform</string>
        <string>SpriteRenderer</string>
      </components>
    </SceneObject>
    <SceneObject path="deep_floor_tilable2 (9)/deep_floor 4">
      <components>
        <string>Transform</string>
      </components>
    </SceneObject>
    <SceneObject path="deep_floor_tilable2 (9)/deep_floor 4/bone_deep_0127_n">
      <components>
        <string>Transform</string>
        <string>SpriteRenderer</string>
      </components>
    </SceneObject>
    <SceneObject path="deep_floor_tilable2 (9)/deep_floor 4/bone_deep_0126_n">
      <components>
        <string>Transform</string>
        <string>SpriteRenderer</string>
      </components>
    </SceneObject>
    <SceneObject path="white_ash_scenery_0003_4 (2)">
      <components>
        <string>Transform</string>
        <string>SpriteRenderer</string>
      </components>
    </SceneObject>
    <SceneObject path="deep_back_mid (2)">
      <components>
        <string>Transform</string>
        <string>SpriteRenderer</string>
      </components>
    </SceneObject>
    <SceneObject path="deep_floor_tilable2 (5)">
      <components>
        <string>Transform</string>
      </components>
    </SceneObject>
    <SceneObject path="deep_floor_tilable2 (5)/deep_floor 5">
      <components>
        <string>Transform</string>
      </components>
    </SceneObject>
    <SceneObject path="deep_floor_tilable2 (5)/deep_floor 5/bone_deep_0127_n">
      <components>
        <string>Transform</string>
        <string>SpriteRenderer</string>
      </components>
    </SceneObject>
    <SceneObject path="deep_floor_tilable2 (5)/deep_floor 5/bone_deep_0126_n">
      <components>
        <string>Transform</string>
        <string>SpriteRenderer</string>
      </components>
    </SceneObject>
    <SceneObject path="deep_floor_tilable2 (5)/deep_floor 4">
      <components>
        <string>Transform</string>
      </components>
    </SceneObject>
    <SceneObject path="deep_floor_tilable2 (5)/deep_floor 4/bone_deep_0127_n">
      <components>
        <string>Transform</string>
        <string>SpriteRenderer</string>
      </components>
    </SceneObject>
    <SceneObject path="deep_floor_tilable2 (5)/deep_floor 4/bone_deep_0126_n">
      <components>
        <string>Transform</string>
        <string>SpriteRenderer</string>
      </components>
    </SceneObject>
    <SceneObject path="health plant 01 break">
      <components>
        <string>Transform</string>
        <string>SpriteRenderer</string>
        <string>Animator</string>
        <string>BoxCollider2D</string>
        <string>PlayFromRandomFrameMecanim</string>
        <string>NonBouncer</string>
        <string>Breakable</string>
      </components>
    </SceneObject>
    <SceneObject path="health plant 01 break/Particle_health_plant_pieces (1)">
      <components>
        <string>Transform</string>
        <string>ParticleSystem</string>
        <string>ParticleSystemRenderer</string>
      </components>
    </SceneObject>
    <SceneObject path="health plant 01 break/hp1_base">
      <components>
        <string>Transform</string>
        <string>SpriteRenderer</string>
      </components>
    </SceneObject>
    <SceneObject path="health plant 01 break/Particle_health_plant_pieces_long">
      <components>
        <string>Transform</string>
        <string>ParticleSystem</string>
        <string>ParticleSystemRenderer</string>
      </components>
    </SceneObject>
    <SceneObject path="blue_door_0004_blue_vine_06 (3)">
      <components>
        <string>Transform</string>
        <string>SpriteRenderer</string>
      </components>
    </SceneObject>
    <SceneObject path="white_ash_scenery_0007_8 (1)">
      <components>
        <string>Transform</string>
        <string>SpriteRenderer</string>
      </components>
    </SceneObject>
    <SceneObject path="abyss_0006_blue_root_06">
      <components>
        <string>Transform</string>
        <string>SpriteRenderer</string>
      </components>
    </SceneObject>
    <SceneObject path="deep_mid_back2 (3)">
      <components>
        <string>Transform</string>
        <string>SpriteRenderer</string>
      </components>
    </SceneObject>
    <SceneObject path="deep_floor_tilable (2)">
      <components>
        <string>Transform</string>
      </components>
    </SceneObject>
    <SceneObject path="deep_floor_tilable (2)/deep_floor 5">
      <components>
        <string>Transform</string>
      </components>
    </SceneObject>
    <SceneObject path="deep_floor_tilable (2)/deep_floor 5/bone_deep_0127_n">
      <components>
        <string>Transform</string>
        <string>SpriteRenderer</string>
      </components>
    </SceneObject>
    <SceneObject path="deep_floor_tilable (2)/deep_floor 5/bone_deep_0126_n">
      <components>
        <string>Transform</string>
        <string>SpriteRenderer</string>
      </components>
    </SceneObject>
    <SceneObject path="deep_floor_tilable (2)/deep_floor 5/GameObject">
      <components>
        <string>Transform</string>
      </components>
    </SceneObject>
    <SceneObject path="deep_floor_tilable (2)/deep_floor 4">
      <components>
        <string>Transform</string>
      </components>
    </SceneObject>
    <SceneObject path="deep_floor_tilable (2)/deep_floor 4/bone_deep_0127_n">
      <components>
        <string>Transform</string>
        <string>SpriteRenderer</string>
      </components>
    </SceneObject>
    <SceneObject path="deep_floor_tilable (2)/deep_floor 4/bone_deep_0126_n">
      <components>
        <string>Transform</string>
        <string>SpriteRenderer</string>
      </components>
    </SceneObject>
    <SceneObject path="blue_door_0004_blue_vine_06 (1)">
      <components>
        <string>Transform</string>
        <string>SpriteRenderer</string>
      </components>
    </SceneObject>
    <SceneObject path="health_plant_separate000 (1)">
      <components>
        <string>Transform</string>
        <string>SpriteRenderer</string>
        <string>Animator</string>
        <string>PlayFromRandomFrameMecanim</string>
      </components>
    </SceneObject>
    <SceneObject path="white_ash_scenery_0007_8 (2)">
      <components>
        <string>Transform</string>
        <string>SpriteRenderer</string>
      </components>
    </SceneObject>
    <SceneObject path="Template-TileMap">
      <components>
        <string>Transform</string>
        <string>tk2dTileMap</string>
      </components>
    </SceneObject>
    <SceneObject path="deep_fg_small (46)">
      <components>
        <string>Transform</string>
      </components>
    </SceneObject>
    <SceneObject path="deep_fg_small (46)/bone_deep_0121_b 4">
      <components>
        <string>Transform</string>
        <string>SpriteRenderer</string>
      </components>
    </SceneObject>
    <SceneObject path="deep_fg_small (46)/deep_single_1b">
      <components>
        <string>Transform</string>
        <string>SpriteRenderer</string>
      </components>
    </SceneObject>
    <SceneObject path="deep_fg_small (46)/deep_single_1b (1)">
      <components>
        <string>Transform</string>
        <string>SpriteRenderer</string>
      </components>
    </SceneObject>
    <SceneObject path="left1">
      <components>
        <string>Transform</string>
        <string>BoxCollider2D</string>
        <string>TransitionPoint</string>
        <string>GateSnap</string>
      </components>
    </SceneObject>
    <SceneObject path="left1/EnemyDetector">
      <components>
        <string>Transform</string>
        <string>BoxCollider2D</string>
        <string>PlayMakerFSM</string>
        <string>PlayMakerCollisionEnter2D</string>
      </components>
    </SceneObject>
    <SceneObject path="left1/Hazard Respawn Marker">
      <components>
        <string>Transform</string>
        <string>HazardRespawnMarker</string>
      </components>
    </SceneObject>
    <SceneObject path="left1/haze2 (3)">
      <components>
        <string>Transform</string>
        <string>SpriteRenderer</string>
      </components>
    </SceneObject>
    <SceneObject path="deep_fg_1">
      <components>
        <string>Transform</string>
      </components>
    </SceneObject>
    <SceneObject path="deep_fg_1/bone_deep_0104_b">
      <components>
        <string>Transform</string>
        <string>SpriteRenderer</string>
      </components>
    </SceneObject>
    <SceneObject path="deep_fg_1/bone_deep_0103_b">
      <components>
        <string>Transform</string>
        <string>SpriteRenderer</string>
      </components>
    </SceneObject>
    <SceneObject path="deep_fg_1/bone_deep_0102_b">
      <components>
        <string>Transform</string>
        <string>SpriteRenderer</string>
      </components>
    </SceneObject>
    <SceneObject path="deep_fg_1/bone_deep_0101_b">
      <components>
        <string>Transform</string>
        <string>SpriteRenderer</string>
      </components>
    </SceneObject>
    <SceneObject path="_Managers">
      <components>
        <string>Transform</string>
      </components>
    </SceneObject>
    <SceneObject path="_Managers/PlayMaker Unity 2D">
      <components>
        <string>Transform</string>
        <string>PlayMakerFSM</string>
        <string>PlayMakerUnity2d</string>
        <string>PlayMakerCollisionEnter2D</string>
        <string>PlayMakerCollisionExit2D</string>
        <string>PlayMakerCollisionStay2D</string>
        <string>PlayMakerTriggerEnter2D</string>
        <string>PlayMakerTriggerExit2D</string>
        <string>PlayMakerTriggerStay2D</string>
      </components>
    </SceneObject>
    <SceneObject path="health plant 01 break (1)">
      <components>
        <string>Transform</string>
        <string>SpriteRenderer</string>
        <string>Animator</string>
        <string>BoxCollider2D</string>
        <string>PlayFromRandomFrameMecanim</string>
        <string>NonBouncer</string>
        <string>Breakable</string>
      </components>
    </SceneObject>
    <SceneObject path="health plant 01 break (1)/Particle_health_plant_pieces (1)">
      <components>
        <string>Transform</string>
        <string>ParticleSystem</string>
        <string>ParticleSystemRenderer</string>
      </components>
    </SceneObject>
    <SceneObject path="health plant 01 break (1)/hp1_base">
      <components>
        <string>Transform</string>
        <string>SpriteRenderer</string>
      </components>
    </SceneObject>
    <SceneObject path="health plant 01 break (1)/Particle_health_plant_pieces_long">
      <components>
        <string>Transform</string>
        <string>ParticleSystem</string>
        <string>ParticleSystemRenderer</string>
      </components>
    </SceneObject>
    <SceneObject path="deep_fg_small (50)">
      <components>
        <string>Transform</string>
      </components>
    </SceneObject>
    <SceneObject path="deep_fg_small (50)/bone_deep_0121_b 4">
      <components>
        <string>Transform</string>
        <string>SpriteRenderer</string>
      </components>
    </SceneObject>
    <SceneObject path="deep_fg_small (50)/deep_single_1b">
      <components>
        <string>Transform</string>
        <string>SpriteRenderer</string>
      </components>
    </SceneObject>
    <SceneObject path="deep_fg_small (50)/deep_single_1b (1)">
      <components>
        <string>Transform</string>
        <string>SpriteRenderer</string>
      </components>
    </SceneObject>
    <SceneObject path="deep_back_mid (1)">
      <components>
        <string>Transform</string>
        <string>SpriteRenderer</string>
      </components>
    </SceneObject>
    <SceneObject path="deep_fg_small (45)">
      <components>
        <string>Transform</string>
      </components>
    </SceneObject>
    <SceneObject path="deep_fg_small (45)/bone_deep_0121_b 4">
      <components>
        <string>Transform</string>
        <string>SpriteRenderer</string>
      </components>
    </SceneObject>
    <SceneObject path="deep_fg_small (45)/deep_single_1b">
      <components>
        <string>Transform</string>
        <string>SpriteRenderer</string>
      </components>
    </SceneObject>
    <SceneObject path="deep_fg_small (45)/deep_single_1b (1)">
      <components>
        <string>Transform</string>
        <string>SpriteRenderer</string>
      </components>
    </SceneObject>
    <SceneObject path="deep_floor_tilable2 (4)">
      <components>
        <string>Transform</string>
      </components>
    </SceneObject>
    <SceneObject path="deep_floor_tilable2 (4)/deep_floor 5">
      <components>
        <string>Transform</string>
      </components>
    </SceneObject>
    <SceneObject path="deep_floor_tilable2 (4)/deep_floor 5/bone_deep_0127_n">
      <components>
        <string>Transform</string>
        <string>SpriteRenderer</string>
      </components>
    </SceneObject>
    <SceneObject path="deep_floor_tilable2 (4)/deep_floor 5/bone_deep_0126_n">
      <components>
        <string>Transform</string>
        <string>SpriteRenderer</string>
      </components>
    </SceneObject>
    <SceneObject path="deep_floor_tilable2 (4)/deep_floor 4">
      <components>
        <string>Transform</string>
      </components>
    </SceneObject>
    <SceneObject path="deep_floor_tilable2 (4)/deep_floor 4/bone_deep_0127_n">
      <components>
        <string>Transform</string>
        <string>SpriteRenderer</string>
      </components>
    </SceneObject>
    <SceneObject path="deep_floor_tilable2 (4)/deep_floor 4/bone_deep_0126_n">
      <components>
        <string>Transform</string>
        <string>SpriteRenderer</string>
      </components>
    </SceneObject>
    <SceneObject path="bone_deep_0122_b (3)">
      <components>
        <string>Transform</string>
        <string>SpriteRenderer</string>
      </components>
    </SceneObject>
    <SceneObject path="deep_floor_tilable2 (3)">
      <components>
        <string>Transform</string>
      </components>
    </SceneObject>
    <SceneObject path="deep_floor_tilable2 (3)/deep_floor 5">
      <components>
        <string>Transform</string>
      </components>
    </SceneObject>
    <SceneObject path="deep_floor_tilable2 (3)/deep_floor 5/bone_deep_0127_n">
      <components>
        <string>Transform</string>
        <string>SpriteRenderer</string>
      </components>
    </SceneObject>
    <SceneObject path="deep_floor_tilable2 (3)/deep_floor 5/bone_deep_0126_n">
      <components>
        <string>Transform</string>
        <string>SpriteRenderer</string>
      </components>
    </SceneObject>
    <SceneObject path="deep_floor_tilable2 (3)/deep_floor 4">
      <components>
        <string>Transform</string>
      </components>
    </SceneObject>
    <SceneObject path="deep_floor_tilable2 (3)/deep_floor 4/bone_deep_0127_n">
      <components>
        <string>Transform</string>
        <string>SpriteRenderer</string>
      </components>
    </SceneObject>
    <SceneObject path="deep_floor_tilable2 (3)/deep_floor 4/bone_deep_0126_n">
      <components>
        <string>Transform</string>
        <string>SpriteRenderer</string>
      </components>
    </SceneObject>
    <SceneObject path="_Props">
      <components>
        <string>Transform</string>
      </components>
    </SceneObject>
    <SceneObject path="blue_door_0006_blue_vine_04 (1)">
      <components>
        <string>Transform</string>
        <string>SpriteRenderer</string>
      </components>
    </SceneObject>
    <SceneObject path="deep_back_mid">
      <components>
        <string>Transform</string>
        <string>SpriteRenderer</string>
      </components>
    </SceneObject>
    <SceneObject path="deep_mid_back2 (4)">
      <components>
        <string>Transform</string>
        <string>SpriteRenderer</string>
      </components>
    </SceneObject>
    <SceneObject path="blue_door_0004_blue_vine_06 (7)">
      <components>
        <string>Transform</string>
        <string>SpriteRenderer</string>
      </components>
    </SceneObject>
    <SceneObject path="health_plant_separate000">
      <components>
        <string>Transform</string>
        <string>SpriteRenderer</string>
        <string>Animator</string>
        <string>PlayFromRandomFrameMecanim</string>
      </components>
    </SceneObject>
    <SceneObject path="abyss_0006_blue_root_06 (1)">
      <components>
        <string>Transform</string>
        <string>SpriteRenderer</string>
      </components>
    </SceneObject>
    <SceneObject path="bone_deep_0103_b_sil (13)">
      <components>
        <string>Transform</string>
        <string>SpriteRenderer</string>
      </components>
    </SceneObject>
    <SceneObject path="Roof Collider">
      <components>
        <string>Transform</string>
        <string>PolygonCollider2D</string>
        <string>NonSlider</string>
        <string>PlayMakerCollisionEnter2D</string>
        <string>Roof</string>
      </components>
    </SceneObject>
    <SceneObject path="blue_door_0004_blue_vine_06 (4)">
      <components>
        <string>Transform</string>
        <string>SpriteRenderer</string>
      </components>
    </SceneObject>
    <SceneObject path="_NPCs">
      <components>
        <string>Transform</string>
      </components>
    </SceneObject>
    <SceneObject path="blue_door_0009_blue_vine_01">
      <components>
        <string>Transform</string>
        <string>SpriteRenderer</string>
      </components>
    </SceneObject>
    <SceneObject path="temp fog">
      <components>
        <string>Transform</string>
        <string>SpriteRenderer</string>
      </components>
    </SceneObject>
    <SceneObject path="bone_deep_0103_b_sil (9)">
      <components>
        <string>Transform</string>
        <string>SpriteRenderer</string>
      </components>
    </SceneObject>
    <SceneObject path="white_ash_scenery_0007_8 (3)">
      <components>
        <string>Transform</string>
        <string>SpriteRenderer</string>
      </components>
    </SceneObject>
    <SceneObject path="_Enemies">
      <components>
        <string>Transform</string>
      </components>
    </SceneObject>
    <SceneObject path="bone_deep_0122_b (1)">
      <components>
        <string>Transform</string>
        <string>SpriteRenderer</string>
      </components>
    </SceneObject>
    <SceneObject path="bone_deep_0103_b_sil (8)">
      <components>
        <string>Transform</string>
        <string>SpriteRenderer</string>
      </components>
    </SceneObject>
    <SceneObject path="deep_mid_back2">
      <components>
        <string>Transform</string>
        <string>SpriteRenderer</string>
      </components>
    </SceneObject>
    <SceneObject path="health_plant_separate000 (2)">
      <components>
        <string>Transform</string>
        <string>SpriteRenderer</string>
        <string>Animator</string>
        <string>PlayFromRandomFrameMecanim</string>
      </components>
    </SceneObject>
    <SceneObject path="bone_deep_0103_b_sil (16)">
      <components>
        <string>Transform</string>
        <string>SpriteRenderer</string>
      </components>
    </SceneObject>
    <SceneObject path="bone_deep_0103_b_sil (7)">
      <components>
        <string>Transform</string>
        <string>SpriteRenderer</string>
      </components>
    </SceneObject>
    <SceneObject path="deep_fg_small (40)">
      <components>
        <string>Transform</string>
      </components>
    </SceneObject>
    <SceneObject path="deep_fg_small (40)/bone_deep_0121_b 4">
      <components>
        <string>Transform</string>
        <string>SpriteRenderer</string>
      </components>
    </SceneObject>
    <SceneObject path="deep_fg_small (40)/deep_single_1b">
      <components>
        <string>Transform</string>
        <string>SpriteRenderer</string>
      </components>
    </SceneObject>
    <SceneObject path="deep_fg_small (40)/deep_single_1b (1)">
      <components>
        <string>Transform</string>
        <string>SpriteRenderer</string>
      </components>
    </SceneObject>
    <SceneObject path="deep_fg_small (39)">
      <components>
        <string>Transform</string>
      </components>
    </SceneObject>
    <SceneObject path="deep_fg_small (39)/bone_deep_0121_b 4">
      <components>
        <string>Transform</string>
        <string>SpriteRenderer</string>
      </components>
    </SceneObject>
    <SceneObject path="deep_fg_small (39)/deep_single_1b">
      <components>
        <string>Transform</string>
        <string>SpriteRenderer</string>
      </components>
    </SceneObject>
    <SceneObject path="deep_fg_small (39)/deep_single_1b (1)">
      <components>
        <string>Transform</string>
        <string>SpriteRenderer</string>
      </components>
    </SceneObject>
    <SceneObject path="deep_fg_small (41)">
      <components>
        <string>Transform</string>
      </components>
    </SceneObject>
    <SceneObject path="deep_fg_small (41)/bone_deep_0121_b 4">
      <components>
        <string>Transform</string>
        <string>SpriteRenderer</string>
      </components>
    </SceneObject>
    <SceneObject path="deep_fg_small (41)/deep_single_1b">
      <components>
        <string>Transform</string>
        <string>SpriteRenderer</string>
      </components>
    </SceneObject>
    <SceneObject path="deep_fg_small (41)/deep_single_1b (1)">
      <components>
        <string>Transform</string>
        <string>SpriteRenderer</string>
      </components>
    </SceneObject>
    <SceneObject path="deep_fg_small (52)">
      <components>
        <string>Transform</string>
      </components>
    </SceneObject>
    <SceneObject path="deep_fg_small (52)/bone_deep_0121_b 4">
      <components>
        <string>Transform</string>
        <string>SpriteRenderer</string>
      </components>
    </SceneObject>
    <SceneObject path="deep_fg_small (52)/deep_single_1b">
      <components>
        <string>Transform</string>
        <string>SpriteRenderer</string>
      </components>
    </SceneObject>
    <SceneObject path="deep_fg_small (52)/deep_single_1b (1)">
      <components>
        <string>Transform</string>
        <string>SpriteRenderer</string>
      </components>
    </SceneObject>
    <SceneObject path="deep_detail_05">
      <components>
        <string>Transform</string>
        <string>SpriteRenderer</string>
      </components>
    </SceneObject>
    <SceneObject path="blue_door_0004_blue_vine_06 (5)">
      <components>
        <string>Transform</string>
        <string>SpriteRenderer</string>
      </components>
    </SceneObject>
    <SceneObject path="deepnest_stalactites (4)">
      <components>
        <string>Transform</string>
      </components>
    </SceneObject>
    <SceneObject path="deepnest_stalactites (4)/deepnest_stalactites (1)">
      <components>
        <string>Transform</string>
        <string>SpriteRenderer</string>
      </components>
    </SceneObject>
    <SceneObject path="deepnest_stalactites (4)/deepnest_stalactites (4)">
      <components>
        <string>Transform</string>
        <string>SpriteRenderer</string>
      </components>
    </SceneObject>
    <SceneObject path="deepnest_stalactites (4)/deepnest_stalactites (13)">
      <components>
        <string>Transform</string>
        <string>SpriteRenderer</string>
      </components>
    </SceneObject>
    <SceneObject path="deepnest_stalactites (4)/deepnest_stalactites (5)">
      <components>
        <string>Transform</string>
        <string>SpriteRenderer</string>
      </components>
    </SceneObject>
    <SceneObject path="deepnest_stalactites (4)/deepnest_stalactites (6)">
      <components>
        <string>Transform</string>
        <string>SpriteRenderer</string>
      </components>
    </SceneObject>
    <SceneObject path="deepnest_stalactites (4)/deepnest_stalactites (7)">
      <components>
        <string>Transform</string>
        <string>SpriteRenderer</string>
      </components>
    </SceneObject>
    <SceneObject path="deepnest_stalactites (4)/deepnest_stalactites (8)">
      <components>
        <string>Transform</string>
        <string>SpriteRenderer</string>
      </components>
    </SceneObject>
    <SceneObject path="deepnest_stalactites (4)/deepnest_stalactites (9)">
      <components>
        <string>Transform</string>
        <string>SpriteRenderer</string>
      </components>
    </SceneObject>
    <SceneObject path="deepnest_stalactites (4)/deepnest_stalactites (10)">
      <components>
        <string>Transform</string>
        <string>SpriteRenderer</string>
      </components>
    </SceneObject>
    <SceneObject path="black_solid 415 (1)">
      <components>
        <string>Transform</string>
        <string>SpriteRenderer</string>
      </components>
    </SceneObject>
    <SceneObject path="bone_deep_0103_b_sil (19)">
      <components>
        <string>Transform</string>
        <string>SpriteRenderer</string>
      </components>
    </SceneObject>
    <SceneObject path="white_ash_scenery_0002_3">
      <components>
        <string>Transform</string>
        <string>SpriteRenderer</string>
      </components>
    </SceneObject>
    <SceneObject path="deep_floor_tilable2 (6)">
      <components>
        <string>Transform</string>
      </components>
    </SceneObject>
    <SceneObject path="deep_floor_tilable2 (6)/deep_floor 5">
      <components>
        <string>Transform</string>
      </components>
    </SceneObject>
    <SceneObject path="deep_floor_tilable2 (6)/deep_floor 5/bone_deep_0127_n">
      <components>
        <string>Transform</string>
        <string>SpriteRenderer</string>
      </components>
    </SceneObject>
    <SceneObject path="deep_floor_tilable2 (6)/deep_floor 5/bone_deep_0126_n">
      <components>
        <string>Transform</string>
        <string>SpriteRenderer</string>
      </components>
    </SceneObject>
    <SceneObject path="deep_floor_tilable2 (6)/deep_floor 4">
      <components>
        <string>Transform</string>
      </components>
    </SceneObject>
    <SceneObject path="deep_floor_tilable2 (6)/deep_floor 4/bone_deep_0127_n">
      <components>
        <string>Transform</string>
        <string>SpriteRenderer</string>
      </components>
    </SceneObject>
    <SceneObject path="deep_floor_tilable2 (6)/deep_floor 4/bone_deep_0126_n">
      <components>
        <string>Transform</string>
        <string>SpriteRenderer</string>
      </components>
    </SceneObject>
    <SceneObject path="black_solid 415">
      <components>
        <string>Transform</string>
        <string>SpriteRenderer</string>
      </components>
    </SceneObject>
    <SceneObject path="abyss_0009_blue_root_09">
      <components>
        <string>Transform</string>
        <string>SpriteRenderer</string>
      </components>
    </SceneObject>
    <SceneObject path="deep_floor_tilable (3)">
      <components>
        <string>Transform</string>
      </components>
    </SceneObject>
    <SceneObject path="deep_floor_tilable (3)/deep_floor 5">
      <components>
        <string>Transform</string>
      </components>
    </SceneObject>
    <SceneObject path="deep_floor_tilable (3)/deep_floor 5/bone_deep_0127_n">
      <components>
        <string>Transform</string>
        <string>SpriteRenderer</string>
      </components>
    </SceneObject>
    <SceneObject path="deep_floor_tilable (3)/deep_floor 5/bone_deep_0126_n">
      <components>
        <string>Transform</string>
        <string>SpriteRenderer</string>
      </components>
    </SceneObject>
    <SceneObject path="deep_floor_tilable (3)/deep_floor 5/GameObject">
      <components>
        <string>Transform</string>
      </components>
    </SceneObject>
    <SceneObject path="deep_floor_tilable (3)/deep_floor 4">
      <components>
        <string>Transform</string>
      </components>
    </SceneObject>
    <SceneObject path="deep_floor_tilable (3)/deep_floor 4/bone_deep_0127_n">
      <components>
        <string>Transform</string>
        <string>SpriteRenderer</string>
      </components>
    </SceneObject>
    <SceneObject path="deep_floor_tilable (3)/deep_floor 4/bone_deep_0126_n">
      <components>
        <string>Transform</string>
        <string>SpriteRenderer</string>
      </components>
    </SceneObject>
    <SceneObject path="blue_door_0007_blue_vine_03 (1)">
      <components>
        <string>Transform</string>
        <string>SpriteRenderer</string>
      </components>
    </SceneObject>
    <SceneObject path="haze2 (2)">
      <components>
        <string>Transform</string>
        <string>SpriteRenderer</string>
      </components>
    </SceneObject>
    <SceneObject path="blue_door_0006_blue_vine_04 (3)">
      <components>
        <string>Transform</string>
        <string>SpriteRenderer</string>
      </components>
    </SceneObject>
    <SceneObject path="abyss_0008_blue_root_08">
      <components>
        <string>Transform</string>
        <string>SpriteRenderer</string>
      </components>
    </SceneObject>
    <SceneObject path="white_ash_scenery_0005_6 (1)">
      <components>
        <string>Transform</string>
        <string>SpriteRenderer</string>
      </components>
    </SceneObject>
    <SceneObject path="blue_door_0004_blue_vine_06 (6)">
      <components>
        <string>Transform</string>
        <string>SpriteRenderer</string>
      </components>
    </SceneObject>
    <SceneObject path="_Effects">
      <components>
        <string>Transform</string>
      </components>
    </SceneObject>
    <SceneObject path="deep_fg_small (51)">
      <components>
        <string>Transform</string>
      </components>
    </SceneObject>
    <SceneObject path="deep_fg_small (51)/bone_deep_0121_b 4">
      <components>
        <string>Transform</string>
        <string>SpriteRenderer</string>
      </components>
    </SceneObject>
    <SceneObject path="deep_fg_small (51)/deep_single_1b">
      <components>
        <string>Transform</string>
        <string>SpriteRenderer</string>
      </components>
    </SceneObject>
    <SceneObject path="deep_fg_small (51)/deep_single_1b (1)">
      <components>
        <string>Transform</string>
        <string>SpriteRenderer</string>
      </components>
    </SceneObject>
    <SceneObject path="abyss_0010_root_floor_02">
      <components>
        <string>Transform</string>
        <string>SpriteRenderer</string>
      </components>
    </SceneObject>
    <SceneObject path="deep_fg_small (44)">
      <components>
        <string>Transform</string>
      </components>
    </SceneObject>
    <SceneObject path="deep_fg_small (44)/bone_deep_0121_b 4">
      <components>
        <string>Transform</string>
        <string>SpriteRenderer</string>
      </components>
    </SceneObject>
    <SceneObject path="deep_fg_small (44)/deep_single_1b">
      <components>
        <string>Transform</string>
        <string>SpriteRenderer</string>
      </components>
    </SceneObject>
    <SceneObject path="deep_fg_small (44)/deep_single_1b (1)">
      <components>
        <string>Transform</string>
        <string>SpriteRenderer</string>
      </components>
    </SceneObject>
    <SceneObject path="bone_deep_0103_b_sil (15)">
      <components>
        <string>Transform</string>
        <string>SpriteRenderer</string>
      </components>
    </SceneObject>
    <SceneObject path="bone_deep_0103_b_sil (10)">
      <components>
        <string>Transform</string>
        <string>SpriteRenderer</string>
      </components>
    </SceneObject>
    <SceneObject path="deep_fg_small (49)">
      <components>
        <string>Transform</string>
      </components>
    </SceneObject>
    <SceneObject path="deep_fg_small (49)/bone_deep_0121_b 4">
      <components>
        <string>Transform</string>
        <string>SpriteRenderer</string>
      </components>
    </SceneObject>
    <SceneObject path="deep_fg_small (49)/deep_single_1b">
      <components>
        <string>Transform</string>
        <string>SpriteRenderer</string>
      </components>
    </SceneObject>
    <SceneObject path="deep_fg_small (49)/deep_single_1b (1)">
      <components>
        <string>Transform</string>
        <string>SpriteRenderer</string>
      </components>
    </SceneObject>
    <SceneObject path="deep_fg_small (47)">
      <components>
        <string>Transform</string>
      </components>
    </SceneObject>
    <SceneObject path="deep_fg_small (47)/bone_deep_0121_b 4">
      <components>
        <string>Transform</string>
        <string>SpriteRenderer</string>
      </components>
    </SceneObject>
    <SceneObject path="deep_fg_small (47)/deep_single_1b">
      <components>
        <string>Transform</string>
        <string>SpriteRenderer</string>
      </components>
    </SceneObject>
    <SceneObject path="deep_fg_small (47)/deep_single_1b (1)">
      <components>
        <string>Transform</string>
        <string>SpriteRenderer</string>
      </components>
    </SceneObject>
    <SceneObject path="bone_deep_0103_b_sil (6)">
      <components>
        <string>Transform</string>
        <string>SpriteRenderer</string>
      </components>
    </SceneObject>
    <SceneObject path="health plant 02 break (1)">
      <components>
        <string>Transform</string>
        <string>SpriteRenderer</string>
        <string>Animator</string>
        <string>PlayFromRandomFrameMecanim</string>
      </components>
    </SceneObject>
    <SceneObject path="_Scenery">
      <components>
        <string>Transform</string>
      </components>
    </SceneObject>
    <SceneObject path="deep_fg_small (42)">
      <components>
        <string>Transform</string>
      </components>
    </SceneObject>
    <SceneObject path="deep_fg_small (42)/bone_deep_0121_b 4">
      <components>
        <string>Transform</string>
        <string>SpriteRenderer</string>
      </components>
    </SceneObject>
    <SceneObject path="deep_fg_small (42)/deep_single_1b">
      <components>
        <string>Transform</string>
        <string>SpriteRenderer</string>
      </components>
    </SceneObject>
    <SceneObject path="deep_fg_small (42)/deep_single_1b (1)">
      <components>
        <string>Transform</string>
        <string>SpriteRenderer</string>
      </components>
    </SceneObject>
  </sceneObjects>
</SceneData>