<?xml version="1.0" encoding="utf-8"?>
<SceneData xmlns:xsd="http://www.w3.org/2001/XMLSchema" xmlns:xsi="http://www.w3.org/2001/XMLSchema-instance" name="Fungus1_04_boss">
  <sceneObjects>
    <SceneObject path="Hornet Saver">
      <components>
        <string>Transform</string>
      </components>
    </SceneObject>
    <SceneObject path="Hornet Saver/Colliders">
      <components>
        <string>Transform</string>
        <string>BoxCollider2D</string>
        <string>BoxCollider2D</string>
      </components>
    </SceneObject>
    <SceneObject path="Hornet Boss 1">
      <components>
        <string>Transform</string>
        <string>MeshFilter</string>
        <string>MeshRenderer</string>
        <string>tk2dSprite</string>
        <string>tk2dSpriteAnimator</string>
        <string>Rigidbody2D</string>
        <string>BoxCollider2D</string>
        <string>PlayMakerFSM</string>
        <string>SpriteFlash</string>
        <string>SetZ</string>
        <string>PlayMakerFSM</string>
        <string>AudioSource</string>
        <string>PlayMakerFixedUpdate</string>
        <string>DamageHero</string>
        <string>ExtraDamageable</string>
        <string>HealthManager</string>
        <string>EnemyDeathEffectsUninfected</string>
        <string>EnemyHitEffectsUninfected</string>
        <string>EnemyDreamnailReaction</string>
        <string>Recoil</string>
        <string>DeactivateIfPlayerdataTrue</string>
        <string>ConstrainPosition</string>
      </components>
    </SceneObject>
    <SceneObject path="Hornet Boss 1/Hit GDash">
      <components>
        <string>Transform</string>
        <string>PolygonCollider2D</string>
        <string>NonBouncer</string>
        <string>DamageHero</string>
      </components>
    </SceneObject>
    <SceneObject path="Hornet Boss 1/Hit ADash">
      <components>
        <string>Transform</string>
        <string>PolygonCollider2D</string>
        <string>NonBouncer</string>
        <string>DamageHero</string>
      </components>
    </SceneObject>
    <SceneObject path="Hornet Boss 1/A Dash Range">
      <components>
        <string>Transform</string>
        <string>PolygonCollider2D</string>
        <string>PlayMakerFSM</string>
      </components>
    </SceneObject>
    <SceneObject path="Hornet Boss 1/Sphere Ball">
      <components>
        <string>Transform</string>
        <string>MeshFilter</string>
        <string>MeshRenderer</string>
        <string>tk2dSprite</string>
        <string>tk2dSpriteAnimator</string>
        <string>NonBouncer</string>
        <string>CircleCollider2D</string>
        <string>PlayMakerFSM</string>
        <string>DamageHero</string>
      </components>
    </SceneObject>
    <SceneObject path="Hornet Boss 1/Needle">
      <components>
        <string>Transform</string>
        <string>MeshFilter</string>
        <string>MeshRenderer</string>
        <string>tk2dSprite</string>
        <string>tk2dSpriteAnimator</string>
        <string>NonBouncer</string>
        <string>PolygonCollider2D</string>
        <string>PlayMakerFSM</string>
        <string>Rigidbody2D</string>
        <string>DamageHero</string>
        <string>PlayMakerFixedUpdate</string>
      </components>
    </SceneObject>
    <SceneObject path="Hornet Boss 1/Needle/Thread">
      <components>
        <string>Transform</string>
        <string>MeshFilter</string>
        <string>MeshRenderer</string>
        <string>tk2dSprite</string>
        <string>tk2dSpriteAnimator</string>
        <string>DeactivateAfter2dtkAnimation</string>
      </components>
    </SceneObject>
    <SceneObject path="Hornet Boss 1/Needle/Needle Tink">
      <components>
        <string>Transform</string>
        <string>PlayMakerFSM</string>
        <string>BoxCollider2D</string>
        <string>AudioSource</string>
        <string>DeactivateIfPlayerdataTrue</string>
        <string>TinkEffect</string>
      </components>
    </SceneObject>
    <SceneObject path="Hornet Boss 1/Sphere Range">
      <components>
        <string>Transform</string>
        <string>CircleCollider2D</string>
        <string>PlayMakerFSM</string>
      </components>
    </SceneObject>
    <SceneObject path="Hornet Boss 1/Evade Check">
      <components>
        <string>Transform</string>
        <string>PlayMakerFSM</string>
        <string>BoxCollider2D</string>
        <string>PlayMakerFixedUpdate</string>
      </components>
    </SceneObject>
    <SceneObject path="Hornet Boss 1/Run Away Check">
      <components>
        <string>Transform</string>
        <string>PlayMakerFSM</string>
        <string>BoxCollider2D</string>
      </components>
    </SceneObject>
    <SceneObject path="Hornet Boss 1/Evade Range">
      <components>
        <string>Transform</string>
        <string>PlayMakerFSM</string>
        <string>BoxCollider2D</string>
        <string>PlayMakerFSM</string>
      </components>
    </SceneObject>
    <SceneObject path="Hornet Boss 1/A Dash Effect">
      <components>
        <string>Transform</string>
        <string>MeshFilter</string>
        <string>MeshRenderer</string>
        <string>tk2dSprite</string>
        <string>tk2dSpriteAnimator</string>
        <string>PlayMakerFSM</string>
      </components>
    </SceneObject>
    <SceneObject path="Hornet Boss 1/Dust HardLand">
      <components>
        <string>Transform</string>
        <string>ParticleSystem</string>
        <string>ParticleSystemRenderer</string>
        <string>SetParticleScale</string>
      </components>
    </SceneObject>
    <SceneObject path="Hornet Boss 1/G Dash Effect">
      <components>
        <string>Transform</string>
        <string>MeshFilter</string>
        <string>MeshRenderer</string>
        <string>tk2dSprite</string>
        <string>tk2dSpriteAnimator</string>
        <string>PlayMakerFSM</string>
      </components>
    </SceneObject>
    <SceneObject path="Hornet Boss 1/Flash Effect">
      <components>
        <string>Transform</string>
        <string>MeshFilter</string>
        <string>MeshRenderer</string>
        <string>tk2dSprite</string>
        <string>tk2dSpriteAnimator</string>
        <string>PlayMakerFSM</string>
      </components>
    </SceneObject>
    <SceneObject path="Hornet Boss 1/Throw Effect">
      <components>
        <string>Transform</string>
        <string>MeshFilter</string>
        <string>MeshRenderer</string>
        <string>tk2dSprite</string>
        <string>tk2dSpriteAnimator</string>
        <string>PlayMakerFSM</string>
      </components>
    </SceneObject>
    <SceneObject path="Hornet Boss 1/A Sphere Range">
      <components>
        <string>Transform</string>
        <string>PlayMakerFSM</string>
        <string>BoxCollider2D</string>
      </components>
    </SceneObject>
    <SceneObject path="Hornet Boss 1/Refight Range">
      <components>
        <string>Transform</string>
        <string>BoxCollider2D</string>
        <string>PlayMakerFSM</string>
      </components>
    </SceneObject>
    <SceneObject path="Cutscene Dreamer">
      <components>
        <string>Transform</string>
        <string>PlayMakerFSM</string>
      </components>
    </SceneObject>
    <SceneObject path="Cutscene Dreamer/Burst Pt">
      <components>
        <string>Transform</string>
        <string>ParticleSystem</string>
        <string>ParticleSystemRenderer</string>
      </components>
    </SceneObject>
    <SceneObject path="Cutscene Dreamer/White Flash">
      <components>
        <string>Transform</string>
        <string>SpriteRenderer</string>
        <string>SimpleSpriteFade</string>
      </components>
    </SceneObject>
    <SceneObject path="Cutscene Dreamer/Orb Pt">
      <components>
        <string>Transform</string>
        <string>ParticleSystem</string>
        <string>ParticleSystemRenderer</string>
      </components>
    </SceneObject>
    <SceneObject path="Cutscene Dreamer/Trail Pt">
      <components>
        <string>Transform</string>
        <string>ParticleSystem</string>
        <string>ParticleSystemRenderer</string>
      </components>
    </SceneObject>
    <SceneObject path="Cutscene Dreamer/Sprite">
      <components>
        <string>Transform</string>
        <string>MeshFilter</string>
        <string>MeshRenderer</string>
        <string>tk2dSprite</string>
        <string>tk2dSpriteAnimator</string>
        <string>PlayMakerFSM</string>
      </components>
    </SceneObject>
    <SceneObject path="Cutscene Dreamer/Sprite/Idle Pt">
      <components>
        <string>Transform</string>
        <string>ParticleSystem</string>
        <string>ParticleSystemRenderer</string>
      </components>
    </SceneObject>
    <SceneObject path="Cutscene Dreamer/Blast">
      <components>
        <string>Transform</string>
        <string>MeshFilter</string>
        <string>MeshRenderer</string>
        <string>tk2dSprite</string>
        <string>tk2dSpriteAnimator</string>
        <string>PlayMakerFSM</string>
      </components>
    </SceneObject>
    <SceneObject path="Music Region">
      <components>
        <string>Transform</string>
        <string>BoxCollider2D</string>
        <string>PlayMakerFSM</string>
      </components>
    </SceneObject>
    <SceneObject path="Dream Scene Activate">
      <components>
        <string>Transform</string>
        <string>PlayMakerFSM</string>
        <string>BoxCollider2D</string>
      </components>
    </SceneObject>
    <SceneObject path="Dreamer Scene 1">
      <components>
        <string>Transform</string>
        <string>BoxCollider2D</string>
        <string>PlayMakerFSM</string>
        <string>PlayMakerFixedUpdate</string>
      </components>
    </SceneObject>
    <SceneObject path="Dreamer Scene 1/Init Blast">
      <components>
        <string>Transform</string>
        <string>MeshFilter</string>
        <string>MeshRenderer</string>
        <string>tk2dSprite</string>
        <string>tk2dSpriteAnimator</string>
        <string>PlayMakerFSM</string>
      </components>
    </SceneObject>
    <SceneObject path="Dreamer Scene 1/Init Blast/Attack Pt">
      <components>
        <string>Transform</string>
        <string>ParticleSystem</string>
        <string>ParticleSystemRenderer</string>
      </components>
    </SceneObject>
    <SceneObject path="Dreamer Scene 1/Init Blast/White Flash">
      <components>
        <string>Transform</string>
        <string>SpriteRenderer</string>
        <string>PlayMakerFSM</string>
      </components>
    </SceneObject>
    <SceneObject path="Dreamer Scene 1/Summon Pt">
      <components>
        <string>Transform</string>
        <string>ParticleSystem</string>
        <string>ParticleSystemRenderer</string>
        <string>KeepWorldScalePositive</string>
      </components>
    </SceneObject>
    <SceneObject path="Dreamer Scene 1/Knight Lift">
      <components>
        <string>Transform</string>
        <string>MeshFilter</string>
        <string>MeshRenderer</string>
        <string>tk2dSprite</string>
        <string>tk2dSpriteAnimator</string>
        <string>PlayMakerFSM</string>
      </components>
    </SceneObject>
    <SceneObject path="Dreamer Scene 1/Pt Blast 1">
      <components>
        <string>Transform</string>
        <string>ParticleSystem</string>
        <string>ParticleSystemRenderer</string>
      </components>
    </SceneObject>
    <SceneObject path="Dreamer Scene 1/Pt Blast 2">
      <components>
        <string>Transform</string>
        <string>ParticleSystem</string>
        <string>ParticleSystemRenderer</string>
      </components>
    </SceneObject>
    <SceneObject path="Dreamer Scene 1/Pt Aftermath">
      <components>
        <string>Transform</string>
        <string>ParticleSystem</string>
        <string>ParticleSystemRenderer</string>
      </components>
    </SceneObject>
    <SceneObject path="Hornet Infected Knight Encounter">
      <components>
        <string>Transform</string>
        <string>MeshFilter</string>
        <string>MeshRenderer</string>
        <string>tk2dSprite</string>
        <string>tk2dSpriteAnimator</string>
        <string>BoxCollider2D</string>
        <string>PlayMakerFSM</string>
        <string>Rigidbody2D</string>
        <string>PlayMakerFixedUpdate</string>
        <string>AudioSource</string>
      </components>
    </SceneObject>
    <SceneObject path="Hornet Infected Knight Encounter/Thread">
      <components>
        <string>Transform</string>
        <string>MeshFilter</string>
        <string>MeshRenderer</string>
        <string>tk2dSprite</string>
        <string>tk2dSpriteAnimator</string>
      </components>
    </SceneObject>
    <SceneObject path="Hornet Infected Knight Encounter/Grass">
      <components>
        <string>Transform</string>
        <string>ParticleSystem</string>
        <string>ParticleSystemRenderer</string>
        <string>SetParticleScale</string>
      </components>
    </SceneObject>
    <SceneObject path="Hornet Infected Knight Encounter/Grass Escape">
      <components>
        <string>Transform</string>
        <string>ParticleSystem</string>
        <string>ParticleSystemRenderer</string>
        <string>SetParticleScale</string>
      </components>
    </SceneObject>
    <SceneObject path="Hornet Infected Knight Encounter/Attack Detect">
      <components>
        <string>Transform</string>
        <string>PlayMakerFSM</string>
        <string>BoxCollider2D</string>
        <string>NonBouncer</string>
      </components>
    </SceneObject>
    <SceneObject path="Hornet Infected Knight Encounter/Attack Detect">
      <components>
        <string>Transform</string>
        <string>PlayMakerFSM</string>
        <string>BoxCollider2D</string>
        <string>NonBouncer</string>
      </components>
    </SceneObject>
  </sceneObjects>
</SceneData>