<?xml version="1.0" encoding="utf-8"?>
<SceneData xmlns:xsd="http://www.w3.org/2001/XMLSchema" xmlns:xsi="http://www.w3.org/2001/XMLSchema-instance" name="Crossroads_10_boss_defeated">
  <sceneObjects>
    <SceneObject path="Broken">
      <components>
        <string>Transform</string>
        <string>SpriteRenderer</string>
      </components>
    </SceneObject>
    <SceneObject path="Prayer Room">
      <components>
        <string>Transform</string>
        <string>PlayMakerFSM</string>
      </components>
    </SceneObject>
    <SceneObject path="Prayer Room/Prayer Slug">
      <components>
        <string>Transform</string>
        <string>MeshRenderer</string>
        <string>MeshFilter</string>
        <string>tk2dSprite</string>
        <string>Rigidbody2D</string>
        <string>tk2dSpriteAnimator</string>
        <string>PlayMakerFixedUpdate</string>
        <string>AudioSource</string>
        <string>SetZ</string>
        <string>BoxCollider2D</string>
        <string>SpriteFlash</string>
        <string>PersistentBoolItem</string>
        <string>PlayMakerFSM</string>
        <string>FSMActivator</string>
        <string>PlayMakerCollisionEnter2D</string>
        <string>PlayMakerCollisionStay2D</string>
        <string>Recoil</string>
        <string>EnemyDreamnailReaction</string>
        <string>InfectedEnemyEffects</string>
        <string>EnemyDeathEffects</string>
        <string>HealthManager</string>
        <string>ExtraDamageable</string>
        <string>CircleCollider2D</string>
      </components>
    </SceneObject>
    <SceneObject path="Prayer Room/Prayer Slug/Wake Region">
      <components>
        <string>Transform</string>
        <string>BoxCollider2D</string>
        <string>PlayMakerFSM</string>
      </components>
    </SceneObject>
    <SceneObject path="Prayer Room/Prayer Slug (1)">
      <components>
        <string>Transform</string>
        <string>MeshRenderer</string>
        <string>MeshFilter</string>
        <string>tk2dSprite</string>
        <string>Rigidbody2D</string>
        <string>tk2dSpriteAnimator</string>
        <string>PlayMakerFixedUpdate</string>
        <string>AudioSource</string>
        <string>SetZ</string>
        <string>BoxCollider2D</string>
        <string>SpriteFlash</string>
        <string>PersistentBoolItem</string>
        <string>PlayMakerFSM</string>
        <string>FSMActivator</string>
        <string>PlayMakerCollisionEnter2D</string>
        <string>PlayMakerCollisionStay2D</string>
        <string>Recoil</string>
        <string>EnemyDreamnailReaction</string>
        <string>InfectedEnemyEffects</string>
        <string>EnemyDeathEffects</string>
        <string>HealthManager</string>
        <string>ExtraDamageable</string>
      </components>
    </SceneObject>
    <SceneObject path="Prayer Room/Prayer Slug (1)/Wake Region">
      <components>
        <string>Transform</string>
        <string>BoxCollider2D</string>
        <string>PlayMakerFSM</string>
      </components>
    </SceneObject>
    <SceneObject path="Prayer Room/FK Corpse">
      <components>
        <string>Transform</string>
        <string>PlayMakerFSM</string>
        <string>MeshFilter</string>
        <string>MeshRenderer</string>
        <string>tk2dSprite</string>
      </components>
    </SceneObject>
    <SceneObject path="Prayer Room/FK Corpse/Dream Enter">
      <components>
        <string>Transform</string>
        <string>BoxCollider2D</string>
        <string>PlayMakerFSM</string>
        <string>NonBouncer</string>
        <string>AudioSource</string>
        <string>NonBouncer</string>
        <string>PlayMakerFSM</string>
        <string>PlayMakerUnity2DProxy</string>
      </components>
    </SceneObject>
    <SceneObject path="Prayer Room/FK Corpse/Dream Enter/White Flash">
      <components>
        <string>Transform</string>
        <string>SpriteRenderer</string>
        <string>PlayMakerFSM</string>
      </components>
    </SceneObject>
    <SceneObject path="Prayer Room/FK Corpse/Dream Enter/Dream Impact">
      <components>
        <string>Transform</string>
        <string>MeshFilter</string>
        <string>MeshRenderer</string>
        <string>tk2dSprite</string>
        <string>tk2dSpriteAnimator</string>
        <string>PlayMakerFSM</string>
        <string>PlayMakerFSM</string>
      </components>
    </SceneObject>
    <SceneObject path="Prayer Room/FK Corpse/Dream Enter/Attack Pt">
      <components>
        <string>Transform</string>
        <string>ParticleSystem</string>
        <string>ParticleSystemRenderer</string>
      </components>
    </SceneObject>
    <SceneObject path="Prayer Room/FK Corpse/Base Glow">
      <components>
        <string>Transform</string>
        <string>MeshFilter</string>
        <string>MeshRenderer</string>
        <string>tk2dSprite</string>
        <string>tk2dSpriteAnimator</string>
        <string>PlayMakerFSM</string>
      </components>
    </SceneObject>
    <SceneObject path="Prayer Room/FK Corpse/Idle Pt">
      <components>
        <string>Transform</string>
        <string>ParticleSystem</string>
        <string>ParticleSystemRenderer</string>
      </components>
    </SceneObject>
    <SceneObject path="Prayer Room/candles">
      <components>
        <string>Transform</string>
      </components>
    </SceneObject>
    <SceneObject path="Prayer Room/candles/Candle 2 (2)">
      <components>
        <string>Transform</string>
        <string>SpriteRenderer</string>
        <string>BoxCollider2D</string>
        <string>NonBouncer</string>
        <string>Breakable</string>
      </components>
    </SceneObject>
    <SceneObject path="Prayer Room/candles/Candle 2 (2)/Flame_smoke (1)">
      <components>
        <string>Transform</string>
        <string>ParticleSystem</string>
        <string>ParticleSystemRenderer</string>
        <string>SetParticleScale</string>
      </components>
    </SceneObject>
    <SceneObject path="Prayer Room/candles/Candle 2 (2)/ruin_fossil_01_base">
      <components>
        <string>Transform</string>
        <string>SpriteRenderer</string>
      </components>
    </SceneObject>
    <SceneObject path="Prayer Room/candles/Candle 2 (2)/top_chunk">
      <components>
        <string>Transform</string>
        <string>SpriteRenderer</string>
        <string>ObjectBounce</string>
        <string>Rigidbody2D</string>
        <string>PolygonCollider2D</string>
        <string>SpinSelf</string>
      </components>
    </SceneObject>
    <SceneObject path="Prayer Room/candles/Candle 2 (2)/Active">
      <components>
        <string>Transform</string>
      </components>
    </SceneObject>
    <SceneObject path="Prayer Room/candles/Candle 2 (2)/Active/candle_flame0000">
      <components>
        <string>Transform</string>
        <string>SpriteRenderer</string>
        <string>Animator</string>
        <string>PlayFromRandomFrameMecanim</string>
      </components>
    </SceneObject>
    <SceneObject path="Prayer Room/candles/Candle 2 (2)/Active/candle glow">
      <components>
        <string>Transform</string>
        <string>SpriteRenderer</string>
        <string>Animator</string>
      </components>
    </SceneObject>
    <SceneObject path="Prayer Room/candles/Candle 2 (1)">
      <components>
        <string>Transform</string>
        <string>SpriteRenderer</string>
        <string>BoxCollider2D</string>
        <string>NonBouncer</string>
        <string>Breakable</string>
      </components>
    </SceneObject>
    <SceneObject path="Prayer Room/candles/Candle 2 (1)/Flame_smoke (1)">
      <components>
        <string>Transform</string>
        <string>ParticleSystem</string>
        <string>ParticleSystemRenderer</string>
        <string>SetParticleScale</string>
      </components>
    </SceneObject>
    <SceneObject path="Prayer Room/candles/Candle 2 (1)/ruin_fossil_01_base">
      <components>
        <string>Transform</string>
        <string>SpriteRenderer</string>
      </components>
    </SceneObject>
    <SceneObject path="Prayer Room/candles/Candle 2 (1)/top_chunk">
      <components>
        <string>Transform</string>
        <string>SpriteRenderer</string>
        <string>ObjectBounce</string>
        <string>Rigidbody2D</string>
        <string>PolygonCollider2D</string>
        <string>SpinSelf</string>
      </components>
    </SceneObject>
    <SceneObject path="Prayer Room/candles/Candle 2 (1)/Active">
      <components>
        <string>Transform</string>
      </components>
    </SceneObject>
    <SceneObject path="Prayer Room/candles/Candle 2 (1)/Active/candle_flame0000">
      <components>
        <string>Transform</string>
        <string>SpriteRenderer</string>
        <string>Animator</string>
        <string>PlayFromRandomFrameMecanim</string>
      </components>
    </SceneObject>
    <SceneObject path="Prayer Room/candles/Candle 2 (1)/Active/candle glow">
      <components>
        <string>Transform</string>
        <string>SpriteRenderer</string>
        <string>Animator</string>
      </components>
    </SceneObject>
    <SceneObject path="Prayer Room/candles/Candle 2">
      <components>
        <string>Transform</string>
        <string>SpriteRenderer</string>
        <string>BoxCollider2D</string>
        <string>NonBouncer</string>
        <string>Breakable</string>
      </components>
    </SceneObject>
    <SceneObject path="Prayer Room/candles/Candle 2/Flame_smoke (1)">
      <components>
        <string>Transform</string>
        <string>ParticleSystem</string>
        <string>ParticleSystemRenderer</string>
        <string>SetParticleScale</string>
      </components>
    </SceneObject>
    <SceneObject path="Prayer Room/candles/Candle 2/ruin_fossil_01_base">
      <components>
        <string>Transform</string>
        <string>SpriteRenderer</string>
      </components>
    </SceneObject>
    <SceneObject path="Prayer Room/candles/Candle 2/top_chunk">
      <components>
        <string>Transform</string>
        <string>SpriteRenderer</string>
        <string>ObjectBounce</string>
        <string>Rigidbody2D</string>
        <string>PolygonCollider2D</string>
        <string>SpinSelf</string>
      </components>
    </SceneObject>
    <SceneObject path="Prayer Room/candles/Candle 2/Active">
      <components>
        <string>Transform</string>
      </components>
    </SceneObject>
    <SceneObject path="Prayer Room/candles/Candle 2/Active/candle_flame0000">
      <components>
        <string>Transform</string>
        <string>SpriteRenderer</string>
        <string>Animator</string>
        <string>PlayFromRandomFrameMecanim</string>
      </components>
    </SceneObject>
    <SceneObject path="Prayer Room/candles/Candle 2/Active/candle glow">
      <components>
        <string>Transform</string>
        <string>SpriteRenderer</string>
        <string>Animator</string>
      </components>
    </SceneObject>
    <SceneObject path="Prayer Room/candles/Candle 1 (4)">
      <components>
        <string>Transform</string>
        <string>SpriteRenderer</string>
        <string>BoxCollider2D</string>
        <string>NonBouncer</string>
        <string>Breakable</string>
      </components>
    </SceneObject>
    <SceneObject path="Prayer Room/candles/Candle 1 (4)/Flame_smoke (1)">
      <components>
        <string>Transform</string>
        <string>ParticleSystem</string>
        <string>ParticleSystemRenderer</string>
        <string>SetParticleScale</string>
      </components>
    </SceneObject>
    <SceneObject path="Prayer Room/candles/Candle 1 (4)/ruin_fossil_01_base">
      <components>
        <string>Transform</string>
        <string>SpriteRenderer</string>
      </components>
    </SceneObject>
    <SceneObject path="Prayer Room/candles/Candle 1 (4)/top_chunk">
      <components>
        <string>Transform</string>
        <string>SpriteRenderer</string>
        <string>ObjectBounce</string>
        <string>Rigidbody2D</string>
        <string>PolygonCollider2D</string>
        <string>SpinSelf</string>
      </components>
    </SceneObject>
    <SceneObject path="Prayer Room/candles/Candle 1 (4)/Active">
      <components>
        <string>Transform</string>
      </components>
    </SceneObject>
    <SceneObject path="Prayer Room/candles/Candle 1 (4)/Active/candle_flame0000">
      <components>
        <string>Transform</string>
        <string>SpriteRenderer</string>
        <string>Animator</string>
        <string>PlayFromRandomFrameMecanim</string>
      </components>
    </SceneObject>
    <SceneObject path="Prayer Room/candles/Candle 1 (4)/Active/candle glow">
      <components>
        <string>Transform</string>
        <string>SpriteRenderer</string>
        <string>Animator</string>
      </components>
    </SceneObject>
    <SceneObject path="Prayer Room/candles/Candle 1 (3)">
      <components>
        <string>Transform</string>
        <string>SpriteRenderer</string>
        <string>BoxCollider2D</string>
        <string>NonBouncer</string>
        <string>Breakable</string>
      </components>
    </SceneObject>
    <SceneObject path="Prayer Room/candles/Candle 1 (3)/Flame_smoke (1)">
      <components>
        <string>Transform</string>
        <string>ParticleSystem</string>
        <string>ParticleSystemRenderer</string>
        <string>SetParticleScale</string>
      </components>
    </SceneObject>
    <SceneObject path="Prayer Room/candles/Candle 1 (3)/ruin_fossil_01_base">
      <components>
        <string>Transform</string>
        <string>SpriteRenderer</string>
      </components>
    </SceneObject>
    <SceneObject path="Prayer Room/candles/Candle 1 (3)/top_chunk">
      <components>
        <string>Transform</string>
        <string>SpriteRenderer</string>
        <string>ObjectBounce</string>
        <string>Rigidbody2D</string>
        <string>PolygonCollider2D</string>
        <string>SpinSelf</string>
      </components>
    </SceneObject>
    <SceneObject path="Prayer Room/candles/Candle 1 (3)/Active">
      <components>
        <string>Transform</string>
      </components>
    </SceneObject>
    <SceneObject path="Prayer Room/candles/Candle 1 (3)/Active/candle_flame0000">
      <components>
        <string>Transform</string>
        <string>SpriteRenderer</string>
        <string>Animator</string>
        <string>PlayFromRandomFrameMecanim</string>
      </components>
    </SceneObject>
    <SceneObject path="Prayer Room/candles/Candle 1 (3)/Active/candle glow">
      <components>
        <string>Transform</string>
        <string>SpriteRenderer</string>
        <string>Animator</string>
      </components>
    </SceneObject>
    <SceneObject path="Prayer Room/candles/Candle 1 (2)">
      <components>
        <string>Transform</string>
        <string>SpriteRenderer</string>
        <string>BoxCollider2D</string>
        <string>NonBouncer</string>
        <string>Breakable</string>
      </components>
    </SceneObject>
    <SceneObject path="Prayer Room/candles/Candle 1 (2)/Flame_smoke (1)">
      <components>
        <string>Transform</string>
        <string>ParticleSystem</string>
        <string>ParticleSystemRenderer</string>
        <string>SetParticleScale</string>
      </components>
    </SceneObject>
    <SceneObject path="Prayer Room/candles/Candle 1 (2)/ruin_fossil_01_base">
      <components>
        <string>Transform</string>
        <string>SpriteRenderer</string>
      </components>
    </SceneObject>
    <SceneObject path="Prayer Room/candles/Candle 1 (2)/top_chunk">
      <components>
        <string>Transform</string>
        <string>SpriteRenderer</string>
        <string>ObjectBounce</string>
        <string>Rigidbody2D</string>
        <string>PolygonCollider2D</string>
        <string>SpinSelf</string>
      </components>
    </SceneObject>
    <SceneObject path="Prayer Room/candles/Candle 1 (2)/Active">
      <components>
        <string>Transform</string>
      </components>
    </SceneObject>
    <SceneObject path="Prayer Room/candles/Candle 1 (2)/Active/candle_flame0000">
      <components>
        <string>Transform</string>
        <string>SpriteRenderer</string>
        <string>Animator</string>
        <string>PlayFromRandomFrameMecanim</string>
      </components>
    </SceneObject>
    <SceneObject path="Prayer Room/candles/Candle 1 (2)/Active/candle glow">
      <components>
        <string>Transform</string>
        <string>SpriteRenderer</string>
        <string>Animator</string>
      </components>
    </SceneObject>
    <SceneObject path="Prayer Room/candles/Candle 1 (1)">
      <components>
        <string>Transform</string>
        <string>SpriteRenderer</string>
        <string>BoxCollider2D</string>
        <string>NonBouncer</string>
        <string>Breakable</string>
      </components>
    </SceneObject>
    <SceneObject path="Prayer Room/candles/Candle 1 (1)/Flame_smoke (1)">
      <components>
        <string>Transform</string>
        <string>ParticleSystem</string>
        <string>ParticleSystemRenderer</string>
        <string>SetParticleScale</string>
      </components>
    </SceneObject>
    <SceneObject path="Prayer Room/candles/Candle 1 (1)/ruin_fossil_01_base">
      <components>
        <string>Transform</string>
        <string>SpriteRenderer</string>
      </components>
    </SceneObject>
    <SceneObject path="Prayer Room/candles/Candle 1 (1)/top_chunk">
      <components>
        <string>Transform</string>
        <string>SpriteRenderer</string>
        <string>ObjectBounce</string>
        <string>Rigidbody2D</string>
        <string>PolygonCollider2D</string>
        <string>SpinSelf</string>
      </components>
    </SceneObject>
    <SceneObject path="Prayer Room/candles/Candle 1 (1)/Active">
      <components>
        <string>Transform</string>
      </components>
    </SceneObject>
    <SceneObject path="Prayer Room/candles/Candle 1 (1)/Active/candle_flame0000">
      <components>
        <string>Transform</string>
        <string>SpriteRenderer</string>
        <string>Animator</string>
        <string>PlayFromRandomFrameMecanim</string>
      </components>
    </SceneObject>
    <SceneObject path="Prayer Room/candles/Candle 1 (1)/Active/candle glow">
      <components>
        <string>Transform</string>
        <string>SpriteRenderer</string>
        <string>Animator</string>
      </components>
    </SceneObject>
    <SceneObject path="Prayer Room/candles/Candle 1">
      <components>
        <string>Transform</string>
        <string>SpriteRenderer</string>
        <string>BoxCollider2D</string>
        <string>NonBouncer</string>
        <string>Breakable</string>
      </components>
    </SceneObject>
    <SceneObject path="Prayer Room/candles/Candle 1/Flame_smoke (1)">
      <components>
        <string>Transform</string>
        <string>ParticleSystem</string>
        <string>ParticleSystemRenderer</string>
        <string>SetParticleScale</string>
      </components>
    </SceneObject>
    <SceneObject path="Prayer Room/candles/Candle 1/ruin_fossil_01_base">
      <components>
        <string>Transform</string>
        <string>SpriteRenderer</string>
      </components>
    </SceneObject>
    <SceneObject path="Prayer Room/candles/Candle 1/top_chunk">
      <components>
        <string>Transform</string>
        <string>SpriteRenderer</string>
        <string>ObjectBounce</string>
        <string>Rigidbody2D</string>
        <string>PolygonCollider2D</string>
        <string>SpinSelf</string>
      </components>
    </SceneObject>
    <SceneObject path="Prayer Room/candles/Candle 1/Active">
      <components>
        <string>Transform</string>
      </components>
    </SceneObject>
    <SceneObject path="Prayer Room/candles/Candle 1/Active/candle_flame0000">
      <components>
        <string>Transform</string>
        <string>SpriteRenderer</string>
        <string>Animator</string>
        <string>PlayFromRandomFrameMecanim</string>
      </components>
    </SceneObject>
    <SceneObject path="Prayer Room/candles/Candle 1/Active/candle glow">
      <components>
        <string>Transform</string>
        <string>SpriteRenderer</string>
        <string>Animator</string>
      </components>
    </SceneObject>
    <SceneObject path="Prayer Room/candles/Ouiji_Cave_0001_candle_fg_04">
      <components>
        <string>Transform</string>
        <string>SpriteRenderer</string>
      </components>
    </SceneObject>
    <SceneObject path="Prayer Room/candles/Ouiji_Cave_0001_candle_fg_04/candle_flame0000 (1)">
      <components>
        <string>Transform</string>
        <string>SpriteRenderer</string>
        <string>Animator</string>
        <string>PlayFromRandomFrameMecanim</string>
      </components>
    </SceneObject>
    <SceneObject path="Prayer Room/candles/Ouiji_Cave_0001_candle_fg_04/candle_flame0000 (2)">
      <components>
        <string>Transform</string>
        <string>SpriteRenderer</string>
        <string>Animator</string>
        <string>PlayFromRandomFrameMecanim</string>
      </components>
    </SceneObject>
    <SceneObject path="Prayer Room/candles/Ouiji_Cave_0001_candle_fg_04/candle glow (1)">
      <components>
        <string>Transform</string>
        <string>SpriteRenderer</string>
        <string>Animator</string>
      </components>
    </SceneObject>
    <SceneObject path="Prayer Room/candles/Ouiji_Cave_0004_candle_fg_01">
      <components>
        <string>Transform</string>
        <string>SpriteRenderer</string>
      </components>
    </SceneObject>
    <SceneObject path="Prayer Room/candles/Ouiji_Cave_0004_candle_fg_01/candle glow (2)">
      <components>
        <string>Transform</string>
        <string>SpriteRenderer</string>
        <string>Animator</string>
      </components>
    </SceneObject>
    <SceneObject path="Prayer Room/candles/Ouiji_Cave_0004_candle_fg_01/candle_flame0000 (3)">
      <components>
        <string>Transform</string>
        <string>SpriteRenderer</string>
        <string>Animator</string>
        <string>PlayFromRandomFrameMecanim</string>
      </components>
    </SceneObject>
    <SceneObject path="Prayer Room/candles/Ouiji_Cave_0004_candle_fg_01/candle_flame0000 (4)">
      <components>
        <string>Transform</string>
        <string>SpriteRenderer</string>
        <string>Animator</string>
        <string>PlayFromRandomFrameMecanim</string>
      </components>
    </SceneObject>
    <SceneObject path="Prayer Room/candles/Ouiji_Cave_0004_candle_fg_01/candle_flame0000 (5)">
      <components>
        <string>Transform</string>
        <string>SpriteRenderer</string>
        <string>Animator</string>
        <string>PlayFromRandomFrameMecanim</string>
      </components>
    </SceneObject>
    <SceneObject path="EventSender">
      <components>
        <string>Transform</string>
        <string>SendPlaymakerEventOnEnable</string>
      </components>
    </SceneObject>
    <SceneObject path="FK Armour">
      <components>
        <string>Transform</string>
      </components>
    </SceneObject>
    <SceneObject path="FK Armour/body">
      <components>
        <string>Transform</string>
        <string>SpriteRenderer</string>
      </components>
    </SceneObject>
    <SceneObject path="FK Armour/staff_piece">
      <components>
        <string>Transform</string>
        <string>SpriteRenderer</string>
      </components>
    </SceneObject>
    <SceneObject path="FK Armour/Tinger">
      <components>
        <string>Transform</string>
        <string>BoxCollider2D</string>
        <string>TinkEffect</string>
      </components>
    </SceneObject>
    <SceneObject path="Floor">
      <components>
        <string>Transform</string>
        <string>BoxCollider2D</string>
        <string>BoxCollider2D</string>
        <string>BoxCollider2D</string>
      </components>
    </SceneObject>
  </sceneObjects>
</SceneData>