<?xml version="1.0" encoding="utf-8"?>
<SceneData xmlns:xsd="http://www.w3.org/2001/XMLSchema" xmlns:xsi="http://www.w3.org/2001/XMLSchema-instance" name="Abyss_Lighthouse_room">
  <sceneObjects>
    <SceneObject path="Lighthouse_Room_Interior_0002_11">
      <components>
        <string>Transform</string>
        <string>SpriteRenderer</string>
      </components>
    </SceneObject>
    <SceneObject path="_SceneManager">
      <components>
        <string>Transform</string>
        <string>SceneManager</string>
        <string>PlayMakerFSM</string>
        <string>PlayMakerFSM</string>
      </components>
    </SceneObject>
    <SceneObject path="Lighthouse_Room_Interior_0006_8">
      <components>
        <string>Transform</string>
        <string>SpriteRenderer</string>
      </components>
    </SceneObject>
    <SceneObject path="_Transition Gates">
      <components>
        <string>Transform</string>
      </components>
    </SceneObject>
    <SceneObject path="_Transition Gates/left1">
      <components>
        <string>Transform</string>
        <string>BoxCollider2D</string>
        <string>TransitionPoint</string>
        <string>GateSnap</string>
      </components>
    </SceneObject>
    <SceneObject path="_Transition Gates/left1/EnemyDetector">
      <components>
        <string>Transform</string>
        <string>BoxCollider2D</string>
        <string>PlayMakerFSM</string>
        <string>PlayMakerCollisionEnter2D</string>
      </components>
    </SceneObject>
    <SceneObject path="_Transition Gates/left1/Hazard Respawn Marker">
      <components>
        <string>Transform</string>
        <string>HazardRespawnMarker</string>
      </components>
    </SceneObject>
    <SceneObject path="_Transition Gates/left1/haze2 (3)">
      <components>
        <string>Transform</string>
        <string>SpriteRenderer</string>
      </components>
    </SceneObject>
    <SceneObject path="_Transition Gates/left1/haze2 (4)">
      <components>
        <string>Transform</string>
        <string>SpriteRenderer</string>
      </components>
    </SceneObject>
    <SceneObject path="_Transition Gates/left1/haze2 (5)">
      <components>
        <string>Transform</string>
        <string>SpriteRenderer</string>
      </components>
    </SceneObject>
    <SceneObject path="Dream Dialogue">
      <components>
        <string>Transform</string>
        <string>PlayMakerFSM</string>
        <string>BoxCollider2D</string>
        <string>NonBouncer</string>
      </components>
    </SceneObject>
    <SceneObject path="Dream Dialogue/Active Pt">
      <components>
        <string>Transform</string>
        <string>ParticleSystem</string>
        <string>ParticleSystemRenderer</string>
      </components>
    </SceneObject>
    <SceneObject path="Dream Dialogue/Impact Pt">
      <components>
        <string>Transform</string>
        <string>ParticleSystem</string>
        <string>ParticleSystemRenderer</string>
      </components>
    </SceneObject>
    <SceneObject path="_Managers">
      <components>
        <string>Transform</string>
      </components>
    </SceneObject>
    <SceneObject path="_Managers/PlayMaker Unity 2D">
      <components>
        <string>Transform</string>
        <string>PlayMakerFSM</string>
        <string>PlayMakerUnity2d</string>
        <string>PlayMakerCollisionEnter2D</string>
        <string>PlayMakerCollisionExit2D</string>
        <string>PlayMakerCollisionStay2D</string>
        <string>PlayMakerTriggerEnter2D</string>
        <string>PlayMakerTriggerExit2D</string>
        <string>PlayMakerTriggerStay2D</string>
      </components>
    </SceneObject>
    <SceneObject path="black_solid 413">
      <components>
        <string>Transform</string>
        <string>SpriteRenderer</string>
      </components>
    </SceneObject>
    <SceneObject path="TileMap Render Data">
      <components>
        <string>Transform</string>
      </components>
    </SceneObject>
    <SceneObject path="TileMap Render Data/Scenemap">
      <components>
        <string>Transform</string>
      </components>
    </SceneObject>
    <SceneObject path="TileMap Render Data/Scenemap/Chunk 0 0">
      <components>
        <string>Transform</string>
        <string>MeshFilter</string>
        <string>MeshRenderer</string>
        <string>EdgeCollider2D</string>
      </components>
    </SceneObject>
    <SceneObject path="TileMap Render Data/Scenemap/Chunk 0 1">
      <components>
        <string>Transform</string>
        <string>MeshFilter</string>
        <string>MeshRenderer</string>
        <string>EdgeCollider2D</string>
      </components>
    </SceneObject>
    <SceneObject path="TileMap Render Data/Scenemap/Chunk 1 0">
      <components>
        <string>Transform</string>
        <string>MeshFilter</string>
        <string>MeshRenderer</string>
        <string>EdgeCollider2D</string>
      </components>
    </SceneObject>
    <SceneObject path="TileMap Render Data/Scenemap/Chunk 1 1">
      <components>
        <string>Transform</string>
        <string>MeshFilter</string>
        <string>MeshRenderer</string>
        <string>EdgeCollider2D</string>
      </components>
    </SceneObject>
    <SceneObject path="Ruins Soul Vial">
      <components>
        <string>Transform</string>
        <string>SpriteRenderer</string>
        <string>BoxCollider2D</string>
        <string>PersistentBoolItem</string>
        <string>PlayMakerFSM</string>
        <string>Breakable</string>
      </components>
    </SceneObject>
    <SceneObject path="Ruins Soul Vial/glass_burst pole 1 (2)">
      <components>
        <string>Transform</string>
        <string>ParticleSystem</string>
        <string>ParticleSystemRenderer</string>
        <string>ParticleSystemAutoRecycle</string>
      </components>
    </SceneObject>
    <SceneObject path="Ruins Soul Vial/Top Chunk">
      <components>
        <string>Transform</string>
        <string>SpriteRenderer</string>
        <string>ObjectBounce</string>
        <string>Rigidbody2D</string>
        <string>PlayMakerFSM</string>
        <string>BoxCollider2D</string>
        <string>PlayMakerFixedUpdate</string>
      </components>
    </SceneObject>
    <SceneObject path="Ruins Soul Vial/Mid Chunk">
      <components>
        <string>Transform</string>
        <string>SpriteRenderer</string>
        <string>ObjectBounce</string>
        <string>Rigidbody2D</string>
        <string>PlayMakerFSM</string>
        <string>BoxCollider2D</string>
        <string>PlayMakerFixedUpdate</string>
      </components>
    </SceneObject>
    <SceneObject path="Ruins Soul Vial/Bot Chunk">
      <components>
        <string>Transform</string>
        <string>SpriteRenderer</string>
        <string>ObjectBounce</string>
        <string>Rigidbody2D</string>
        <string>PlayMakerFSM</string>
        <string>BoxCollider2D</string>
        <string>PlayMakerFixedUpdate</string>
      </components>
    </SceneObject>
    <SceneObject path="Ruins Soul Vial/Active">
      <components>
        <string>Transform</string>
      </components>
    </SceneObject>
    <SceneObject path="Ruins Soul Vial/Active/soul_cache">
      <components>
        <string>Transform</string>
      </components>
    </SceneObject>
    <SceneObject path="Ruins Soul Vial/Active/soul_cache/white_light">
      <components>
        <string>Transform</string>
        <string>SpriteRenderer</string>
      </components>
    </SceneObject>
    <SceneObject path="Ruins Soul Vial/Active/soul_cache/small_soul_cache">
      <components>
        <string>Transform</string>
        <string>SpriteRenderer</string>
        <string>Animator</string>
      </components>
    </SceneObject>
    <SceneObject path="Ruins Soul Vial/Active/soul_cache/small_soul_cache_glow">
      <components>
        <string>Transform</string>
        <string>SpriteRenderer</string>
        <string>Animator</string>
      </components>
    </SceneObject>
    <SceneObject path="Lighthouse_Room_Interior_0008_dark_lantern">
      <components>
        <string>Transform</string>
        <string>SpriteRenderer</string>
      </components>
    </SceneObject>
    <SceneObject path="_Items">
      <components>
        <string>Transform</string>
      </components>
    </SceneObject>
    <SceneObject path="white_corpse_single">
      <components>
        <string>Transform</string>
        <string>SpriteRenderer</string>
      </components>
    </SceneObject>
    <SceneObject path="ruin_room_particle_set">
      <components>
        <string>Transform</string>
      </components>
    </SceneObject>
    <SceneObject path="ruin_room_particle_set/immediate_BG">
      <components>
        <string>Transform</string>
        <string>ParticleSystem</string>
        <string>ParticleSystemRenderer</string>
      </components>
    </SceneObject>
    <SceneObject path="ruin_room_particle_set/FG">
      <components>
        <string>Transform</string>
        <string>ParticleSystem</string>
        <string>ParticleSystemRenderer</string>
      </components>
    </SceneObject>
    <SceneObject path="ruin_room_particle_set/FG (1)">
      <components>
        <string>Transform</string>
        <string>ParticleSystem</string>
        <string>ParticleSystemRenderer</string>
      </components>
    </SceneObject>
    <SceneObject path="TileMap">
      <components>
        <string>Transform</string>
        <string>tk2dTileMap</string>
      </components>
    </SceneObject>
    <SceneObject path="Ruins Vial Empty">
      <components>
        <string>Transform</string>
        <string>SpriteRenderer</string>
        <string>BoxCollider2D</string>
        <string>PersistentBoolItem</string>
        <string>PlayMakerFSM</string>
        <string>Breakable</string>
      </components>
    </SceneObject>
    <SceneObject path="Ruins Vial Empty/Bottom Chunk">
      <components>
        <string>Transform</string>
        <string>SpriteRenderer</string>
        <string>ObjectBounce</string>
        <string>Rigidbody2D</string>
        <string>BoxCollider2D</string>
        <string>SpinSelf</string>
      </components>
    </SceneObject>
    <SceneObject path="Ruins Vial Empty/Top Chunk">
      <components>
        <string>Transform</string>
        <string>SpriteRenderer</string>
        <string>ObjectBounce</string>
        <string>Rigidbody2D</string>
        <string>BoxCollider2D</string>
        <string>SpinSelf</string>
      </components>
    </SceneObject>
    <SceneObject path="Ruins Vial Empty/Active">
      <components>
        <string>Transform</string>
      </components>
    </SceneObject>
    <SceneObject path="Ruins Vial Empty/Active/soul_cache (1)">
      <components>
        <string>Transform</string>
      </components>
    </SceneObject>
    <SceneObject path="Ruins Vial Empty/Active/soul_cache (1)/white_light">
      <components>
        <string>Transform</string>
        <string>SpriteRenderer</string>
      </components>
    </SceneObject>
    <SceneObject path="Ruins Vial Empty/Active/soul_cache (1)/small_soul_cache">
      <components>
        <string>Transform</string>
        <string>SpriteRenderer</string>
        <string>Animator</string>
      </components>
    </SceneObject>
    <SceneObject path="Ruins Vial Empty/Active/soul_cache (1)/small_soul_cache_glow">
      <components>
        <string>Transform</string>
        <string>SpriteRenderer</string>
        <string>Animator</string>
      </components>
    </SceneObject>
    <SceneObject path="Lighthouse_Room_Interior_0003_10">
      <components>
        <string>Transform</string>
        <string>SpriteRenderer</string>
      </components>
    </SceneObject>
    <SceneObject path="Light Control">
      <components>
        <string>Transform</string>
        <string>PlayMakerFSM</string>
        <string>AudioSource</string>
      </components>
    </SceneObject>
    <SceneObject path="Light Control/Lighthouse_Room_Interior_0004_Layer-5">
      <components>
        <string>Transform</string>
        <string>SpriteRenderer</string>
        <string>PlayMakerFSM</string>
      </components>
    </SceneObject>
    <SceneObject path="Light Control/Lighthouse_Room_Interior_0007_lit_lantern">
      <components>
        <string>Transform</string>
        <string>SpriteRenderer</string>
        <string>PlayMakerFSM</string>
      </components>
    </SceneObject>
    <SceneObject path="Light Control/Pt Enter">
      <components>
        <string>Transform</string>
        <string>ParticleSystem</string>
        <string>ParticleSystemRenderer</string>
      </components>
    </SceneObject>
    <SceneObject path="Light Control/Pt Glow">
      <components>
        <string>Transform</string>
        <string>ParticleSystem</string>
        <string>ParticleSystemRenderer</string>
      </components>
    </SceneObject>
    <SceneObject path="Ruins Lever">
      <components>
        <string>Transform</string>
        <string>MeshRenderer</string>
        <string>MeshFilter</string>
        <string>tk2dSprite</string>
        <string>tk2dSpriteAnimator</string>
        <string>PlayMakerFSM</string>
        <string>PersistentBoolItem</string>
        <string>PolygonCollider2D</string>
      </components>
    </SceneObject>
    <SceneObject path="Ruins Lever/Hit Origin">
      <components>
        <string>Transform</string>
      </components>
    </SceneObject>
    <SceneObject path="Ruins Lever/Range Check">
      <components>
        <string>Transform</string>
        <string>BoxCollider2D</string>
        <string>PlayMakerFSM</string>
      </components>
    </SceneObject>
    <SceneObject path="_Props">
      <components>
        <string>Transform</string>
      </components>
    </SceneObject>
    <SceneObject path="Steep Slope">
      <components>
        <string>Transform</string>
        <string>PolygonCollider2D</string>
        <string>SteepSlope</string>
      </components>
    </SceneObject>
    <SceneObject path="_Camera Lock Zones">
      <components>
        <string>Transform</string>
      </components>
    </SceneObject>
    <SceneObject path="_Camera Lock Zones/CameraLockArea">
      <components>
        <string>Transform</string>
        <string>BoxCollider2D</string>
        <string>CameraLockArea</string>
      </components>
    </SceneObject>
    <SceneObject path="Lighthouse_Room_Interior_0014_2">
      <components>
        <string>Transform</string>
        <string>SpriteRenderer</string>
      </components>
    </SceneObject>
    <SceneObject path="Lighthouse_Room_Interior_0005_9">
      <components>
        <string>Transform</string>
        <string>SpriteRenderer</string>
      </components>
    </SceneObject>
    <SceneObject path="Lighthouse_Room_Interior_0009_6">
      <components>
        <string>Transform</string>
        <string>SpriteRenderer</string>
      </components>
    </SceneObject>
    <SceneObject path="_NPCs">
      <components>
        <string>Transform</string>
      </components>
    </SceneObject>
    <SceneObject path="Lighthouse_Room_Interior_0000_13">
      <components>
        <string>Transform</string>
        <string>SpriteRenderer</string>
      </components>
    </SceneObject>
    <SceneObject path="Roof Collider">
      <components>
        <string>Transform</string>
        <string>PolygonCollider2D</string>
        <string>NonSlider</string>
        <string>PlayMakerCollisionEnter2D</string>
        <string>Roof</string>
      </components>
    </SceneObject>
    <SceneObject path="Lighthouse_Room_Interior_0001_12">
      <components>
        <string>Transform</string>
        <string>SpriteRenderer</string>
      </components>
    </SceneObject>
    <SceneObject path="Light Collider">
      <components>
        <string>Transform</string>
        <string>BoxCollider2D</string>
        <string>NonSlider</string>
      </components>
    </SceneObject>
    <SceneObject path="Lighthouse_Room_Interior_0013_4">
      <components>
        <string>Transform</string>
        <string>SpriteRenderer</string>
      </components>
    </SceneObject>
    <SceneObject path="_Effects">
      <components>
        <string>Transform</string>
      </components>
    </SceneObject>
    <SceneObject path="_Areas">
      <components>
        <string>Transform</string>
      </components>
    </SceneObject>
    <SceneObject path="Lighthouse_Room_Interior_0015_1">
      <components>
        <string>Transform</string>
        <string>SpriteRenderer</string>
      </components>
    </SceneObject>
    <SceneObject path="_Scenery">
      <components>
        <string>Transform</string>
      </components>
    </SceneObject>
    <SceneObject path="_Enemies">
      <components>
        <string>Transform</string>
      </components>
    </SceneObject>
    <SceneObject path="Window Collider">
      <components>
        <string>Transform</string>
        <string>BoxCollider2D</string>
        <string>PlayMakerFSM</string>
        <string>NonThunker</string>
      </components>
    </SceneObject>
    <SceneObject path="_Markers">
      <components>
        <string>Transform</string>
      </components>
    </SceneObject>
  </sceneObjects>
</SceneData>