<?xml version="1.0" encoding="utf-8"?>
<SceneData xmlns:xsd="http://www.w3.org/2001/XMLSchema" xmlns:xsi="http://www.w3.org/2001/XMLSchema-instance" name="Crossroads_49">
  <sceneObjects>
    <SceneObject path="black_solid 413">
      <components>
        <string>Transform</string>
        <string>SpriteRenderer</string>
      </components>
    </SceneObject>
    <SceneObject path="_NPCs">
      <components>
        <string>Transform</string>
      </components>
    </SceneObject>
    <SceneObject path="Polygon_Collider_Cross_49">
      <components>
        <string>Transform</string>
      </components>
    </SceneObject>
    <SceneObject path="Polygon_Collider_Cross_49/Roof Collider">
      <components>
        <string>Transform</string>
        <string>PolygonCollider2D</string>
        <string>NonSlider</string>
        <string>PlayMakerCollisionEnter2D</string>
        <string>Roof</string>
      </components>
    </SceneObject>
    <SceneObject path="cd_FG_rock_20 (9)">
      <components>
        <string>Transform</string>
        <string>SpriteRenderer</string>
      </components>
    </SceneObject>
    <SceneObject path="Hollow_Shade Marker">
      <components>
        <string>Transform</string>
        <string>PlayMakerFSM</string>
      </components>
    </SceneObject>
    <SceneObject path="Hollow_Shade Marker/HS_Image">
      <components>
        <string>Transform</string>
      </components>
    </SceneObject>
    <SceneObject path="CameraLockArea Lift">
      <components>
        <string>Transform</string>
        <string>BoxCollider2D</string>
        <string>CameraLockArea</string>
      </components>
    </SceneObject>
    <SceneObject path="Fog (1)">
      <components>
        <string>Transform</string>
        <string>SpriteRenderer</string>
      </components>
    </SceneObject>
    <SceneObject path="black_solid 413 (1)">
      <components>
        <string>Transform</string>
        <string>SpriteRenderer</string>
      </components>
    </SceneObject>
    <SceneObject path="_Items">
      <components>
        <string>Transform</string>
      </components>
    </SceneObject>
    <SceneObject path="_Markers">
      <components>
        <string>Transform</string>
      </components>
    </SceneObject>
    <SceneObject path="_Props">
      <components>
        <string>Transform</string>
      </components>
    </SceneObject>
    <SceneObject path="_Effects">
      <components>
        <string>Transform</string>
      </components>
    </SceneObject>
    <SceneObject path="cd_FG_rock_20 (3)">
      <components>
        <string>Transform</string>
        <string>SpriteRenderer</string>
      </components>
    </SceneObject>
    <SceneObject path="BlurPlane">
      <components>
        <string>Transform</string>
        <string>MeshFilter</string>
        <string>MeshRenderer</string>
        <string>BlurPlane</string>
      </components>
    </SceneObject>
    <SceneObject path="_Areas">
      <components>
        <string>Transform</string>
      </components>
    </SceneObject>
    <SceneObject path="Stag_Pole_Tall_Break">
      <components>
        <string>Transform</string>
        <string>SpriteRenderer</string>
        <string>BoxCollider2D</string>
        <string>Breakable</string>
        <string>NonBouncer</string>
      </components>
    </SceneObject>
    <SceneObject path="Stag_Pole_Tall_Break/glass_burst pole 1 (1)">
      <components>
        <string>Transform</string>
        <string>ParticleSystem</string>
        <string>ParticleSystemRenderer</string>
        <string>ParticleSystemAutoRecycle</string>
      </components>
    </SceneObject>
    <SceneObject path="Stag_Pole_Tall_Break/Fungus Top Scarab (1)">
      <components>
        <string>Transform</string>
        <string>SpriteRenderer</string>
        <string>ObjectBounce</string>
        <string>Rigidbody2D</string>
        <string>PolygonCollider2D</string>
        <string>SpinSelf</string>
      </components>
    </SceneObject>
    <SceneObject path="Stag_Pole_Tall_Break/lamp_bug_escape (7)">
      <components>
        <string>Transform</string>
        <string>ParticleSystem</string>
        <string>ParticleSystemRenderer</string>
      </components>
    </SceneObject>
    <SceneObject path="Stag_Pole_Tall_Break/stag_sign_breakable_0002_Layer-0">
      <components>
        <string>Transform</string>
        <string>SpriteRenderer</string>
      </components>
    </SceneObject>
    <SceneObject path="Stag_Pole_Tall_Break/Fungus Top Scarab (2)">
      <components>
        <string>Transform</string>
        <string>SpriteRenderer</string>
        <string>ObjectBounce</string>
        <string>Rigidbody2D</string>
        <string>BoxCollider2D</string>
        <string>SpinSelf</string>
      </components>
    </SceneObject>
    <SceneObject path="Stag_Pole_Tall_Break/Fungus Top Scarab (3)">
      <components>
        <string>Transform</string>
        <string>SpriteRenderer</string>
        <string>ObjectBounce</string>
        <string>Rigidbody2D</string>
        <string>BoxCollider2D</string>
        <string>SpinSelf</string>
      </components>
    </SceneObject>
    <SceneObject path="Stag_Pole_Tall_Break/Fungus Top Scarab (4)">
      <components>
        <string>Transform</string>
        <string>SpriteRenderer</string>
        <string>ObjectBounce</string>
        <string>Rigidbody2D</string>
        <string>BoxCollider2D</string>
        <string>SpinSelf</string>
      </components>
    </SceneObject>
    <SceneObject path="Stag_Pole_Tall_Break/Active">
      <components>
        <string>Transform</string>
      </components>
    </SceneObject>
    <SceneObject path="Stag_Pole_Tall_Break/Active/Lamp_Bug (19)">
      <components>
        <string>Transform</string>
      </components>
    </SceneObject>
    <SceneObject path="Stag_Pole_Tall_Break/Active/Lamp_Bug (19)/shop_lamp_bug0000 (1)">
      <components>
        <string>Transform</string>
        <string>SpriteRenderer</string>
        <string>Animator</string>
        <string>PlayFromRandomFrameMecanim</string>
      </components>
    </SceneObject>
    <SceneObject path="Stag_Pole_Tall_Break/Active/Lamp_Bug (19)/haze2 (9)">
      <components>
        <string>Transform</string>
        <string>SpriteRenderer</string>
      </components>
    </SceneObject>
    <SceneObject path="_Managers">
      <components>
        <string>Transform</string>
      </components>
    </SceneObject>
    <SceneObject path="_Managers/PlayMaker Unity 2D">
      <components>
        <string>Transform</string>
        <string>PlayMakerFSM</string>
        <string>PlayMakerUnity2d</string>
        <string>PlayMakerCollisionEnter2D</string>
        <string>PlayMakerCollisionExit2D</string>
        <string>PlayMakerCollisionStay2D</string>
        <string>PlayMakerTriggerEnter2D</string>
        <string>PlayMakerTriggerExit2D</string>
        <string>PlayMakerTriggerStay2D</string>
      </components>
    </SceneObject>
    <SceneObject path="Fog">
      <components>
        <string>Transform</string>
        <string>SpriteRenderer</string>
      </components>
    </SceneObject>
    <SceneObject path="left1">
      <components>
        <string>Transform</string>
        <string>BoxCollider2D</string>
        <string>TransitionPoint</string>
        <string>GateSnap</string>
      </components>
    </SceneObject>
    <SceneObject path="left1/EnemyDetector">
      <components>
        <string>Transform</string>
        <string>BoxCollider2D</string>
        <string>PlayMakerFSM</string>
        <string>PlayMakerCollisionEnter2D</string>
      </components>
    </SceneObject>
    <SceneObject path="left1/Hazard Respawn Marker">
      <components>
        <string>Transform</string>
        <string>HazardRespawnMarker</string>
      </components>
    </SceneObject>
    <SceneObject path="left1/haze2 (3)">
      <components>
        <string>Transform</string>
        <string>SpriteRenderer</string>
      </components>
    </SceneObject>
    <SceneObject path="CameraLockArea New">
      <components>
        <string>Transform</string>
        <string>BoxCollider2D</string>
        <string>CameraLockArea</string>
      </components>
    </SceneObject>
    <SceneObject path="Enviro Region">
      <components>
        <string>Transform</string>
        <string>BoxCollider2D</string>
        <string>PlayMakerFSM</string>
      </components>
    </SceneObject>
    <SceneObject path="TileMap">
      <components>
        <string>Transform</string>
        <string>tk2dTileMap</string>
      </components>
    </SceneObject>
    <SceneObject path="_Camera Lock Zones">
      <components>
        <string>Transform</string>
      </components>
    </SceneObject>
    <SceneObject path="_Enemies">
      <components>
        <string>Transform</string>
      </components>
    </SceneObject>
    <SceneObject path="cd_FG_rock_20 (2)">
      <components>
        <string>Transform</string>
        <string>SpriteRenderer</string>
      </components>
    </SceneObject>
    <SceneObject path="cd_FG_rock_20 (1)">
      <components>
        <string>Transform</string>
        <string>SpriteRenderer</string>
      </components>
    </SceneObject>
    <SceneObject path="TileMap Render Data">
      <components>
        <string>Transform</string>
      </components>
    </SceneObject>
    <SceneObject path="TileMap Render Data/Scenemap">
      <components>
        <string>Transform</string>
      </components>
    </SceneObject>
    <SceneObject path="TileMap Render Data/Scenemap/Chunk 0 0">
      <components>
        <string>Transform</string>
        <string>MeshFilter</string>
        <string>MeshRenderer</string>
        <string>EdgeCollider2D</string>
        <string>EdgeCollider2D</string>
      </components>
    </SceneObject>
    <SceneObject path="TileMap Render Data/Scenemap/Chunk 1 0">
      <components>
        <string>Transform</string>
        <string>MeshFilter</string>
        <string>MeshRenderer</string>
        <string>EdgeCollider2D</string>
        <string>EdgeCollider2D</string>
      </components>
    </SceneObject>
    <SceneObject path="TileMap Render Data/Scenemap/Chunk 2 0">
      <components>
        <string>Transform</string>
        <string>MeshFilter</string>
        <string>MeshRenderer</string>
        <string>EdgeCollider2D</string>
        <string>EdgeCollider2D</string>
      </components>
    </SceneObject>
    <SceneObject path="TileMap Render Data/Scenemap/Chunk 3 0">
      <components>
        <string>Transform</string>
        <string>MeshFilter</string>
        <string>MeshRenderer</string>
        <string>EdgeCollider2D</string>
        <string>EdgeCollider2D</string>
      </components>
    </SceneObject>
    <SceneObject path="TileMap Render Data/Scenemap/Chunk 4 0">
      <components>
        <string>Transform</string>
        <string>MeshFilter</string>
        <string>MeshRenderer</string>
        <string>EdgeCollider2D</string>
        <string>EdgeCollider2D</string>
      </components>
    </SceneObject>
    <SceneObject path="TileMap Render Data/Scenemap/Chunk 5 0">
      <components>
        <string>Transform</string>
        <string>MeshFilter</string>
        <string>MeshRenderer</string>
        <string>EdgeCollider2D</string>
      </components>
    </SceneObject>
    <SceneObject path="Infected_Event">
      <components>
        <string>Transform</string>
        <string>PlayMakerFSM</string>
      </components>
    </SceneObject>
    <SceneObject path="Infected_Event/infected_crossroads_particles">
      <components>
        <string>Transform</string>
        <string>PlayMakerFSM</string>
      </components>
    </SceneObject>
    <SceneObject path="Infected_Event/infected_crossroads_particles/wispy smoke BG">
      <components>
        <string>Transform</string>
        <string>ParticleSystem</string>
        <string>ParticleSystemRenderer</string>
        <string>ReduceParticleEffects</string>
      </components>
    </SceneObject>
    <SceneObject path="Infected_Event/infected_crossroads_particles/wispy smoke FG">
      <components>
        <string>Transform</string>
        <string>ParticleSystem</string>
        <string>ParticleSystemRenderer</string>
        <string>ReduceParticleEffects</string>
      </components>
    </SceneObject>
    <SceneObject path="Infected_Event/infected_crossroads_particles/wispy smoke FG left">
      <components>
        <string>Transform</string>
        <string>ParticleSystem</string>
        <string>ParticleSystemRenderer</string>
        <string>ReduceParticleEffects</string>
      </components>
    </SceneObject>
    <SceneObject path="Infected_Event/infected_crossroads_particles/Particle System dots">
      <components>
        <string>Transform</string>
        <string>ParticleSystem</string>
        <string>ParticleSystemRenderer</string>
        <string>ReduceParticleEffects</string>
      </components>
    </SceneObject>
    <SceneObject path="cd_FG_rock_20 (7)">
      <components>
        <string>Transform</string>
        <string>SpriteRenderer</string>
      </components>
    </SceneObject>
    <SceneObject path="Infected_Parent">
      <components>
        <string>Transform</string>
        <string>PlayMakerFSM</string>
      </components>
    </SceneObject>
    <SceneObject path="Infected_Parent/infected_large_blob_sil">
      <components>
        <string>Transform</string>
        <string>SpriteRenderer</string>
        <string>Animator</string>
        <string>PlayFromRandomFrameMecanim</string>
      </components>
    </SceneObject>
    <SceneObject path="Infected_Parent/infected_vine_01">
      <components>
        <string>Transform</string>
        <string>SpriteRenderer</string>
        <string>AudioSource</string>
        <string>BreakableInfectedVine</string>
        <string>BoxCollider2D</string>
        <string>NonBouncer</string>
        <string>VibrationPlayer</string>
      </components>
    </SceneObject>
    <SceneObject path="Infected_Parent/infected_vine_01/infected_small_blob_020000 (4)">
      <components>
        <string>Transform</string>
        <string>SpriteRenderer</string>
        <string>Animator</string>
        <string>PlayFromRandomFrameMecanim</string>
      </components>
    </SceneObject>
    <SceneObject path="Infected_Parent/infected_vine_01/infected_small_blob_020000 (3)">
      <components>
        <string>Transform</string>
        <string>SpriteRenderer</string>
        <string>Animator</string>
        <string>PlayFromRandomFrameMecanim</string>
      </components>
    </SceneObject>
    <SceneObject path="Infected_Parent/infected_vine_01/infected_small_blob_030000 (2)">
      <components>
        <string>Transform</string>
        <string>SpriteRenderer</string>
        <string>Animator</string>
        <string>PlayFromRandomFrameMecanim</string>
      </components>
    </SceneObject>
    <SceneObject path="Infected_Parent/infected_vine_01/infected_small_blob_030000 (1)">
      <components>
        <string>Transform</string>
        <string>SpriteRenderer</string>
        <string>Animator</string>
        <string>PlayFromRandomFrameMecanim</string>
      </components>
    </SceneObject>
    <SceneObject path="Infected_Parent/infected_vine_01/Spit Effect">
      <components>
        <string>Transform</string>
        <string>MeshFilter</string>
        <string>MeshRenderer</string>
        <string>tk2dSprite</string>
        <string>tk2dSpriteAnimator</string>
        <string>DeactivateAfter2dtkAnimation</string>
      </components>
    </SceneObject>
    <SceneObject path="Infected_Parent/infected_vine_01/Splat Effect">
      <components>
        <string>Transform</string>
        <string>MeshFilter</string>
        <string>MeshRenderer</string>
        <string>tk2dSprite</string>
        <string>tk2dSpriteAnimator</string>
        <string>DeactivateAfter2dtkAnimation</string>
      </components>
    </SceneObject>
    <SceneObject path="Infected_Parent/infected_large_blob_sil (1)">
      <components>
        <string>Transform</string>
        <string>SpriteRenderer</string>
        <string>Animator</string>
        <string>PlayFromRandomFrameMecanim</string>
      </components>
    </SceneObject>
    <SceneObject path="Infected_Parent/infected_large_blob_020000">
      <components>
        <string>Transform</string>
        <string>SpriteRenderer</string>
        <string>Animator</string>
        <string>CircleCollider2D</string>
        <string>PlayFromRandomFrameMecanim</string>
        <string>InfectedBurstLarge</string>
        <string>AudioSource</string>
        <string>VibrationPlayer</string>
      </components>
    </SceneObject>
    <SceneObject path="Infected_Parent/infected_large_blob_020000/Effects">
      <components>
        <string>Transform</string>
      </components>
    </SceneObject>
    <SceneObject path="Infected_Parent/infected_large_blob_020000/Effects/Spit Effect">
      <components>
        <string>Transform</string>
        <string>MeshFilter</string>
        <string>MeshRenderer</string>
        <string>tk2dSprite</string>
        <string>tk2dSpriteAnimator</string>
        <string>DeactivateAfter2dtkAnimation</string>
        <string>SetZ</string>
      </components>
    </SceneObject>
    <SceneObject path="Infected_Parent/infected_large_blob_020000/Effects/Splat Effect">
      <components>
        <string>Transform</string>
        <string>MeshFilter</string>
        <string>MeshRenderer</string>
        <string>tk2dSprite</string>
        <string>tk2dSpriteAnimator</string>
        <string>DeactivateAfter2dtkAnimation</string>
        <string>SetZ</string>
      </components>
    </SceneObject>
    <SceneObject path="Infected_Parent/infected_large_blob_020000 (1)">
      <components>
        <string>Transform</string>
        <string>SpriteRenderer</string>
        <string>Animator</string>
        <string>CircleCollider2D</string>
        <string>PlayFromRandomFrameMecanim</string>
        <string>InfectedBurstLarge</string>
        <string>AudioSource</string>
        <string>VibrationPlayer</string>
      </components>
    </SceneObject>
    <SceneObject path="Infected_Parent/infected_large_blob_020000 (1)/Effects">
      <components>
        <string>Transform</string>
      </components>
    </SceneObject>
    <SceneObject path="Infected_Parent/infected_large_blob_020000 (1)/Effects/Spit Effect">
      <components>
        <string>Transform</string>
        <string>MeshFilter</string>
        <string>MeshRenderer</string>
        <string>tk2dSprite</string>
        <string>tk2dSpriteAnimator</string>
        <string>DeactivateAfter2dtkAnimation</string>
        <string>SetZ</string>
      </components>
    </SceneObject>
    <SceneObject path="Infected_Parent/infected_large_blob_020000 (1)/Effects/Splat Effect">
      <components>
        <string>Transform</string>
        <string>MeshFilter</string>
        <string>MeshRenderer</string>
        <string>tk2dSprite</string>
        <string>tk2dSpriteAnimator</string>
        <string>DeactivateAfter2dtkAnimation</string>
        <string>SetZ</string>
      </components>
    </SceneObject>
    <SceneObject path="Infected_Parent/infected_orange_drip_010000">
      <components>
        <string>Transform</string>
        <string>Drip</string>
      </components>
    </SceneObject>
    <SceneObject path="Infected_Parent/infected_orange_drip_010000/Drip Anim">
      <components>
        <string>Transform</string>
        <string>Animator</string>
        <string>SpriteRenderer</string>
      </components>
    </SceneObject>
    <SceneObject path="Infected_Parent/infected_orange_drip_010000/Spawn Point">
      <components>
        <string>Transform</string>
      </components>
    </SceneObject>
    <SceneObject path="Infected_Parent/infected_orange_drip_010000/Idle Anim">
      <components>
        <string>Transform</string>
        <string>SpriteRenderer</string>
      </components>
    </SceneObject>
    <SceneObject path="Infected_Parent/infected_large_blob_030000">
      <components>
        <string>Transform</string>
        <string>SpriteRenderer</string>
        <string>Animator</string>
        <string>CircleCollider2D</string>
        <string>PlayFromRandomFrameMecanim</string>
        <string>InfectedBurstLarge</string>
        <string>AudioSource</string>
        <string>VibrationPlayer</string>
      </components>
    </SceneObject>
    <SceneObject path="Infected_Parent/infected_large_blob_030000/Effects">
      <components>
        <string>Transform</string>
      </components>
    </SceneObject>
    <SceneObject path="Infected_Parent/infected_large_blob_030000/Effects/Spit Effect">
      <components>
        <string>Transform</string>
        <string>MeshFilter</string>
        <string>MeshRenderer</string>
        <string>tk2dSprite</string>
        <string>tk2dSpriteAnimator</string>
        <string>DeactivateAfter2dtkAnimation</string>
        <string>SetZ</string>
      </components>
    </SceneObject>
    <SceneObject path="Infected_Parent/infected_large_blob_030000/Effects/Splat Effect">
      <components>
        <string>Transform</string>
        <string>MeshFilter</string>
        <string>MeshRenderer</string>
        <string>tk2dSprite</string>
        <string>tk2dSpriteAnimator</string>
        <string>DeactivateAfter2dtkAnimation</string>
        <string>SetZ</string>
      </components>
    </SceneObject>
    <SceneObject path="Infected_Parent/GradeMarker">
      <components>
        <string>Transform</string>
        <string>GradeMarker</string>
      </components>
    </SceneObject>
    <SceneObject path="Infected_Parent/Infected Flag">
      <components>
        <string>Transform</string>
      </components>
    </SceneObject>
    <SceneObject path="Infected_Parent/infected_large_blob_sil (2)">
      <components>
        <string>Transform</string>
        <string>SpriteRenderer</string>
        <string>Animator</string>
        <string>PlayFromRandomFrameMecanim</string>
      </components>
    </SceneObject>
    <SceneObject path="cd_FG_rock_20">
      <components>
        <string>Transform</string>
        <string>SpriteRenderer</string>
      </components>
    </SceneObject>
    <SceneObject path="_SceneManager">
      <components>
        <string>Transform</string>
        <string>SceneManager</string>
        <string>PlayMakerFSM</string>
        <string>PlayMakerFSM</string>
        <string>PlayMakerFSM</string>
      </components>
    </SceneObject>
    <SceneObject path="cd_FG_rock_20 (10)">
      <components>
        <string>Transform</string>
        <string>SpriteRenderer</string>
      </components>
    </SceneObject>
    <SceneObject path="_Scenery">
      <components>
        <string>Transform</string>
      </components>
    </SceneObject>
    <SceneObject path="_Scenery/back_arches 2">
      <components>
        <string>Transform</string>
      </components>
    </SceneObject>
    <SceneObject path="_Scenery/back_arches 2/cd_archbase_01 277">
      <components>
        <string>Transform</string>
        <string>SpriteRenderer</string>
      </components>
    </SceneObject>
    <SceneObject path="_Scenery/back_arches 2/cd_archbase_01 278">
      <components>
        <string>Transform</string>
        <string>SpriteRenderer</string>
      </components>
    </SceneObject>
    <SceneObject path="_Scenery/back_arches 2/cd_archway_10">
      <components>
        <string>Transform</string>
        <string>SpriteRenderer</string>
      </components>
    </SceneObject>
    <SceneObject path="_Scenery/back_arches 2/cd_archbase_01 279">
      <components>
        <string>Transform</string>
        <string>SpriteRenderer</string>
      </components>
    </SceneObject>
    <SceneObject path="_Scenery/back_arches 2/cd_archbase_01 280">
      <components>
        <string>Transform</string>
        <string>SpriteRenderer</string>
      </components>
    </SceneObject>
    <SceneObject path="_Scenery/back_arches 2/cd_archway_11">
      <components>
        <string>Transform</string>
        <string>SpriteRenderer</string>
      </components>
    </SceneObject>
    <SceneObject path="_Scenery/back_arches 2/cd_archway_12">
      <components>
        <string>Transform</string>
        <string>SpriteRenderer</string>
      </components>
    </SceneObject>
    <SceneObject path="_Scenery/back_arches 2/cd_archbase_01 281">
      <components>
        <string>Transform</string>
        <string>SpriteRenderer</string>
      </components>
    </SceneObject>
    <SceneObject path="_Scenery/back_arches 2/cd_archbase_01 282">
      <components>
        <string>Transform</string>
        <string>SpriteRenderer</string>
      </components>
    </SceneObject>
    <SceneObject path="_Scenery/back_arches 2/cd_archway_13">
      <components>
        <string>Transform</string>
        <string>SpriteRenderer</string>
      </components>
    </SceneObject>
    <SceneObject path="_Scenery/back_arches 2/cd_archbase_01 283">
      <components>
        <string>Transform</string>
        <string>SpriteRenderer</string>
      </components>
    </SceneObject>
    <SceneObject path="_Scenery/back_arches 2/cd_archway_15">
      <components>
        <string>Transform</string>
        <string>SpriteRenderer</string>
      </components>
    </SceneObject>
    <SceneObject path="_Scenery/back_arches 2/cd_archbase_01 285">
      <components>
        <string>Transform</string>
        <string>SpriteRenderer</string>
      </components>
    </SceneObject>
    <SceneObject path="_Scenery/back_arches 2/cd_archbase_01 286">
      <components>
        <string>Transform</string>
        <string>SpriteRenderer</string>
      </components>
    </SceneObject>
    <SceneObject path="_Scenery/back_arches 2/cd_archway_09">
      <components>
        <string>Transform</string>
        <string>SpriteRenderer</string>
      </components>
    </SceneObject>
    <SceneObject path="_Scenery/back_arches 2/cd_archway_10">
      <components>
        <string>Transform</string>
        <string>SpriteRenderer</string>
      </components>
    </SceneObject>
    <SceneObject path="_Scenery/back_arches 2/cd_archway_08">
      <components>
        <string>Transform</string>
        <string>SpriteRenderer</string>
      </components>
    </SceneObject>
    <SceneObject path="_Scenery/back_arches 2/cd_archway_07">
      <components>
        <string>Transform</string>
        <string>SpriteRenderer</string>
      </components>
    </SceneObject>
    <SceneObject path="_Scenery/back_arches 2/black_solid 424">
      <components>
        <string>Transform</string>
        <string>SpriteRenderer</string>
      </components>
    </SceneObject>
    <SceneObject path="_Scenery/back_arches 2/black_solid 423">
      <components>
        <string>Transform</string>
        <string>SpriteRenderer</string>
      </components>
    </SceneObject>
    <SceneObject path="_Scenery/back_arches 2/black_solid 422">
      <components>
        <string>Transform</string>
        <string>SpriteRenderer</string>
      </components>
    </SceneObject>
    <SceneObject path="_Scenery/back_arches 2/black_solid 420">
      <components>
        <string>Transform</string>
        <string>SpriteRenderer</string>
      </components>
    </SceneObject>
    <SceneObject path="_Scenery/back_arches 2/black_solid 419">
      <components>
        <string>Transform</string>
        <string>SpriteRenderer</string>
      </components>
    </SceneObject>
    <SceneObject path="_Scenery/back_arches 2/black_solid 418">
      <components>
        <string>Transform</string>
        <string>SpriteRenderer</string>
      </components>
    </SceneObject>
    <SceneObject path="_Scenery/back_arches 2/black_solid 417">
      <components>
        <string>Transform</string>
        <string>SpriteRenderer</string>
      </components>
    </SceneObject>
    <SceneObject path="_Scenery/back_arches 2/black_solid 416">
      <components>
        <string>Transform</string>
        <string>SpriteRenderer</string>
      </components>
    </SceneObject>
    <SceneObject path="_Scenery/back_arches 2/black_solid 415">
      <components>
        <string>Transform</string>
        <string>SpriteRenderer</string>
      </components>
    </SceneObject>
    <SceneObject path="_Scenery/back_arches 2/black_solid 414">
      <components>
        <string>Transform</string>
        <string>SpriteRenderer</string>
      </components>
    </SceneObject>
    <SceneObject path="_Scenery/back_arches 2/black_solid 413">
      <components>
        <string>Transform</string>
        <string>SpriteRenderer</string>
      </components>
    </SceneObject>
    <SceneObject path="_Scenery/BG_bone_05">
      <components>
        <string>Transform</string>
        <string>SpriteRenderer</string>
      </components>
    </SceneObject>
    <SceneObject path="_Scenery/BG_bone_06">
      <components>
        <string>Transform</string>
        <string>SpriteRenderer</string>
      </components>
    </SceneObject>
    <SceneObject path="_Scenery/elev_elev_top">
      <components>
        <string>Transform</string>
        <string>SpriteRenderer</string>
      </components>
    </SceneObject>
    <SceneObject path="_Scenery/black_solid 413">
      <components>
        <string>Transform</string>
        <string>SpriteRenderer</string>
      </components>
    </SceneObject>
    <SceneObject path="_Scenery/black_solid 414">
      <components>
        <string>Transform</string>
        <string>SpriteRenderer</string>
      </components>
    </SceneObject>
    <SceneObject path="_Scenery/black_solid 415">
      <components>
        <string>Transform</string>
        <string>SpriteRenderer</string>
      </components>
    </SceneObject>
    <SceneObject path="_Scenery/black_solid 416">
      <components>
        <string>Transform</string>
        <string>SpriteRenderer</string>
      </components>
    </SceneObject>
    <SceneObject path="_Scenery/cd_archbase_01">
      <components>
        <string>Transform</string>
        <string>SpriteRenderer</string>
      </components>
    </SceneObject>
    <SceneObject path="_Scenery/cd_archbase_02">
      <components>
        <string>Transform</string>
        <string>SpriteRenderer</string>
      </components>
    </SceneObject>
    <SceneObject path="_Scenery/cd_archbase_03">
      <components>
        <string>Transform</string>
        <string>SpriteRenderer</string>
      </components>
    </SceneObject>
    <SceneObject path="_Scenery/cd_archbase_04">
      <components>
        <string>Transform</string>
        <string>SpriteRenderer</string>
      </components>
    </SceneObject>
    <SceneObject path="_Scenery/cd_archbase_05">
      <components>
        <string>Transform</string>
        <string>SpriteRenderer</string>
      </components>
    </SceneObject>
    <SceneObject path="_Scenery/cd_archbase_06">
      <components>
        <string>Transform</string>
        <string>SpriteRenderer</string>
      </components>
    </SceneObject>
    <SceneObject path="_Scenery/cd_archway_02">
      <components>
        <string>Transform</string>
        <string>SpriteRenderer</string>
      </components>
    </SceneObject>
    <SceneObject path="_Scenery/cd_archway_03">
      <components>
        <string>Transform</string>
        <string>SpriteRenderer</string>
      </components>
    </SceneObject>
    <SceneObject path="_Scenery/elev_plat_l">
      <components>
        <string>Transform</string>
        <string>SpriteRenderer</string>
        <string>BoxCollider2D</string>
      </components>
    </SceneObject>
    <SceneObject path="_Scenery/cd_archway_04">
      <components>
        <string>Transform</string>
        <string>SpriteRenderer</string>
      </components>
    </SceneObject>
    <SceneObject path="_Scenery/elev_plat_l 1">
      <components>
        <string>Transform</string>
        <string>SpriteRenderer</string>
        <string>BoxCollider2D</string>
      </components>
    </SceneObject>
    <SceneObject path="_Scenery/cd_archway_06">
      <components>
        <string>Transform</string>
        <string>SpriteRenderer</string>
      </components>
    </SceneObject>
    <SceneObject path="_Scenery/cd_wall_02">
      <components>
        <string>Transform</string>
        <string>SpriteRenderer</string>
      </components>
    </SceneObject>
    <SceneObject path="_Scenery/cd_wall_03">
      <components>
        <string>Transform</string>
        <string>SpriteRenderer</string>
      </components>
    </SceneObject>
    <SceneObject path="_Scenery/cd_wall_04">
      <components>
        <string>Transform</string>
        <string>SpriteRenderer</string>
      </components>
    </SceneObject>
    <SceneObject path="_Scenery/cd_wall_05">
      <components>
        <string>Transform</string>
        <string>SpriteRenderer</string>
      </components>
    </SceneObject>
    <SceneObject path="_Scenery/fungd_pole">
      <components>
        <string>Transform</string>
        <string>SpriteRenderer</string>
      </components>
    </SceneObject>
    <SceneObject path="_Scenery/fungd_pole 1">
      <components>
        <string>Transform</string>
        <string>SpriteRenderer</string>
      </components>
    </SceneObject>
    <SceneObject path="_Scenery/fungd_pole 2">
      <components>
        <string>Transform</string>
        <string>SpriteRenderer</string>
      </components>
    </SceneObject>
    <SceneObject path="_Scenery/fungd_pole 3">
      <components>
        <string>Transform</string>
        <string>SpriteRenderer</string>
      </components>
    </SceneObject>
    <SceneObject path="_Scenery/fungd_pole 4">
      <components>
        <string>Transform</string>
        <string>SpriteRenderer</string>
      </components>
    </SceneObject>
    <SceneObject path="_Scenery/elev_main">
      <components>
        <string>Transform</string>
        <string>SpriteRenderer</string>
        <string>BoxCollider2D</string>
        <string>PlayMakerFSM</string>
        <string>PlayMakerFSM</string>
        <string>PlayMakerFixedUpdate</string>
        <string>AudioSource</string>
      </components>
    </SceneObject>
    <SceneObject path="_Scenery/elev_main/elev_back">
      <components>
        <string>Transform</string>
        <string>SpriteRenderer</string>
      </components>
    </SceneObject>
    <SceneObject path="_Scenery/elev_main/elev_lamp">
      <components>
        <string>Transform</string>
        <string>SpriteRenderer</string>
      </components>
    </SceneObject>
    <SceneObject path="_Scenery/elev_main/elev_lamp_glow">
      <components>
        <string>Transform</string>
        <string>SpriteRenderer</string>
      </components>
    </SceneObject>
    <SceneObject path="_Scenery/elev_main/Inactive Block">
      <components>
        <string>Transform</string>
        <string>BoxCollider2D</string>
        <string>PlayMakerFixedUpdate</string>
        <string>TinkEffect</string>
      </components>
    </SceneObject>
    <SceneObject path="_Scenery/elev_main/Steep Slope">
      <components>
        <string>Transform</string>
        <string>PolygonCollider2D</string>
        <string>SteepSlope</string>
      </components>
    </SceneObject>
    <SceneObject path="_Scenery/elev_main/Slope Plat">
      <components>
        <string>Transform</string>
        <string>BoxCollider2D</string>
        <string>SlopePlat</string>
        <string>HeroPlatformStick</string>
      </components>
    </SceneObject>
    <SceneObject path="_Scenery/elev_main/Top Plat">
      <components>
        <string>Transform</string>
        <string>BoxCollider2D</string>
      </components>
    </SceneObject>
    <SceneObject path="_Scenery/elev_main/Slope Plat (1)">
      <components>
        <string>Transform</string>
        <string>BoxCollider2D</string>
        <string>SlopePlat</string>
        <string>HeroPlatformStick</string>
      </components>
    </SceneObject>
    <SceneObject path="_Scenery/elev_main/Chain">
      <components>
        <string>Transform</string>
      </components>
    </SceneObject>
    <SceneObject path="_Scenery/elev_main/Chain/elev_chain">
      <components>
        <string>Transform</string>
        <string>SpriteRenderer</string>
      </components>
    </SceneObject>
    <SceneObject path="_Scenery/elev_main/Chain/elev_chain (1)">
      <components>
        <string>Transform</string>
        <string>SpriteRenderer</string>
      </components>
    </SceneObject>
    <SceneObject path="_Scenery/elev_main/Chain/elev_chain (2)">
      <components>
        <string>Transform</string>
        <string>SpriteRenderer</string>
      </components>
    </SceneObject>
    <SceneObject path="_Scenery/elev_main/Chain/elev_chain (3)">
      <components>
        <string>Transform</string>
        <string>SpriteRenderer</string>
      </components>
    </SceneObject>
    <SceneObject path="_Scenery/elev_main/Chain/elev_chain (4)">
      <components>
        <string>Transform</string>
        <string>SpriteRenderer</string>
      </components>
    </SceneObject>
    <SceneObject path="_Scenery/elev_main/Chain/elev_chain (5)">
      <components>
        <string>Transform</string>
        <string>SpriteRenderer</string>
      </components>
    </SceneObject>
    <SceneObject path="_Scenery/elev_main/Chain/elev_chain (6)">
      <components>
        <string>Transform</string>
        <string>SpriteRenderer</string>
      </components>
    </SceneObject>
    <SceneObject path="_Scenery/elev_main/Chain/elev_chain (7)">
      <components>
        <string>Transform</string>
        <string>SpriteRenderer</string>
      </components>
    </SceneObject>
    <SceneObject path="_Scenery/elev_main/Chain/elev_chain (8)">
      <components>
        <string>Transform</string>
        <string>SpriteRenderer</string>
      </components>
    </SceneObject>
    <SceneObject path="_Scenery/elev_main/Chain/elev_chain (9)">
      <components>
        <string>Transform</string>
        <string>SpriteRenderer</string>
      </components>
    </SceneObject>
    <SceneObject path="_Scenery/elev_main/Chain/elev_chain (10)">
      <components>
        <string>Transform</string>
        <string>SpriteRenderer</string>
      </components>
    </SceneObject>
    <SceneObject path="_Scenery/elev_main/Chain/elev_chain (11)">
      <components>
        <string>Transform</string>
        <string>SpriteRenderer</string>
      </components>
    </SceneObject>
    <SceneObject path="_Scenery/elev_main/Chain/elev_chain (12)">
      <components>
        <string>Transform</string>
        <string>SpriteRenderer</string>
      </components>
    </SceneObject>
    <SceneObject path="_Scenery/elev_main/Chain/elev_chain (13)">
      <components>
        <string>Transform</string>
        <string>SpriteRenderer</string>
      </components>
    </SceneObject>
    <SceneObject path="_Scenery/elev_main/Chain/elev_chain (14)">
      <components>
        <string>Transform</string>
        <string>SpriteRenderer</string>
      </components>
    </SceneObject>
    <SceneObject path="_Scenery/elev_main/Chain/elev_chain (15)">
      <components>
        <string>Transform</string>
        <string>SpriteRenderer</string>
      </components>
    </SceneObject>
    <SceneObject path="_Scenery/elev_main/Chain/elev_chain (16)">
      <components>
        <string>Transform</string>
        <string>SpriteRenderer</string>
      </components>
    </SceneObject>
    <SceneObject path="_Scenery/elev_main/Chain/elev_chain (17)">
      <components>
        <string>Transform</string>
        <string>SpriteRenderer</string>
      </components>
    </SceneObject>
    <SceneObject path="_Scenery/elev_main/Chain/elev_chain (18)">
      <components>
        <string>Transform</string>
        <string>SpriteRenderer</string>
      </components>
    </SceneObject>
    <SceneObject path="_Scenery/elev_main/Chain/elev_chain (19)">
      <components>
        <string>Transform</string>
        <string>SpriteRenderer</string>
      </components>
    </SceneObject>
    <SceneObject path="_Scenery/elev_main/Chain/elev_chain (20)">
      <components>
        <string>Transform</string>
        <string>SpriteRenderer</string>
      </components>
    </SceneObject>
    <SceneObject path="_Scenery/elev_main/Chain/elev_chain (21)">
      <components>
        <string>Transform</string>
        <string>SpriteRenderer</string>
      </components>
    </SceneObject>
    <SceneObject path="_Scenery/elev_main/Chain/elev_chain (22)">
      <components>
        <string>Transform</string>
        <string>SpriteRenderer</string>
      </components>
    </SceneObject>
    <SceneObject path="_Scenery/elev_main/Chain/elev_chain (23)">
      <components>
        <string>Transform</string>
        <string>SpriteRenderer</string>
      </components>
    </SceneObject>
    <SceneObject path="_Scenery/elev_main/Chain/elev_chain (24)">
      <components>
        <string>Transform</string>
        <string>SpriteRenderer</string>
      </components>
    </SceneObject>
    <SceneObject path="_Scenery/elev_main/Chain/elev_chain (25)">
      <components>
        <string>Transform</string>
        <string>SpriteRenderer</string>
      </components>
    </SceneObject>
    <SceneObject path="_Scenery/elev_main/Chain/elev_chain (26)">
      <components>
        <string>Transform</string>
        <string>SpriteRenderer</string>
      </components>
    </SceneObject>
    <SceneObject path="_Scenery/elev_main/Chain/elev_chain (27)">
      <components>
        <string>Transform</string>
        <string>SpriteRenderer</string>
      </components>
    </SceneObject>
    <SceneObject path="_Scenery/elev_main/Chain/elev_chain (28)">
      <components>
        <string>Transform</string>
        <string>SpriteRenderer</string>
      </components>
    </SceneObject>
    <SceneObject path="_Scenery/elev_main/Chain/elev_chain (29)">
      <components>
        <string>Transform</string>
        <string>SpriteRenderer</string>
      </components>
    </SceneObject>
    <SceneObject path="_Scenery/elev_main/Chain/elev_chain (30)">
      <components>
        <string>Transform</string>
        <string>SpriteRenderer</string>
      </components>
    </SceneObject>
    <SceneObject path="_Scenery/elev_main/Chain/elev_chain (31)">
      <components>
        <string>Transform</string>
        <string>SpriteRenderer</string>
      </components>
    </SceneObject>
    <SceneObject path="_Scenery/elev_main/Chain/elev_chain (32)">
      <components>
        <string>Transform</string>
        <string>SpriteRenderer</string>
      </components>
    </SceneObject>
    <SceneObject path="_Scenery/elev_main/Chain/elev_chain (33)">
      <components>
        <string>Transform</string>
        <string>SpriteRenderer</string>
      </components>
    </SceneObject>
    <SceneObject path="_Scenery/elev_main/Chain/elev_chain (34)">
      <components>
        <string>Transform</string>
        <string>SpriteRenderer</string>
      </components>
    </SceneObject>
    <SceneObject path="_Scenery/elev_main/Chain/elev_chain (35)">
      <components>
        <string>Transform</string>
        <string>SpriteRenderer</string>
      </components>
    </SceneObject>
    <SceneObject path="_Scenery/elev_main/Chain/elev_chain (36)">
      <components>
        <string>Transform</string>
        <string>SpriteRenderer</string>
      </components>
    </SceneObject>
    <SceneObject path="_Scenery/elev_main/Chain/elev_chain (37)">
      <components>
        <string>Transform</string>
        <string>SpriteRenderer</string>
      </components>
    </SceneObject>
    <SceneObject path="_Scenery/elev_main/Chain/elev_chain (38)">
      <components>
        <string>Transform</string>
        <string>SpriteRenderer</string>
      </components>
    </SceneObject>
    <SceneObject path="_Scenery/elev_main/Chain/elev_chain (39)">
      <components>
        <string>Transform</string>
        <string>SpriteRenderer</string>
      </components>
    </SceneObject>
    <SceneObject path="_Scenery/elev_main/Chain/elev_chain (40)">
      <components>
        <string>Transform</string>
        <string>SpriteRenderer</string>
      </components>
    </SceneObject>
    <SceneObject path="_Scenery/elev_main/Chain/elev_chain (41)">
      <components>
        <string>Transform</string>
        <string>SpriteRenderer</string>
      </components>
    </SceneObject>
    <SceneObject path="_Scenery/elev_main/Chain/elev_chain (42)">
      <components>
        <string>Transform</string>
        <string>SpriteRenderer</string>
      </components>
    </SceneObject>
    <SceneObject path="_Scenery/elev_main/Chain/elev_chain (43)">
      <components>
        <string>Transform</string>
        <string>SpriteRenderer</string>
      </components>
    </SceneObject>
    <SceneObject path="_Scenery/elev_main/Chain/elev_chain (44)">
      <components>
        <string>Transform</string>
        <string>SpriteRenderer</string>
      </components>
    </SceneObject>
    <SceneObject path="_Scenery/elev_main/Chain/elev_chain (45)">
      <components>
        <string>Transform</string>
        <string>SpriteRenderer</string>
      </components>
    </SceneObject>
    <SceneObject path="_Scenery/elev_main/Chain/elev_chain (46)">
      <components>
        <string>Transform</string>
        <string>SpriteRenderer</string>
      </components>
    </SceneObject>
    <SceneObject path="_Scenery/elev_main/Chain/elev_chain (47)">
      <components>
        <string>Transform</string>
        <string>SpriteRenderer</string>
      </components>
    </SceneObject>
    <SceneObject path="_Scenery/elev_main/Chain/elev_chain (48)">
      <components>
        <string>Transform</string>
        <string>SpriteRenderer</string>
      </components>
    </SceneObject>
    <SceneObject path="_Scenery/elev_main/Chain/elev_chain (49)">
      <components>
        <string>Transform</string>
        <string>SpriteRenderer</string>
      </components>
    </SceneObject>
    <SceneObject path="_Scenery/elev_main/Chain/elev_chain (50)">
      <components>
        <string>Transform</string>
        <string>SpriteRenderer</string>
      </components>
    </SceneObject>
    <SceneObject path="_Scenery/elev_main/Chain/elev_chain (51)">
      <components>
        <string>Transform</string>
        <string>SpriteRenderer</string>
      </components>
    </SceneObject>
    <SceneObject path="_Scenery/elev_main/Door R">
      <components>
        <string>Transform</string>
        <string>MeshRenderer</string>
        <string>MeshFilter</string>
        <string>tk2dSprite</string>
        <string>tk2dSpriteAnimator</string>
        <string>PlayMakerFSM</string>
      </components>
    </SceneObject>
    <SceneObject path="_Scenery/elev_main/Door L">
      <components>
        <string>Transform</string>
        <string>MeshRenderer</string>
        <string>MeshFilter</string>
        <string>tk2dSprite</string>
        <string>tk2dSpriteAnimator</string>
        <string>PlayMakerFSM</string>
      </components>
    </SceneObject>
    <SceneObject path="_Scenery/elev_main/Open Block">
      <components>
        <string>Transform</string>
        <string>BoxCollider2D</string>
        <string>BoxCollider2D</string>
        <string>BoxCollider2D</string>
        <string>NonSlider</string>
      </components>
    </SceneObject>
    <SceneObject path="_Scenery/elev_main/Closed Block">
      <components>
        <string>Transform</string>
        <string>BoxCollider2D</string>
        <string>BoxCollider2D</string>
        <string>BoxCollider2D</string>
      </components>
    </SceneObject>
    <SceneObject path="_Scenery/elev_main/Lift Call Lever">
      <components>
        <string>Transform</string>
        <string>MeshRenderer</string>
        <string>MeshFilter</string>
        <string>tk2dSprite</string>
        <string>tk2dSpriteAnimator</string>
        <string>NonBouncer</string>
        <string>SetZ</string>
        <string>BoxCollider2D</string>
        <string>PlayMakerFSM</string>
      </components>
    </SceneObject>
    <SceneObject path="_Scenery/elev_main/Lift Call Lever/Hero Check">
      <components>
        <string>Transform</string>
        <string>PlayMakerFSM</string>
        <string>BoxCollider2D</string>
      </components>
    </SceneObject>
    <SceneObject path="_Scenery/elev_main/elev_entrance">
      <components>
        <string>Transform</string>
        <string>BoxCollider2D</string>
        <string>TransitionPoint</string>
      </components>
    </SceneObject>
    <SceneObject path="_Scenery/elev_main/elev_entrance/Prompt Marker">
      <components>
        <string>Transform</string>
        <string>MeshRenderer</string>
        <string>MeshFilter</string>
        <string>tk2dSprite</string>
        <string>tk2dSpriteAnimator</string>
        <string>PlayMakerFSM</string>
      </components>
    </SceneObject>
    <SceneObject path="_Scenery/elev_main/Roof Dust">
      <components>
        <string>Transform</string>
        <string>ParticleSystem</string>
        <string>ParticleSystemRenderer</string>
      </components>
    </SceneObject>
    <SceneObject path="_Scenery/elev_main/Whole Dust">
      <components>
        <string>Transform</string>
        <string>ParticleSystem</string>
        <string>ParticleSystemRenderer</string>
      </components>
    </SceneObject>
    <SceneObject path="_Scenery/elev_main/Door Dust R">
      <components>
        <string>Transform</string>
        <string>ParticleSystem</string>
        <string>ParticleSystemRenderer</string>
      </components>
    </SceneObject>
    <SceneObject path="_Scenery/elev_main/Door Dust L">
      <components>
        <string>Transform</string>
        <string>ParticleSystem</string>
        <string>ParticleSystemRenderer</string>
      </components>
    </SceneObject>
    <SceneObject path="_Scenery/elev_main/Door Dust R">
      <components>
        <string>Transform</string>
        <string>ParticleSystem</string>
        <string>ParticleSystemRenderer</string>
        <string>PlayMakerFSM</string>
      </components>
    </SceneObject>
    <SceneObject path="_Scenery/elev_main/Door Dust L">
      <components>
        <string>Transform</string>
        <string>ParticleSystem</string>
        <string>ParticleSystemRenderer</string>
        <string>PlayMakerFSM</string>
      </components>
    </SceneObject>
    <SceneObject path="_Scenery/fungd_pole 5">
      <components>
        <string>Transform</string>
        <string>SpriteRenderer</string>
      </components>
    </SceneObject>
    <SceneObject path="_Scenery/cd_floor_highway_06">
      <components>
        <string>Transform</string>
        <string>SpriteRenderer</string>
      </components>
    </SceneObject>
    <SceneObject path="_Scenery/cd_floor_highway_05">
      <components>
        <string>Transform</string>
        <string>SpriteRenderer</string>
      </components>
    </SceneObject>
    <SceneObject path="_Scenery/elev_wall">
      <components>
        <string>Transform</string>
        <string>SpriteRenderer</string>
      </components>
    </SceneObject>
    <SceneObject path="_Scenery/elev_wall 1">
      <components>
        <string>Transform</string>
        <string>SpriteRenderer</string>
      </components>
    </SceneObject>
    <SceneObject path="_Scenery/elev_windows 1">
      <components>
        <string>Transform</string>
      </components>
    </SceneObject>
    <SceneObject path="_Scenery/elev_windows 1/black_solid 420 (1)">
      <components>
        <string>Transform</string>
        <string>SpriteRenderer</string>
      </components>
    </SceneObject>
    <SceneObject path="_Scenery/fungd_pole 6">
      <components>
        <string>Transform</string>
        <string>SpriteRenderer</string>
      </components>
    </SceneObject>
    <SceneObject path="_Scenery/elev_wall 4">
      <components>
        <string>Transform</string>
        <string>SpriteRenderer</string>
      </components>
    </SceneObject>
    <SceneObject path="_Scenery/elev_wall 5">
      <components>
        <string>Transform</string>
        <string>SpriteRenderer</string>
      </components>
    </SceneObject>
    <SceneObject path="_Scenery/elev_windows">
      <components>
        <string>Transform</string>
      </components>
    </SceneObject>
    <SceneObject path="_Scenery/elev_windows/elev_window 2">
      <components>
        <string>Transform</string>
        <string>SpriteRenderer</string>
      </components>
    </SceneObject>
    <SceneObject path="_Scenery/elev_windows/elev_window 1">
      <components>
        <string>Transform</string>
        <string>SpriteRenderer</string>
      </components>
    </SceneObject>
    <SceneObject path="_Scenery/elev_windows/elev_window">
      <components>
        <string>Transform</string>
        <string>SpriteRenderer</string>
      </components>
    </SceneObject>
    <SceneObject path="_Scenery/elev_windows/black_solid 421">
      <components>
        <string>Transform</string>
        <string>SpriteRenderer</string>
      </components>
    </SceneObject>
    <SceneObject path="_Scenery/elev_windows/black_solid 420">
      <components>
        <string>Transform</string>
        <string>SpriteRenderer</string>
      </components>
    </SceneObject>
    <SceneObject path="_Scenery/elev_windows/black_solid 419">
      <components>
        <string>Transform</string>
        <string>SpriteRenderer</string>
      </components>
    </SceneObject>
    <SceneObject path="_Scenery/elev_windows/black_solid 418">
      <components>
        <string>Transform</string>
        <string>SpriteRenderer</string>
      </components>
    </SceneObject>
    <SceneObject path="_Scenery/stag_door">
      <components>
        <string>Transform</string>
      </components>
    </SceneObject>
    <SceneObject path="_Scenery/stag_door/stagdoor_0004_Color-Balance-1-copy-9">
      <components>
        <string>Transform</string>
        <string>SpriteRenderer</string>
      </components>
    </SceneObject>
    <SceneObject path="_Scenery/stag_door/hot_spring_layers_0005_01-copy-85">
      <components>
        <string>Transform</string>
        <string>SpriteRenderer</string>
      </components>
    </SceneObject>
    <SceneObject path="_Scenery/stag_door/stagdoor_0003_Color-Balance-1-copy-5">
      <components>
        <string>Transform</string>
        <string>SpriteRenderer</string>
      </components>
    </SceneObject>
    <SceneObject path="_Scenery/stag_door/stagdoor_0002_Color-Balance-1-copy-7">
      <components>
        <string>Transform</string>
        <string>SpriteRenderer</string>
      </components>
    </SceneObject>
    <SceneObject path="_Scenery/stag_door 1">
      <components>
        <string>Transform</string>
      </components>
    </SceneObject>
    <SceneObject path="_Scenery/stag_door 1/stagdoor_0004_Color-Balance-1-copy-9">
      <components>
        <string>Transform</string>
        <string>SpriteRenderer</string>
      </components>
    </SceneObject>
    <SceneObject path="_Scenery/stag_door 1/hot_spring_layers_0005_01-copy-85">
      <components>
        <string>Transform</string>
        <string>SpriteRenderer</string>
      </components>
    </SceneObject>
    <SceneObject path="_Scenery/stag_door 1/stagdoor_0003_Color-Balance-1-copy-5">
      <components>
        <string>Transform</string>
        <string>SpriteRenderer</string>
      </components>
    </SceneObject>
    <SceneObject path="_Scenery/stag_door 1/stagdoor_0002_Color-Balance-1-copy-7">
      <components>
        <string>Transform</string>
        <string>SpriteRenderer</string>
      </components>
    </SceneObject>
    <SceneObject path="_Scenery/fence_01">
      <components>
        <string>Transform</string>
        <string>SpriteRenderer</string>
      </components>
    </SceneObject>
    <SceneObject path="_Scenery/fence_02">
      <components>
        <string>Transform</string>
        <string>SpriteRenderer</string>
      </components>
    </SceneObject>
    <SceneObject path="_Scenery/fence_03">
      <components>
        <string>Transform</string>
        <string>SpriteRenderer</string>
      </components>
    </SceneObject>
    <SceneObject path="_Scenery/fence_04">
      <components>
        <string>Transform</string>
        <string>SpriteRenderer</string>
      </components>
    </SceneObject>
    <SceneObject path="_Scenery/fence_05">
      <components>
        <string>Transform</string>
        <string>SpriteRenderer</string>
      </components>
    </SceneObject>
    <SceneObject path="_Scenery/fence_06">
      <components>
        <string>Transform</string>
        <string>SpriteRenderer</string>
      </components>
    </SceneObject>
    <SceneObject path="_Scenery/tramway_0003_Color-Balance-1-copy-29">
      <components>
        <string>Transform</string>
        <string>SpriteRenderer</string>
      </components>
    </SceneObject>
    <SceneObject path="_Scenery/tramway_0003_Color-Balance-1-copy-30">
      <components>
        <string>Transform</string>
        <string>SpriteRenderer</string>
      </components>
    </SceneObject>
    <SceneObject path="_Scenery/tramway_0004_Color-Balance-1-copy-27">
      <components>
        <string>Transform</string>
        <string>SpriteRenderer</string>
      </components>
    </SceneObject>
    <SceneObject path="_Scenery/tramway_0004_Color-Balance-1-copy-28">
      <components>
        <string>Transform</string>
        <string>SpriteRenderer</string>
      </components>
    </SceneObject>
    <SceneObject path="_Scenery/wall">
      <components>
        <string>Transform</string>
      </components>
    </SceneObject>
    <SceneObject path="_Scenery/tramway_0004_Color-Balance-1-copy-28 (1)">
      <components>
        <string>Transform</string>
        <string>SpriteRenderer</string>
      </components>
    </SceneObject>
    <SceneObject path="_Scenery/tramway_0004_Color-Balance-1-copy-28 (2)">
      <components>
        <string>Transform</string>
        <string>SpriteRenderer</string>
      </components>
    </SceneObject>
    <SceneObject path="_Scenery/haze2">
      <components>
        <string>Transform</string>
        <string>SpriteRenderer</string>
      </components>
    </SceneObject>
    <SceneObject path="_Scenery/haze3">
      <components>
        <string>Transform</string>
        <string>SpriteRenderer</string>
      </components>
    </SceneObject>
    <SceneObject path="_Scenery/back_arches 2 (1)">
      <components>
        <string>Transform</string>
      </components>
    </SceneObject>
    <SceneObject path="_Scenery/back_arches 2 (1)/cd_archbase_01 277">
      <components>
        <string>Transform</string>
        <string>SpriteRenderer</string>
      </components>
    </SceneObject>
    <SceneObject path="_Scenery/back_arches 2 (1)/cd_archbase_01 278">
      <components>
        <string>Transform</string>
        <string>SpriteRenderer</string>
      </components>
    </SceneObject>
    <SceneObject path="_Scenery/back_arches 2 (1)/cd_archway_10">
      <components>
        <string>Transform</string>
        <string>SpriteRenderer</string>
      </components>
    </SceneObject>
    <SceneObject path="_Scenery/back_arches 2 (1)/cd_archbase_01 279">
      <components>
        <string>Transform</string>
        <string>SpriteRenderer</string>
      </components>
    </SceneObject>
    <SceneObject path="_Scenery/back_arches 2 (1)/cd_archbase_01 280">
      <components>
        <string>Transform</string>
        <string>SpriteRenderer</string>
      </components>
    </SceneObject>
    <SceneObject path="_Scenery/back_arches 2 (1)/cd_archway_11">
      <components>
        <string>Transform</string>
        <string>SpriteRenderer</string>
      </components>
    </SceneObject>
    <SceneObject path="_Scenery/back_arches 2 (1)/cd_archway_12">
      <components>
        <string>Transform</string>
        <string>SpriteRenderer</string>
      </components>
    </SceneObject>
    <SceneObject path="_Scenery/back_arches 2 (1)/cd_archbase_01 281">
      <components>
        <string>Transform</string>
        <string>SpriteRenderer</string>
      </components>
    </SceneObject>
    <SceneObject path="_Scenery/back_arches 2 (1)/cd_archbase_01 282">
      <components>
        <string>Transform</string>
        <string>SpriteRenderer</string>
      </components>
    </SceneObject>
    <SceneObject path="_Scenery/back_arches 2 (1)/cd_archway_13">
      <components>
        <string>Transform</string>
        <string>SpriteRenderer</string>
      </components>
    </SceneObject>
    <SceneObject path="_Scenery/back_arches 2 (1)/cd_archway_15">
      <components>
        <string>Transform</string>
        <string>SpriteRenderer</string>
      </components>
    </SceneObject>
    <SceneObject path="_Scenery/back_arches 2 (1)/cd_archbase_01 285">
      <components>
        <string>Transform</string>
        <string>SpriteRenderer</string>
      </components>
    </SceneObject>
    <SceneObject path="_Scenery/back_arches 2 (1)/cd_archway_09">
      <components>
        <string>Transform</string>
        <string>SpriteRenderer</string>
      </components>
    </SceneObject>
    <SceneObject path="_Scenery/back_arches 2 (1)/cd_archway_10">
      <components>
        <string>Transform</string>
        <string>SpriteRenderer</string>
      </components>
    </SceneObject>
    <SceneObject path="_Scenery/back_arches 2 (1)/cd_archway_08">
      <components>
        <string>Transform</string>
        <string>SpriteRenderer</string>
      </components>
    </SceneObject>
    <SceneObject path="_Scenery/back_arches 2 (1)/cd_archway_07">
      <components>
        <string>Transform</string>
        <string>SpriteRenderer</string>
      </components>
    </SceneObject>
    <SceneObject path="_Scenery/back_arches 2 (1)/black_solid 423">
      <components>
        <string>Transform</string>
        <string>SpriteRenderer</string>
      </components>
    </SceneObject>
    <SceneObject path="_Scenery/back_arches 2 (1)/black_solid 422">
      <components>
        <string>Transform</string>
        <string>SpriteRenderer</string>
      </components>
    </SceneObject>
    <SceneObject path="_Scenery/back_arches 2 (1)/black_solid 420">
      <components>
        <string>Transform</string>
        <string>SpriteRenderer</string>
      </components>
    </SceneObject>
    <SceneObject path="_Scenery/back_arches 2 (1)/black_solid 419">
      <components>
        <string>Transform</string>
        <string>SpriteRenderer</string>
      </components>
    </SceneObject>
    <SceneObject path="_Scenery/back_arches 2 (1)/black_solid 418">
      <components>
        <string>Transform</string>
        <string>SpriteRenderer</string>
      </components>
    </SceneObject>
    <SceneObject path="_Scenery/back_arches 2 (1)/black_solid 417">
      <components>
        <string>Transform</string>
        <string>SpriteRenderer</string>
      </components>
    </SceneObject>
    <SceneObject path="_Scenery/back_arches 2 (1)/black_solid 416">
      <components>
        <string>Transform</string>
        <string>SpriteRenderer</string>
      </components>
    </SceneObject>
    <SceneObject path="_Scenery/back_arches 2 (1)/black_solid 415">
      <components>
        <string>Transform</string>
        <string>SpriteRenderer</string>
      </components>
    </SceneObject>
    <SceneObject path="_Scenery/back_arches 2 (1)/black_solid 414">
      <components>
        <string>Transform</string>
        <string>SpriteRenderer</string>
      </components>
    </SceneObject>
    <SceneObject path="_Scenery/back_arches 2 (1)/black_solid 413">
      <components>
        <string>Transform</string>
        <string>SpriteRenderer</string>
      </components>
    </SceneObject>
    <SceneObject path="_Scenery/Water Drip">
      <components>
        <string>Transform</string>
        <string>MeshFilter</string>
        <string>MeshRenderer</string>
        <string>tk2dSprite</string>
        <string>tk2dSpriteAnimator</string>
        <string>Rigidbody2D</string>
        <string>AudioSource</string>
        <string>BoxCollider2D</string>
        <string>WaterDrip</string>
      </components>
    </SceneObject>
    <SceneObject path="_Scenery/Water Drip 1">
      <components>
        <string>Transform</string>
        <string>MeshFilter</string>
        <string>MeshRenderer</string>
        <string>tk2dSprite</string>
        <string>tk2dSpriteAnimator</string>
        <string>Rigidbody2D</string>
        <string>AudioSource</string>
        <string>BoxCollider2D</string>
        <string>WaterDrip</string>
      </components>
    </SceneObject>
    <SceneObject path="_Scenery/fog">
      <components>
        <string>Transform</string>
        <string>SpriteRenderer</string>
      </components>
    </SceneObject>
    <SceneObject path="_Scenery/fog 1">
      <components>
        <string>Transform</string>
        <string>SpriteRenderer</string>
      </components>
    </SceneObject>
    <SceneObject path="_Scenery/fog 2">
      <components>
        <string>Transform</string>
        <string>SpriteRenderer</string>
      </components>
    </SceneObject>
    <SceneObject path="_Scenery/elev_wall 5 (7)">
      <components>
        <string>Transform</string>
        <string>SpriteRenderer</string>
      </components>
    </SceneObject>
    <SceneObject path="_Scenery/elev_wall (6)">
      <components>
        <string>Transform</string>
        <string>SpriteRenderer</string>
      </components>
    </SceneObject>
    <SceneObject path="_Scenery/elev_wall 4 (8)">
      <components>
        <string>Transform</string>
        <string>SpriteRenderer</string>
      </components>
    </SceneObject>
    <SceneObject path="_Scenery/elev_wall 1 (9)">
      <components>
        <string>Transform</string>
        <string>SpriteRenderer</string>
      </components>
    </SceneObject>
    <SceneObject path="_Scenery/cd_archway_02 (1)">
      <components>
        <string>Transform</string>
        <string>SpriteRenderer</string>
      </components>
    </SceneObject>
    <SceneObject path="_Scenery/cd_archway_02 (2)">
      <components>
        <string>Transform</string>
        <string>SpriteRenderer</string>
      </components>
    </SceneObject>
    <SceneObject path="ruins_lever0000">
      <components>
        <string>Transform</string>
        <string>SpriteRenderer</string>
      </components>
    </SceneObject>
    <SceneObject path="cd_FG_rock_20 (8)">
      <components>
        <string>Transform</string>
        <string>SpriteRenderer</string>
      </components>
    </SceneObject>
    <SceneObject path="cd_FG_rock_20 (5)">
      <components>
        <string>Transform</string>
        <string>SpriteRenderer</string>
      </components>
    </SceneObject>
    <SceneObject path="cd_FG_rock_20 (11)">
      <components>
        <string>Transform</string>
        <string>SpriteRenderer</string>
      </components>
    </SceneObject>
    <SceneObject path="Floor Tink Collider">
      <components>
        <string>Transform</string>
        <string>PlayMakerFSM</string>
        <string>PolygonCollider2D</string>
      </components>
    </SceneObject>
    <SceneObject path="cd_FG_rock_20 (6)">
      <components>
        <string>Transform</string>
        <string>SpriteRenderer</string>
      </components>
    </SceneObject>
    <SceneObject path="_Transition Gates">
      <components>
        <string>Transform</string>
      </components>
    </SceneObject>
    <SceneObject path="_Transition Gates/right1">
      <components>
        <string>Transform</string>
        <string>BoxCollider2D</string>
        <string>TransitionPoint</string>
        <string>GateSnap</string>
      </components>
    </SceneObject>
    <SceneObject path="_Transition Gates/right1/EnemyDetector">
      <components>
        <string>Transform</string>
        <string>BoxCollider2D</string>
        <string>PlayMakerFSM</string>
        <string>PlayMakerCollisionEnter2D</string>
      </components>
    </SceneObject>
    <SceneObject path="_Transition Gates/right1/Hazard Respawn Marker">
      <components>
        <string>Transform</string>
        <string>HazardRespawnMarker</string>
      </components>
    </SceneObject>
    <SceneObject path="_Transition Gates/right1/haze2 (4)">
      <components>
        <string>Transform</string>
        <string>SpriteRenderer</string>
      </components>
    </SceneObject>
    <SceneObject path="Floor Tink Collider (2)">
      <components>
        <string>Transform</string>
        <string>PlayMakerFSM</string>
        <string>PolygonCollider2D</string>
      </components>
    </SceneObject>
    <SceneObject path="cd_FG_rock_20 (4)">
      <components>
        <string>Transform</string>
        <string>SpriteRenderer</string>
      </components>
    </SceneObject>
    <SceneObject path="black_solid 413 (2)">
      <components>
        <string>Transform</string>
        <string>SpriteRenderer</string>
      </components>
    </SceneObject>
    <SceneObject path="Stag Blanker">
      <components>
        <string>Transform</string>
        <string>SpriteRenderer</string>
        <string>PlayMakerFSM</string>
      </components>
    </SceneObject>
    <SceneObject path="sprite_set_generic">
      <components>
        <string>Transform</string>
      </components>
    </SceneObject>
    <SceneObject path="sprite_set_generic/Mossman_Shaker">
      <components>
        <string>Transform</string>
        <string>MeshRenderer</string>
        <string>MeshFilter</string>
        <string>tk2dSprite</string>
        <string>BoxCollider2D</string>
      </components>
    </SceneObject>
    <SceneObject path="sprite_set_generic/Mossman_Shaker (1)">
      <components>
        <string>Transform</string>
        <string>MeshRenderer</string>
        <string>MeshFilter</string>
        <string>tk2dSprite</string>
        <string>BoxCollider2D</string>
      </components>
    </SceneObject>
    <SceneObject path="sprite_set_generic/Mossman_Shaker (2)">
      <components>
        <string>Transform</string>
        <string>MeshRenderer</string>
        <string>MeshFilter</string>
        <string>tk2dSprite</string>
        <string>BoxCollider2D</string>
      </components>
    </SceneObject>
    <SceneObject path="sprite_set_generic/Mossman_Shaker (3)">
      <components>
        <string>Transform</string>
        <string>MeshRenderer</string>
        <string>MeshFilter</string>
        <string>tk2dSprite</string>
        <string>BoxCollider2D</string>
      </components>
    </SceneObject>
  </sceneObjects>
</SceneData>