<?xml version="1.0" encoding="utf-8"?>
<SceneData xmlns:xsd="http://www.w3.org/2001/XMLSchema" xmlns:xsi="http://www.w3.org/2001/XMLSchema-instance" name="Deepnest_East_16">
  <sceneObjects>
    <SceneObject path="ash_grass_02_sil (1)">
      <components>
        <string>Transform</string>
        <string>SpriteRenderer</string>
        <string>Animator</string>
        <string>BoxCollider2D</string>
        <string>AudioSource</string>
        <string>GrassSpriteBehaviour</string>
      </components>
    </SceneObject>
    <SceneObject path="ash_grass_02_sil (1)/ash_grass_particles_windy">
      <components>
        <string>Transform</string>
        <string>ParticleSystem</string>
        <string>ParticleSystemRenderer</string>
        <string>ParticleSystemAutoRecycle</string>
      </components>
    </SceneObject>
    <SceneObject path="ash_grass_02_sil (1)/ash_grass_particles_still">
      <components>
        <string>Transform</string>
        <string>ParticleSystem</string>
        <string>ParticleSystemRenderer</string>
        <string>ParticleSystemAutoRecycle</string>
      </components>
    </SceneObject>
    <SceneObject path="_0028_train1 (2)">
      <components>
        <string>Transform</string>
        <string>SpriteRenderer</string>
      </components>
    </SceneObject>
    <SceneObject path="_0024_train5 (1)">
      <components>
        <string>Transform</string>
        <string>SpriteRenderer</string>
      </components>
    </SceneObject>
    <SceneObject path="ancient_wall_pieces_0009_Color-Balance-1-copy-17">
      <components>
        <string>Transform</string>
        <string>SpriteRenderer</string>
      </components>
    </SceneObject>
    <SceneObject path="bone_deep_0103_b_sil (20)">
      <components>
        <string>Transform</string>
        <string>SpriteRenderer</string>
      </components>
    </SceneObject>
    <SceneObject path="bone_deep_0122_b (3)">
      <components>
        <string>Transform</string>
        <string>SpriteRenderer</string>
      </components>
    </SceneObject>
    <SceneObject path="bone_deep_0103_b_sil (23)">
      <components>
        <string>Transform</string>
        <string>SpriteRenderer</string>
      </components>
    </SceneObject>
    <SceneObject path="ash_grass_03">
      <components>
        <string>Transform</string>
        <string>SpriteRenderer</string>
        <string>Animator</string>
        <string>BoxCollider2D</string>
        <string>AudioSource</string>
        <string>GrassSpriteBehaviour</string>
      </components>
    </SceneObject>
    <SceneObject path="ash_grass_03/ash_grass_particles">
      <components>
        <string>Transform</string>
        <string>ParticleSystem</string>
        <string>ParticleSystemRenderer</string>
        <string>ParticleSystemAutoRecycle</string>
      </components>
    </SceneObject>
    <SceneObject path="Dream Dialogue">
      <components>
        <string>Transform</string>
        <string>PlayMakerFSM</string>
        <string>BoxCollider2D</string>
        <string>NonBouncer</string>
      </components>
    </SceneObject>
    <SceneObject path="Dream Dialogue/Active Pt">
      <components>
        <string>Transform</string>
        <string>ParticleSystem</string>
        <string>ParticleSystemRenderer</string>
      </components>
    </SceneObject>
    <SceneObject path="Dream Dialogue/Impact Pt">
      <components>
        <string>Transform</string>
        <string>ParticleSystem</string>
        <string>ParticleSystemRenderer</string>
      </components>
    </SceneObject>
    <SceneObject path="_0013_train16 (1)">
      <components>
        <string>Transform</string>
        <string>SpriteRenderer</string>
      </components>
    </SceneObject>
    <SceneObject path="ash_grass_02001 (6)">
      <components>
        <string>Transform</string>
        <string>SpriteRenderer</string>
        <string>Animator</string>
        <string>BoxCollider2D</string>
        <string>AudioSource</string>
        <string>GrassSpriteBehaviour</string>
      </components>
    </SceneObject>
    <SceneObject path="ash_grass_02001 (6)/ash_grass_particles">
      <components>
        <string>Transform</string>
        <string>ParticleSystem</string>
        <string>ParticleSystemRenderer</string>
        <string>ParticleSystemAutoRecycle</string>
      </components>
    </SceneObject>
    <SceneObject path="ash_grass1000 (1)">
      <components>
        <string>Transform</string>
        <string>SpriteRenderer</string>
        <string>Animator</string>
        <string>BoxCollider2D</string>
        <string>AudioSource</string>
        <string>GrassSpriteBehaviour</string>
      </components>
    </SceneObject>
    <SceneObject path="ash_grass1000 (1)/ash_grass_particles">
      <components>
        <string>Transform</string>
        <string>ParticleSystem</string>
        <string>ParticleSystemRenderer</string>
        <string>ParticleSystemAutoRecycle</string>
      </components>
    </SceneObject>
    <SceneObject path="white_ash_scenery_0000_1 (3)">
      <components>
        <string>Transform</string>
        <string>SpriteRenderer</string>
      </components>
    </SceneObject>
    <SceneObject path="white_ash_scenery_0005_6 (9)">
      <components>
        <string>Transform</string>
        <string>SpriteRenderer</string>
      </components>
    </SceneObject>
    <SceneObject path="white_ash_scenery_0003_4 (7)">
      <components>
        <string>Transform</string>
        <string>SpriteRenderer</string>
      </components>
    </SceneObject>
    <SceneObject path="_Markers">
      <components>
        <string>Transform</string>
      </components>
    </SceneObject>
    <SceneObject path="bot1">
      <components>
        <string>Transform</string>
        <string>BoxCollider2D</string>
        <string>TransitionPoint</string>
        <string>GateSnap</string>
      </components>
    </SceneObject>
    <SceneObject path="bot1/GO UP Message">
      <components>
        <string>Transform</string>
        <string>BoxCollider2D</string>
        <string>PlayMakerFSM</string>
        <string>PlayMakerCollisionEnter2D</string>
        <string>SendEnemyMessageTrigger</string>
      </components>
    </SceneObject>
    <SceneObject path="bot1/Hazard Respawn Marker">
      <components>
        <string>Transform</string>
        <string>HazardRespawnMarker</string>
      </components>
    </SceneObject>
    <SceneObject path="bot1/haze2 (5)">
      <components>
        <string>Transform</string>
        <string>SpriteRenderer</string>
      </components>
    </SceneObject>
    <SceneObject path="deep_floor_tilable2">
      <components>
        <string>Transform</string>
      </components>
    </SceneObject>
    <SceneObject path="deep_floor_tilable2/deep_floor 5">
      <components>
        <string>Transform</string>
      </components>
    </SceneObject>
    <SceneObject path="deep_floor_tilable2/deep_floor 5/bone_deep_0127_n">
      <components>
        <string>Transform</string>
        <string>SpriteRenderer</string>
      </components>
    </SceneObject>
    <SceneObject path="deep_floor_tilable2/deep_floor 5/bone_deep_0126_n">
      <components>
        <string>Transform</string>
        <string>SpriteRenderer</string>
      </components>
    </SceneObject>
    <SceneObject path="deep_floor_tilable2/deep_floor 5/GameObject">
      <components>
        <string>Transform</string>
      </components>
    </SceneObject>
    <SceneObject path="deep_floor_tilable2/deep_floor 5/bone_deep_0126_n (1)">
      <components>
        <string>Transform</string>
        <string>SpriteRenderer</string>
      </components>
    </SceneObject>
    <SceneObject path="deep_floor_tilable2/deep_floor 4">
      <components>
        <string>Transform</string>
      </components>
    </SceneObject>
    <SceneObject path="deep_floor_tilable2/deep_floor 4/bone_deep_0126_n">
      <components>
        <string>Transform</string>
        <string>SpriteRenderer</string>
      </components>
    </SceneObject>
    <SceneObject path="white_ash_scenery_0005_6 (10)">
      <components>
        <string>Transform</string>
        <string>SpriteRenderer</string>
      </components>
    </SceneObject>
    <SceneObject path="bone_deep_0103_b_sil (16)">
      <components>
        <string>Transform</string>
        <string>SpriteRenderer</string>
      </components>
    </SceneObject>
    <SceneObject path="white_ash_scenery_0005_6 (7)">
      <components>
        <string>Transform</string>
        <string>SpriteRenderer</string>
      </components>
    </SceneObject>
    <SceneObject path="white_ash_scenery_0005_6 (6)">
      <components>
        <string>Transform</string>
        <string>SpriteRenderer</string>
      </components>
    </SceneObject>
    <SceneObject path="white_ash_scenery_0003_4">
      <components>
        <string>Transform</string>
        <string>SpriteRenderer</string>
      </components>
    </SceneObject>
    <SceneObject path="Roof Collider">
      <components>
        <string>Transform</string>
        <string>PolygonCollider2D</string>
        <string>NonSlider</string>
        <string>PlayMakerCollisionEnter2D</string>
        <string>Roof</string>
      </components>
    </SceneObject>
    <SceneObject path="_0027_train2 (3)">
      <components>
        <string>Transform</string>
        <string>SpriteRenderer</string>
      </components>
    </SceneObject>
    <SceneObject path="deep_fg_small (45)">
      <components>
        <string>Transform</string>
      </components>
    </SceneObject>
    <SceneObject path="deep_fg_small (45)/bone_deep_0121_b 4">
      <components>
        <string>Transform</string>
        <string>SpriteRenderer</string>
      </components>
    </SceneObject>
    <SceneObject path="deep_fg_small (45)/deep_single_1b">
      <components>
        <string>Transform</string>
        <string>SpriteRenderer</string>
      </components>
    </SceneObject>
    <SceneObject path="white_ash_scenery_0005_6 (11)">
      <components>
        <string>Transform</string>
        <string>SpriteRenderer</string>
      </components>
    </SceneObject>
    <SceneObject path="ancient_wall_pieces_0010_Color-Balance-1-copy-19 (2)">
      <components>
        <string>Transform</string>
        <string>SpriteRenderer</string>
      </components>
    </SceneObject>
    <SceneObject path="bone_deep_0103_b_sil (24)">
      <components>
        <string>Transform</string>
        <string>SpriteRenderer</string>
      </components>
    </SceneObject>
    <SceneObject path="bone_deep_0103_b_sil (14)">
      <components>
        <string>Transform</string>
        <string>SpriteRenderer</string>
      </components>
    </SceneObject>
    <SceneObject path="white_ash_scenery_0003_4 (5)">
      <components>
        <string>Transform</string>
        <string>SpriteRenderer</string>
      </components>
    </SceneObject>
    <SceneObject path="_SceneManager">
      <components>
        <string>Transform</string>
        <string>SceneManager</string>
        <string>PlayMakerFSM</string>
      </components>
    </SceneObject>
    <SceneObject path="deep_back_mid (1)">
      <components>
        <string>Transform</string>
        <string>SpriteRenderer</string>
      </components>
    </SceneObject>
    <SceneObject path="white_ash_scenery_0002_3 (8)">
      <components>
        <string>Transform</string>
        <string>SpriteRenderer</string>
      </components>
    </SceneObject>
    <SceneObject path="_0023_train6">
      <components>
        <string>Transform</string>
        <string>SpriteRenderer</string>
      </components>
    </SceneObject>
    <SceneObject path="_0021_train8">
      <components>
        <string>Transform</string>
        <string>SpriteRenderer</string>
      </components>
    </SceneObject>
    <SceneObject path="deepnest_stalactites (5)">
      <components>
        <string>Transform</string>
        <string>SpriteRenderer</string>
      </components>
    </SceneObject>
    <SceneObject path="deep_fg_small (42)">
      <components>
        <string>Transform</string>
      </components>
    </SceneObject>
    <SceneObject path="deep_fg_small (42)/bone_deep_0121_b 4">
      <components>
        <string>Transform</string>
        <string>SpriteRenderer</string>
      </components>
    </SceneObject>
    <SceneObject path="deep_fg_small (42)/deep_single_1b">
      <components>
        <string>Transform</string>
        <string>SpriteRenderer</string>
      </components>
    </SceneObject>
    <SceneObject path="_0028_train1 (1)">
      <components>
        <string>Transform</string>
        <string>SpriteRenderer</string>
      </components>
    </SceneObject>
    <SceneObject path="white_ash_scenery_0000_1 (5)">
      <components>
        <string>Transform</string>
        <string>SpriteRenderer</string>
      </components>
    </SceneObject>
    <SceneObject path="white_ash_scenery_0000_1 (4)">
      <components>
        <string>Transform</string>
        <string>SpriteRenderer</string>
      </components>
    </SceneObject>
    <SceneObject path="white_ash_scenery_0005_6 (8)">
      <components>
        <string>Transform</string>
        <string>SpriteRenderer</string>
      </components>
    </SceneObject>
    <SceneObject path="Darkness Region">
      <components>
        <string>Transform</string>
        <string>BoxCollider2D</string>
        <string>PlayMakerFSM</string>
        <string>TrackTriggerObjects</string>
        <string>PlayMakerFixedUpdate</string>
      </components>
    </SceneObject>
    <SceneObject path="deep_far_back">
      <components>
        <string>Transform</string>
        <string>SpriteRenderer</string>
      </components>
    </SceneObject>
    <SceneObject path="ash_grass1000 (3)">
      <components>
        <string>Transform</string>
        <string>SpriteRenderer</string>
        <string>Animator</string>
        <string>BoxCollider2D</string>
        <string>AudioSource</string>
        <string>GrassSpriteBehaviour</string>
      </components>
    </SceneObject>
    <SceneObject path="ash_grass1000 (3)/ash_grass_particles">
      <components>
        <string>Transform</string>
        <string>ParticleSystem</string>
        <string>ParticleSystemRenderer</string>
        <string>ParticleSystemAutoRecycle</string>
      </components>
    </SceneObject>
    <SceneObject path="deep_fg_small (41)">
      <components>
        <string>Transform</string>
      </components>
    </SceneObject>
    <SceneObject path="deep_fg_small (41)/bone_deep_0121_b 4">
      <components>
        <string>Transform</string>
        <string>SpriteRenderer</string>
      </components>
    </SceneObject>
    <SceneObject path="deep_fg_small (41)/deep_single_1b">
      <components>
        <string>Transform</string>
        <string>SpriteRenderer</string>
      </components>
    </SceneObject>
    <SceneObject path="Outskirts_snow_mound_01">
      <components>
        <string>Transform</string>
        <string>SpriteRenderer</string>
        <string>BoxCollider2D</string>
        <string>Breakable</string>
      </components>
    </SceneObject>
    <SceneObject path="Outskirts_snow_mound_01/ruin_fossil_01_base">
      <components>
        <string>Transform</string>
        <string>SpriteRenderer</string>
      </components>
    </SceneObject>
    <SceneObject path="Outskirts_snow_mound_01/wispy smoke FG (1)">
      <components>
        <string>Transform</string>
        <string>ParticleSystem</string>
        <string>ParticleSystemRenderer</string>
      </components>
    </SceneObject>
    <SceneObject path="_Camera Lock Zones">
      <components>
        <string>Transform</string>
      </components>
    </SceneObject>
    <SceneObject path="_0027_train2 (4)">
      <components>
        <string>Transform</string>
        <string>SpriteRenderer</string>
      </components>
    </SceneObject>
    <SceneObject path="Outskirts_snow_mound_02">
      <components>
        <string>Transform</string>
        <string>SpriteRenderer</string>
        <string>BoxCollider2D</string>
        <string>Breakable</string>
      </components>
    </SceneObject>
    <SceneObject path="Outskirts_snow_mound_02/ruin_fossil_01_base">
      <components>
        <string>Transform</string>
        <string>SpriteRenderer</string>
      </components>
    </SceneObject>
    <SceneObject path="Outskirts_snow_mound_02/wispy smoke FG (1)">
      <components>
        <string>Transform</string>
        <string>ParticleSystem</string>
        <string>ParticleSystemRenderer</string>
      </components>
    </SceneObject>
    <SceneObject path="white_ash_scenery_0003_4 (4)">
      <components>
        <string>Transform</string>
        <string>SpriteRenderer</string>
      </components>
    </SceneObject>
    <SceneObject path="bone_deep_0103_b_sil (18)">
      <components>
        <string>Transform</string>
        <string>SpriteRenderer</string>
      </components>
    </SceneObject>
    <SceneObject path="ancient_wall_pieces_0003_Color-Balance-1-copy-5 (8)">
      <components>
        <string>Transform</string>
        <string>SpriteRenderer</string>
      </components>
    </SceneObject>
    <SceneObject path="_Transition Gates">
      <components>
        <string>Transform</string>
      </components>
    </SceneObject>
    <SceneObject path="haze2 (1)">
      <components>
        <string>Transform</string>
        <string>SpriteRenderer</string>
      </components>
    </SceneObject>
    <SceneObject path="white_ash_scenery_0017_18">
      <components>
        <string>Transform</string>
        <string>SpriteRenderer</string>
      </components>
    </SceneObject>
    <SceneObject path="deep_fg_small (43)">
      <components>
        <string>Transform</string>
      </components>
    </SceneObject>
    <SceneObject path="deep_fg_small (43)/bone_deep_0121_b 4">
      <components>
        <string>Transform</string>
        <string>SpriteRenderer</string>
      </components>
    </SceneObject>
    <SceneObject path="deep_fg_small (43)/deep_single_1b">
      <components>
        <string>Transform</string>
        <string>SpriteRenderer</string>
      </components>
    </SceneObject>
    <SceneObject path="bone_deep_0103_b_sil (17)">
      <components>
        <string>Transform</string>
        <string>SpriteRenderer</string>
      </components>
    </SceneObject>
    <SceneObject path="_Areas">
      <components>
        <string>Transform</string>
      </components>
    </SceneObject>
    <SceneObject path="white_ash_scenery_0005_6 (12)">
      <components>
        <string>Transform</string>
        <string>SpriteRenderer</string>
      </components>
    </SceneObject>
    <SceneObject path="ash_grass_02001 (4)">
      <components>
        <string>Transform</string>
        <string>SpriteRenderer</string>
        <string>Animator</string>
        <string>BoxCollider2D</string>
        <string>AudioSource</string>
        <string>GrassSpriteBehaviour</string>
      </components>
    </SceneObject>
    <SceneObject path="ash_grass_02001 (4)/ash_grass_particles">
      <components>
        <string>Transform</string>
        <string>ParticleSystem</string>
        <string>ParticleSystemRenderer</string>
        <string>ParticleSystemAutoRecycle</string>
      </components>
    </SceneObject>
    <SceneObject path="white_ash_scenery_0000_1 (2)">
      <components>
        <string>Transform</string>
        <string>SpriteRenderer</string>
      </components>
    </SceneObject>
    <SceneObject path="_0028_train1">
      <components>
        <string>Transform</string>
        <string>SpriteRenderer</string>
      </components>
    </SceneObject>
    <SceneObject path="ancient_wall_pieces_0003_Color-Balance-1-copy-5">
      <components>
        <string>Transform</string>
        <string>SpriteRenderer</string>
      </components>
    </SceneObject>
    <SceneObject path="deep_fg_1 (1)">
      <components>
        <string>Transform</string>
      </components>
    </SceneObject>
    <SceneObject path="deep_fg_1 (1)/bone_deep_0103_b (3)">
      <components>
        <string>Transform</string>
        <string>SpriteRenderer</string>
      </components>
    </SceneObject>
    <SceneObject path="deep_fg_1 (1)/bone_deep_0103_b (4)">
      <components>
        <string>Transform</string>
        <string>SpriteRenderer</string>
      </components>
    </SceneObject>
    <SceneObject path="deep_fg_1 (1)/bone_deep_0103_b (5)">
      <components>
        <string>Transform</string>
        <string>SpriteRenderer</string>
      </components>
    </SceneObject>
    <SceneObject path="deep_fg_1 (1)/bone_deep_0103_b (6)">
      <components>
        <string>Transform</string>
        <string>SpriteRenderer</string>
      </components>
    </SceneObject>
    <SceneObject path="deep_fg_1 (1)/bone_deep_0103_b (9)">
      <components>
        <string>Transform</string>
        <string>SpriteRenderer</string>
      </components>
    </SceneObject>
    <SceneObject path="deep_fg_1 (1)/bone_deep_0103_b (10)">
      <components>
        <string>Transform</string>
        <string>SpriteRenderer</string>
      </components>
    </SceneObject>
    <SceneObject path="deep_fg_1 (1)/bone_deep_0103_b (11)">
      <components>
        <string>Transform</string>
        <string>SpriteRenderer</string>
      </components>
    </SceneObject>
    <SceneObject path="deep_fg_1 (1)/bone_deep_0103_b (12)">
      <components>
        <string>Transform</string>
        <string>SpriteRenderer</string>
      </components>
    </SceneObject>
    <SceneObject path="deep_fg_1 (1)/bone_deep_0103_b (13)">
      <components>
        <string>Transform</string>
        <string>SpriteRenderer</string>
      </components>
    </SceneObject>
    <SceneObject path="white_ash_scenery_0003_4 (17)">
      <components>
        <string>Transform</string>
        <string>SpriteRenderer</string>
      </components>
    </SceneObject>
    <SceneObject path="Soul Totem 5">
      <components>
        <string>Transform</string>
        <string>SpriteRenderer</string>
        <string>BoxCollider2D</string>
        <string>PlayMakerFSM</string>
        <string>PersistentIntItem</string>
      </components>
    </SceneObject>
    <SceneObject path="Soul Totem 5/Dimmer">
      <components>
        <string>Transform</string>
        <string>SpriteRenderer</string>
      </components>
    </SceneObject>
    <SceneObject path="Soul Totem 5/Soul Particles">
      <components>
        <string>Transform</string>
        <string>ParticleSystem</string>
        <string>ParticleSystemRenderer</string>
      </components>
    </SceneObject>
    <SceneObject path="Soul Totem 5/Glower">
      <components>
        <string>Transform</string>
        <string>SpriteRenderer</string>
      </components>
    </SceneObject>
    <SceneObject path="_0020_train9 (1)">
      <components>
        <string>Transform</string>
        <string>SpriteRenderer</string>
      </components>
    </SceneObject>
    <SceneObject path="bone_deep_0122_b (2)">
      <components>
        <string>Transform</string>
        <string>SpriteRenderer</string>
      </components>
    </SceneObject>
    <SceneObject path="_0027_train2 (1)">
      <components>
        <string>Transform</string>
        <string>SpriteRenderer</string>
      </components>
    </SceneObject>
    <SceneObject path="_Items">
      <components>
        <string>Transform</string>
      </components>
    </SceneObject>
    <SceneObject path="ancient_wall_pieces_0003_Color-Balance-1-copy-5 (3)">
      <components>
        <string>Transform</string>
        <string>SpriteRenderer</string>
      </components>
    </SceneObject>
    <SceneObject path="Template-TileMap Render Data">
      <components>
        <string>Transform</string>
      </components>
    </SceneObject>
    <SceneObject path="Template-TileMap Render Data/Scenemap">
      <components>
        <string>Transform</string>
      </components>
    </SceneObject>
    <SceneObject path="Template-TileMap Render Data/Scenemap/Chunk 0 0">
      <components>
        <string>Transform</string>
        <string>MeshFilter</string>
        <string>MeshRenderer</string>
        <string>EdgeCollider2D</string>
        <string>EdgeCollider2D</string>
      </components>
    </SceneObject>
    <SceneObject path="Template-TileMap Render Data/Scenemap/Chunk 0 1">
      <components>
        <string>Transform</string>
        <string>MeshFilter</string>
        <string>MeshRenderer</string>
        <string>EdgeCollider2D</string>
        <string>EdgeCollider2D</string>
      </components>
    </SceneObject>
    <SceneObject path="Template-TileMap Render Data/Scenemap/Chunk 0 2">
      <components>
        <string>Transform</string>
        <string>MeshFilter</string>
        <string>MeshRenderer</string>
        <string>EdgeCollider2D</string>
      </components>
    </SceneObject>
    <SceneObject path="deep_back_mid (2)">
      <components>
        <string>Transform</string>
        <string>SpriteRenderer</string>
      </components>
    </SceneObject>
    <SceneObject path="ancient_wall_pieces_0004_Color-Balance-1-copy-7 (3)">
      <components>
        <string>Transform</string>
        <string>SpriteRenderer</string>
      </components>
    </SceneObject>
    <SceneObject path="_0017_train12 (2)">
      <components>
        <string>Transform</string>
        <string>SpriteRenderer</string>
      </components>
    </SceneObject>
    <SceneObject path="Secret Mask">
      <components>
        <string>Transform</string>
        <string>SpriteRenderer</string>
        <string>PlayMakerFSM</string>
        <string>PersistentBoolItem</string>
        <string>BoxCollider2D</string>
      </components>
    </SceneObject>
    <SceneObject path="Secret Mask/msk_generic_soft">
      <components>
        <string>Transform</string>
        <string>SpriteRenderer</string>
      </components>
    </SceneObject>
    <SceneObject path="Secret Mask/haze2">
      <components>
        <string>Transform</string>
        <string>SpriteRenderer</string>
      </components>
    </SceneObject>
    <SceneObject path="stalactite_small_set (1)">
      <components>
        <string>Transform</string>
        <string>SpriteRenderer</string>
      </components>
    </SceneObject>
    <SceneObject path="white_ash_scenery_0002_3 (3)">
      <components>
        <string>Transform</string>
        <string>SpriteRenderer</string>
      </components>
    </SceneObject>
    <SceneObject path="white_ash_scenery_0003_4 (15)">
      <components>
        <string>Transform</string>
        <string>SpriteRenderer</string>
      </components>
    </SceneObject>
    <SceneObject path="_0020_train9">
      <components>
        <string>Transform</string>
        <string>SpriteRenderer</string>
      </components>
    </SceneObject>
    <SceneObject path="ancient_wall_pieces_0003_Color-Balance-1-copy-5 (6)">
      <components>
        <string>Transform</string>
        <string>SpriteRenderer</string>
      </components>
    </SceneObject>
    <SceneObject path="white_ash_scenery_0007_8 (1)">
      <components>
        <string>Transform</string>
        <string>SpriteRenderer</string>
      </components>
    </SceneObject>
    <SceneObject path="haze2">
      <components>
        <string>Transform</string>
        <string>SpriteRenderer</string>
      </components>
    </SceneObject>
    <SceneObject path="ash_grass_sil (1)">
      <components>
        <string>Transform</string>
        <string>SpriteRenderer</string>
        <string>Animator</string>
        <string>BoxCollider2D</string>
        <string>AudioSource</string>
        <string>GrassSpriteBehaviour</string>
      </components>
    </SceneObject>
    <SceneObject path="ash_grass_sil (1)/ash_grass_particles_still">
      <components>
        <string>Transform</string>
        <string>ParticleSystem</string>
        <string>ParticleSystemRenderer</string>
        <string>ParticleSystemAutoRecycle</string>
      </components>
    </SceneObject>
    <SceneObject path="ash_grass_sil (1)/ash_grass_particles_windy">
      <components>
        <string>Transform</string>
        <string>ParticleSystem</string>
        <string>ParticleSystemRenderer</string>
        <string>ParticleSystemAutoRecycle</string>
      </components>
    </SceneObject>
    <SceneObject path="ash_grass1000 (2)">
      <components>
        <string>Transform</string>
        <string>SpriteRenderer</string>
        <string>Animator</string>
        <string>BoxCollider2D</string>
        <string>AudioSource</string>
        <string>GrassSpriteBehaviour</string>
      </components>
    </SceneObject>
    <SceneObject path="ash_grass1000 (2)/ash_grass_particles">
      <components>
        <string>Transform</string>
        <string>ParticleSystem</string>
        <string>ParticleSystemRenderer</string>
        <string>ParticleSystemAutoRecycle</string>
      </components>
    </SceneObject>
    <SceneObject path="ash_grass_02001 (3)">
      <components>
        <string>Transform</string>
        <string>SpriteRenderer</string>
        <string>Animator</string>
        <string>BoxCollider2D</string>
        <string>AudioSource</string>
        <string>GrassSpriteBehaviour</string>
      </components>
    </SceneObject>
    <SceneObject path="ash_grass_02001 (3)/ash_grass_particles">
      <components>
        <string>Transform</string>
        <string>ParticleSystem</string>
        <string>ParticleSystemRenderer</string>
        <string>ParticleSystemAutoRecycle</string>
      </components>
    </SceneObject>
    <SceneObject path="_0018_train11">
      <components>
        <string>Transform</string>
        <string>SpriteRenderer</string>
      </components>
    </SceneObject>
    <SceneObject path="_0022_train7">
      <components>
        <string>Transform</string>
        <string>SpriteRenderer</string>
      </components>
    </SceneObject>
    <SceneObject path="_0025_train4 (2)">
      <components>
        <string>Transform</string>
        <string>SpriteRenderer</string>
      </components>
    </SceneObject>
    <SceneObject path="Giant Hopper Summon">
      <components>
        <string>Transform</string>
        <string>PlayMakerFSM</string>
      </components>
    </SceneObject>
    <SceneObject path="Giant Hopper Summon/Giant Hopper">
      <components>
        <string>Transform</string>
        <string>MeshFilter</string>
        <string>MeshRenderer</string>
        <string>tk2dSprite</string>
        <string>tk2dSpriteAnimator</string>
        <string>PlayMakerFSM</string>
        <string>Rigidbody2D</string>
        <string>AudioSource</string>
        <string>SetZ</string>
        <string>SpriteFlash</string>
        <string>PlayMakerFixedUpdate</string>
        <string>PlayMakerCollisionEnter2D</string>
        <string>PlayMakerCollisionStay2D</string>
        <string>Recoil</string>
        <string>EnemyDreamnailReaction</string>
        <string>InfectedEnemyEffects</string>
        <string>EnemyDeathEffects</string>
        <string>HealthManager</string>
        <string>ExtraDamageable</string>
        <string>DamageHero</string>
        <string>BoxCollider2D</string>
      </components>
    </SceneObject>
    <SceneObject path="Giant Hopper Summon/Giant Hopper/Dust Land Small">
      <components>
        <string>Transform</string>
        <string>ParticleSystem</string>
        <string>ParticleSystemRenderer</string>
        <string>KeepWorldScalePositive</string>
      </components>
    </SceneObject>
    <SceneObject path="Giant Hopper Summon/Giant Hopper/Alert Range">
      <components>
        <string>Transform</string>
        <string>BoxCollider2D</string>
        <string>PlayMakerFSM</string>
      </components>
    </SceneObject>
    <SceneObject path="Giant Hopper Summon/Giant Hopper/Unalert Range">
      <components>
        <string>Transform</string>
        <string>BoxCollider2D</string>
        <string>PlayMakerFSM</string>
      </components>
    </SceneObject>
    <SceneObject path="Giant Hopper Summon/Giant Hopper/Jump Trail">
      <components>
        <string>Transform</string>
        <string>ParticleSystem</string>
        <string>ParticleSystemRenderer</string>
        <string>PlayMakerFSM</string>
      </components>
    </SceneObject>
    <SceneObject path="Giant Hopper Summon/Giant Hopper (1)">
      <components>
        <string>Transform</string>
        <string>MeshFilter</string>
        <string>MeshRenderer</string>
        <string>tk2dSprite</string>
        <string>tk2dSpriteAnimator</string>
        <string>PlayMakerFSM</string>
        <string>Rigidbody2D</string>
        <string>AudioSource</string>
        <string>SetZ</string>
        <string>SpriteFlash</string>
        <string>PlayMakerFixedUpdate</string>
        <string>PlayMakerCollisionEnter2D</string>
        <string>PlayMakerCollisionStay2D</string>
        <string>Recoil</string>
        <string>EnemyDreamnailReaction</string>
        <string>InfectedEnemyEffects</string>
        <string>EnemyDeathEffects</string>
        <string>HealthManager</string>
        <string>ExtraDamageable</string>
        <string>DamageHero</string>
        <string>BoxCollider2D</string>
      </components>
    </SceneObject>
    <SceneObject path="Giant Hopper Summon/Giant Hopper (1)/Dust Land Small">
      <components>
        <string>Transform</string>
        <string>ParticleSystem</string>
        <string>ParticleSystemRenderer</string>
        <string>KeepWorldScalePositive</string>
      </components>
    </SceneObject>
    <SceneObject path="Giant Hopper Summon/Giant Hopper (1)/Alert Range">
      <components>
        <string>Transform</string>
        <string>BoxCollider2D</string>
        <string>PlayMakerFSM</string>
      </components>
    </SceneObject>
    <SceneObject path="Giant Hopper Summon/Giant Hopper (1)/Unalert Range">
      <components>
        <string>Transform</string>
        <string>BoxCollider2D</string>
        <string>PlayMakerFSM</string>
      </components>
    </SceneObject>
    <SceneObject path="Giant Hopper Summon/Giant Hopper (1)/Jump Trail">
      <components>
        <string>Transform</string>
        <string>ParticleSystem</string>
        <string>ParticleSystemRenderer</string>
        <string>PlayMakerFSM</string>
      </components>
    </SceneObject>
    <SceneObject path="Giant Hopper Summon/Antic Dust 1">
      <components>
        <string>Transform</string>
        <string>ParticleSystem</string>
        <string>ParticleSystemRenderer</string>
        <string>PlayMakerFSM</string>
      </components>
    </SceneObject>
    <SceneObject path="Giant Hopper Summon/Antic Dust 2">
      <components>
        <string>Transform</string>
        <string>ParticleSystem</string>
        <string>ParticleSystemRenderer</string>
        <string>PlayMakerFSM</string>
      </components>
    </SceneObject>
    <SceneObject path="Giant Hopper Summon/Antic Rocks 1">
      <components>
        <string>Transform</string>
        <string>ParticleSystemRenderer</string>
        <string>ParticleSystem</string>
      </components>
    </SceneObject>
    <SceneObject path="Giant Hopper Summon/Antic Rocks 2">
      <components>
        <string>Transform</string>
        <string>ParticleSystemRenderer</string>
        <string>ParticleSystem</string>
      </components>
    </SceneObject>
    <SceneObject path="Mini_totems_0000_7">
      <components>
        <string>Transform</string>
        <string>SpriteRenderer</string>
      </components>
    </SceneObject>
    <SceneObject path="white_ash_scenery_0003_4 (18)">
      <components>
        <string>Transform</string>
        <string>SpriteRenderer</string>
      </components>
    </SceneObject>
    <SceneObject path="deep_back_mid (4)">
      <components>
        <string>Transform</string>
        <string>SpriteRenderer</string>
      </components>
    </SceneObject>
    <SceneObject path="ancient_wall_pieces_0004_Color-Balance-1-copy-7 (4)">
      <components>
        <string>Transform</string>
        <string>SpriteRenderer</string>
      </components>
    </SceneObject>
    <SceneObject path="_0013_train16">
      <components>
        <string>Transform</string>
        <string>SpriteRenderer</string>
      </components>
    </SceneObject>
    <SceneObject path="ancient_wall_pieces_0003_Color-Balance-1-copy-5 (1)">
      <components>
        <string>Transform</string>
        <string>SpriteRenderer</string>
      </components>
    </SceneObject>
    <SceneObject path="ancient_wall_pieces_0004_Color-Balance-1-copy-7">
      <components>
        <string>Transform</string>
        <string>SpriteRenderer</string>
      </components>
    </SceneObject>
    <SceneObject path="deep_fg_small (46)">
      <components>
        <string>Transform</string>
      </components>
    </SceneObject>
    <SceneObject path="deep_fg_small (46)/bone_deep_0121_b 4">
      <components>
        <string>Transform</string>
        <string>SpriteRenderer</string>
      </components>
    </SceneObject>
    <SceneObject path="deep_fg_small (46)/deep_single_1b">
      <components>
        <string>Transform</string>
        <string>SpriteRenderer</string>
      </components>
    </SceneObject>
    <SceneObject path="bone_deep_0103_b_sil (22)">
      <components>
        <string>Transform</string>
        <string>SpriteRenderer</string>
      </components>
    </SceneObject>
    <SceneObject path="Quake Floor">
      <components>
        <string>Transform</string>
        <string>BoxCollider2D</string>
        <string>PlayMakerFSM</string>
        <string>PersistentBoolItem</string>
        <string>PlayMakerFSM</string>
        <string>PlayMakerCollisionEnter2D</string>
        <string>PlayMakerCollisionExit2D</string>
        <string>AudioSource</string>
        <string>PlayMakerFixedUpdate</string>
      </components>
    </SceneObject>
    <SceneObject path="Quake Floor/Active">
      <components>
        <string>Transform</string>
      </components>
    </SceneObject>
    <SceneObject path="Quake Floor/Active/Sprite">
      <components>
        <string>Transform</string>
        <string>SpriteRenderer</string>
      </components>
    </SceneObject>
    <SceneObject path="Quake Floor/Debris">
      <components>
        <string>Transform</string>
      </components>
    </SceneObject>
    <SceneObject path="Quake Floor/Effects">
      <components>
        <string>Transform</string>
      </components>
    </SceneObject>
    <SceneObject path="Quake Floor/Effects/Dust Collapse Small">
      <components>
        <string>Transform</string>
        <string>ParticleSystem</string>
        <string>ParticleSystemRenderer</string>
        <string>ParticleSystemAutoDestroy</string>
      </components>
    </SceneObject>
    <SceneObject path="Quake Floor/Effects/Crack 1">
      <components>
        <string>Transform</string>
        <string>MeshFilter</string>
        <string>MeshRenderer</string>
        <string>tk2dSprite</string>
        <string>tk2dSpriteAnimator</string>
        <string>PlayMakerFSM</string>
      </components>
    </SceneObject>
    <SceneObject path="Quake Floor/Effects/Crack 1 (1)">
      <components>
        <string>Transform</string>
        <string>MeshFilter</string>
        <string>MeshRenderer</string>
        <string>tk2dSprite</string>
        <string>tk2dSpriteAnimator</string>
        <string>PlayMakerFSM</string>
      </components>
    </SceneObject>
    <SceneObject path="Quake Floor/Inactive">
      <components>
        <string>Transform</string>
      </components>
    </SceneObject>
    <SceneObject path="Quake Floor/Pt Rocks">
      <components>
        <string>Transform</string>
        <string>ParticleSystem</string>
        <string>ParticleSystemRenderer</string>
      </components>
    </SceneObject>
    <SceneObject path="Quake Floor/Pt Break Rocks">
      <components>
        <string>Transform</string>
        <string>ParticleSystem</string>
        <string>ParticleSystemRenderer</string>
      </components>
    </SceneObject>
    <SceneObject path="ancient_wall_pieces_0003_Color-Balance-1-copy-5 (2)">
      <components>
        <string>Transform</string>
        <string>SpriteRenderer</string>
      </components>
    </SceneObject>
    <SceneObject path="white_ash_scenery_0002_3 (7)">
      <components>
        <string>Transform</string>
        <string>SpriteRenderer</string>
      </components>
    </SceneObject>
    <SceneObject path="white_ash_scenery_0005_6 (13)">
      <components>
        <string>Transform</string>
        <string>SpriteRenderer</string>
      </components>
    </SceneObject>
    <SceneObject path="white_ash_scenery_0003_4 (11)">
      <components>
        <string>Transform</string>
        <string>SpriteRenderer</string>
      </components>
    </SceneObject>
    <SceneObject path="white_ash_scenery_0003_4 (9)">
      <components>
        <string>Transform</string>
        <string>SpriteRenderer</string>
      </components>
    </SceneObject>
    <SceneObject path="ash_grass_02_sil">
      <components>
        <string>Transform</string>
        <string>SpriteRenderer</string>
        <string>Animator</string>
        <string>BoxCollider2D</string>
        <string>AudioSource</string>
        <string>GrassSpriteBehaviour</string>
      </components>
    </SceneObject>
    <SceneObject path="ash_grass_02_sil/ash_grass_particles_windy">
      <components>
        <string>Transform</string>
        <string>ParticleSystem</string>
        <string>ParticleSystemRenderer</string>
        <string>ParticleSystemAutoRecycle</string>
      </components>
    </SceneObject>
    <SceneObject path="ash_grass_02_sil/ash_grass_particles_still">
      <components>
        <string>Transform</string>
        <string>ParticleSystem</string>
        <string>ParticleSystemRenderer</string>
        <string>ParticleSystemAutoRecycle</string>
      </components>
    </SceneObject>
    <SceneObject path="Template-TileMap">
      <components>
        <string>Transform</string>
        <string>tk2dTileMap</string>
      </components>
    </SceneObject>
    <SceneObject path="ancient_wall_pieces_0003_Color-Balance-1-copy-5 (7)">
      <components>
        <string>Transform</string>
        <string>SpriteRenderer</string>
      </components>
    </SceneObject>
    <SceneObject path="white_ash_scenery_0003_4 (16)">
      <components>
        <string>Transform</string>
        <string>SpriteRenderer</string>
      </components>
    </SceneObject>
    <SceneObject path="_Managers">
      <components>
        <string>Transform</string>
      </components>
    </SceneObject>
    <SceneObject path="_Managers/PlayMaker Unity 2D">
      <components>
        <string>Transform</string>
        <string>PlayMakerFSM</string>
        <string>PlayMakerUnity2d</string>
        <string>PlayMakerCollisionEnter2D</string>
        <string>PlayMakerCollisionExit2D</string>
        <string>PlayMakerCollisionStay2D</string>
        <string>PlayMakerTriggerEnter2D</string>
        <string>PlayMakerTriggerExit2D</string>
        <string>PlayMakerTriggerStay2D</string>
      </components>
    </SceneObject>
    <SceneObject path="white_ash_scenery_0000_1">
      <components>
        <string>Transform</string>
        <string>SpriteRenderer</string>
      </components>
    </SceneObject>
    <SceneObject path="GradeMarker">
      <components>
        <string>Transform</string>
        <string>GradeMarker</string>
      </components>
    </SceneObject>
    <SceneObject path="deep_back_mid (3)">
      <components>
        <string>Transform</string>
        <string>SpriteRenderer</string>
      </components>
    </SceneObject>
    <SceneObject path="white_ash_scenery_0003_4 (10)">
      <components>
        <string>Transform</string>
        <string>SpriteRenderer</string>
      </components>
    </SceneObject>
    <SceneObject path="_Props">
      <components>
        <string>Transform</string>
      </components>
    </SceneObject>
    <SceneObject path="ancient_wall_pieces_0010_Color-Balance-1-copy-19 (1)">
      <components>
        <string>Transform</string>
        <string>SpriteRenderer</string>
      </components>
    </SceneObject>
    <SceneObject path="white_ash_scenery_0003_4 (19)">
      <components>
        <string>Transform</string>
        <string>SpriteRenderer</string>
      </components>
    </SceneObject>
    <SceneObject path="white_ash_scenery_0005_6 (3)">
      <components>
        <string>Transform</string>
        <string>SpriteRenderer</string>
      </components>
    </SceneObject>
    <SceneObject path="black_solid 415 (2)">
      <components>
        <string>Transform</string>
        <string>SpriteRenderer</string>
      </components>
    </SceneObject>
    <SceneObject path="Warrior">
      <components>
        <string>Transform</string>
      </components>
    </SceneObject>
    <SceneObject path="Warrior/Ghost Warrior Markoth">
      <components>
        <string>Transform</string>
        <string>MeshRenderer</string>
        <string>MeshFilter</string>
        <string>tk2dSprite</string>
        <string>Rigidbody2D</string>
        <string>tk2dSpriteAnimator</string>
        <string>PlayMakerFixedUpdate</string>
        <string>AudioSource</string>
        <string>SetZ</string>
        <string>BoxCollider2D</string>
        <string>SpriteFlash</string>
        <string>PlayMakerFSM</string>
        <string>PlayMakerFSM</string>
        <string>PlayMakerFSM</string>
        <string>PersonalObjectPool</string>
        <string>PlayMakerFSM</string>
        <string>PlayMakerFSM</string>
        <string>PlayMakerCollisionEnter2D</string>
        <string>PlayMakerCollisionStay2D</string>
        <string>PlayMakerFSM</string>
        <string>DamageHero</string>
        <string>ExtraDamageable</string>
        <string>HealthManager</string>
        <string>EnemyDeathEffectsNoEffect</string>
        <string>EnemyHitEffectsGhost</string>
        <string>Recoil</string>
      </components>
    </SceneObject>
    <SceneObject path="Warrior/Ghost Warrior Markoth/Idle Pt">
      <components>
        <string>Transform</string>
        <string>ParticleSystem</string>
        <string>ParticleSystemRenderer</string>
      </components>
    </SceneObject>
    <SceneObject path="Warrior/Ghost Warrior Markoth/Rush">
      <components>
        <string>Transform</string>
        <string>MeshRenderer</string>
        <string>MeshFilter</string>
        <string>tk2dSprite</string>
        <string>tk2dSpriteAnimator</string>
        <string>PlayMakerFSM</string>
      </components>
    </SceneObject>
    <SceneObject path="Warrior/Ghost Warrior Markoth/Warp">
      <components>
        <string>Transform</string>
        <string>MeshRenderer</string>
        <string>MeshFilter</string>
        <string>tk2dSprite</string>
        <string>tk2dSpriteAnimator</string>
        <string>PlayMakerFSM</string>
        <string>PlayMakerFSM</string>
      </components>
    </SceneObject>
    <SceneObject path="Warrior/Ghost Warrior Markoth/Target">
      <components>
        <string>Transform</string>
      </components>
    </SceneObject>
    <SceneObject path="Warrior/Ghost Warrior Markoth/White Flash">
      <components>
        <string>Transform</string>
        <string>SpriteRenderer</string>
        <string>PlayMakerFSM</string>
      </components>
    </SceneObject>
    <SceneObject path="Warrior/Ghost Warrior Markoth/Attack Pt">
      <components>
        <string>Transform</string>
        <string>ParticleSystem</string>
        <string>ParticleSystemRenderer</string>
      </components>
    </SceneObject>
    <SceneObject path="Warrior/Ghost Warrior Markoth/Warp Out">
      <components>
        <string>Transform</string>
        <string>MeshRenderer</string>
        <string>MeshFilter</string>
        <string>tk2dSprite</string>
        <string>tk2dSpriteAnimator</string>
        <string>PlayMakerFSM</string>
        <string>PlayMakerFSM</string>
      </components>
    </SceneObject>
    <SceneObject path="white_ash_scenery_0003_4 (13)">
      <components>
        <string>Transform</string>
        <string>SpriteRenderer</string>
      </components>
    </SceneObject>
    <SceneObject path="white_ash_scenery_0005_6 (5)">
      <components>
        <string>Transform</string>
        <string>SpriteRenderer</string>
      </components>
    </SceneObject>
    <SceneObject path="white_ash_scenery_0003_4 (22)">
      <components>
        <string>Transform</string>
        <string>SpriteRenderer</string>
      </components>
    </SceneObject>
    <SceneObject path="deep_fg_1 (3)">
      <components>
        <string>Transform</string>
      </components>
    </SceneObject>
    <SceneObject path="deep_fg_1 (3)/bone_deep_0104_b">
      <components>
        <string>Transform</string>
        <string>SpriteRenderer</string>
      </components>
    </SceneObject>
    <SceneObject path="deep_fg_1 (3)/bone_deep_0103_b">
      <components>
        <string>Transform</string>
        <string>SpriteRenderer</string>
      </components>
    </SceneObject>
    <SceneObject path="deep_fg_1 (3)/bone_deep_0102_b">
      <components>
        <string>Transform</string>
        <string>SpriteRenderer</string>
      </components>
    </SceneObject>
    <SceneObject path="deep_fg_1 (3)/bone_deep_0101_b">
      <components>
        <string>Transform</string>
        <string>SpriteRenderer</string>
      </components>
    </SceneObject>
    <SceneObject path="deep_fg_1 (3)/bone_deep_0104_b (1)">
      <components>
        <string>Transform</string>
        <string>SpriteRenderer</string>
      </components>
    </SceneObject>
    <SceneObject path="deep_fg_1 (3)/bone_deep_0104_b (3)">
      <components>
        <string>Transform</string>
        <string>SpriteRenderer</string>
      </components>
    </SceneObject>
    <SceneObject path="Secret Sound Region">
      <components>
        <string>Transform</string>
        <string>SpriteRenderer</string>
        <string>PlayMakerFSM</string>
        <string>PersistentBoolItem</string>
        <string>BoxCollider2D</string>
        <string>AudioSource</string>
      </components>
    </SceneObject>
    <SceneObject path="deep_fg_small (50)">
      <components>
        <string>Transform</string>
      </components>
    </SceneObject>
    <SceneObject path="deep_fg_small (50)/bone_deep_0121_b 4">
      <components>
        <string>Transform</string>
        <string>SpriteRenderer</string>
      </components>
    </SceneObject>
    <SceneObject path="deep_fg_small (50)/deep_single_1b">
      <components>
        <string>Transform</string>
        <string>SpriteRenderer</string>
      </components>
    </SceneObject>
    <SceneObject path="_NPCs">
      <components>
        <string>Transform</string>
      </components>
    </SceneObject>
    <SceneObject path="_0017_train12">
      <components>
        <string>Transform</string>
        <string>SpriteRenderer</string>
      </components>
    </SceneObject>
    <SceneObject path="_0023_train6 (2)">
      <components>
        <string>Transform</string>
        <string>SpriteRenderer</string>
      </components>
    </SceneObject>
    <SceneObject path="_0017_train12 (1)">
      <components>
        <string>Transform</string>
        <string>SpriteRenderer</string>
      </components>
    </SceneObject>
    <SceneObject path="deep_floor_tilable">
      <components>
        <string>Transform</string>
      </components>
    </SceneObject>
    <SceneObject path="deep_floor_tilable/deep_floor 5">
      <components>
        <string>Transform</string>
      </components>
    </SceneObject>
    <SceneObject path="deep_floor_tilable/deep_floor 5/bone_deep_0127_n">
      <components>
        <string>Transform</string>
        <string>SpriteRenderer</string>
      </components>
    </SceneObject>
    <SceneObject path="deep_floor_tilable/deep_floor 5/bone_deep_0126_n">
      <components>
        <string>Transform</string>
        <string>SpriteRenderer</string>
      </components>
    </SceneObject>
    <SceneObject path="deep_floor_tilable/deep_floor 5/GameObject">
      <components>
        <string>Transform</string>
      </components>
    </SceneObject>
    <SceneObject path="deep_floor_tilable/deep_floor 4">
      <components>
        <string>Transform</string>
      </components>
    </SceneObject>
    <SceneObject path="deep_floor_tilable/deep_floor 4/bone_deep_0127_n">
      <components>
        <string>Transform</string>
        <string>SpriteRenderer</string>
      </components>
    </SceneObject>
    <SceneObject path="deep_floor_tilable/deep_floor 4/bone_deep_0126_n">
      <components>
        <string>Transform</string>
        <string>SpriteRenderer</string>
      </components>
    </SceneObject>
    <SceneObject path="ash_grass_02001 (1)">
      <components>
        <string>Transform</string>
        <string>SpriteRenderer</string>
        <string>Animator</string>
        <string>BoxCollider2D</string>
        <string>AudioSource</string>
        <string>GrassSpriteBehaviour</string>
      </components>
    </SceneObject>
    <SceneObject path="ash_grass_02001 (1)/ash_grass_particles">
      <components>
        <string>Transform</string>
        <string>ParticleSystem</string>
        <string>ParticleSystemRenderer</string>
        <string>ParticleSystemAutoRecycle</string>
      </components>
    </SceneObject>
    <SceneObject path="ancient_wall_pieces_0004_Color-Balance-1-copy-7 (1)">
      <components>
        <string>Transform</string>
        <string>SpriteRenderer</string>
      </components>
    </SceneObject>
    <SceneObject path="_Enemies">
      <components>
        <string>Transform</string>
      </components>
    </SceneObject>
    <SceneObject path="_0015_train14">
      <components>
        <string>Transform</string>
        <string>SpriteRenderer</string>
      </components>
    </SceneObject>
    <SceneObject path="ash_grass_01">
      <components>
        <string>Transform</string>
        <string>SpriteRenderer</string>
        <string>Animator</string>
        <string>BoxCollider2D</string>
        <string>AudioSource</string>
        <string>GrassSpriteBehaviour</string>
      </components>
    </SceneObject>
    <SceneObject path="ash_grass_01/ash_grass_particles">
      <components>
        <string>Transform</string>
        <string>ParticleSystem</string>
        <string>ParticleSystemRenderer</string>
        <string>ParticleSystemAutoRecycle</string>
      </components>
    </SceneObject>
    <SceneObject path="ancient_wall_pieces_0010_Color-Balance-1-copy-19">
      <components>
        <string>Transform</string>
        <string>SpriteRenderer</string>
      </components>
    </SceneObject>
    <SceneObject path="deep_fg_small (47)">
      <components>
        <string>Transform</string>
      </components>
    </SceneObject>
    <SceneObject path="deep_fg_small (47)/bone_deep_0121_b 4">
      <components>
        <string>Transform</string>
        <string>SpriteRenderer</string>
      </components>
    </SceneObject>
    <SceneObject path="deep_fg_small (47)/deep_single_1b">
      <components>
        <string>Transform</string>
        <string>SpriteRenderer</string>
      </components>
    </SceneObject>
    <SceneObject path="deep_fg_small (47)/deep_single_1b (1)">
      <components>
        <string>Transform</string>
        <string>SpriteRenderer</string>
      </components>
    </SceneObject>
    <SceneObject path="white_ash_scenery_0003_4 (1)">
      <components>
        <string>Transform</string>
        <string>SpriteRenderer</string>
      </components>
    </SceneObject>
    <SceneObject path="deep_mid_back2">
      <components>
        <string>Transform</string>
        <string>SpriteRenderer</string>
      </components>
    </SceneObject>
    <SceneObject path="left1">
      <components>
        <string>Transform</string>
        <string>BoxCollider2D</string>
        <string>TransitionPoint</string>
        <string>GateSnap</string>
      </components>
    </SceneObject>
    <SceneObject path="left1/EnemyDetector">
      <components>
        <string>Transform</string>
        <string>BoxCollider2D</string>
        <string>PlayMakerFSM</string>
        <string>PlayMakerCollisionEnter2D</string>
      </components>
    </SceneObject>
    <SceneObject path="left1/Hazard Respawn Marker">
      <components>
        <string>Transform</string>
        <string>HazardRespawnMarker</string>
      </components>
    </SceneObject>
    <SceneObject path="left1/haze2 (3)">
      <components>
        <string>Transform</string>
        <string>SpriteRenderer</string>
      </components>
    </SceneObject>
    <SceneObject path="stalactite_small_set">
      <components>
        <string>Transform</string>
        <string>SpriteRenderer</string>
      </components>
    </SceneObject>
    <SceneObject path="white_ash_scenery_0005_6 (2)">
      <components>
        <string>Transform</string>
        <string>SpriteRenderer</string>
      </components>
    </SceneObject>
    <SceneObject path="white_ash_scenery_0003_4 (14)">
      <components>
        <string>Transform</string>
        <string>SpriteRenderer</string>
      </components>
    </SceneObject>
    <SceneObject path="bone_deep_0103_b_sil (25)">
      <components>
        <string>Transform</string>
        <string>SpriteRenderer</string>
      </components>
    </SceneObject>
    <SceneObject path="BlurPlane">
      <components>
        <string>Transform</string>
        <string>MeshFilter</string>
        <string>MeshRenderer</string>
        <string>BlurPlane</string>
      </components>
    </SceneObject>
    <SceneObject path="white_ash_scenery_0003_4 (21)">
      <components>
        <string>Transform</string>
        <string>SpriteRenderer</string>
      </components>
    </SceneObject>
    <SceneObject path="_0025_train4 (1)">
      <components>
        <string>Transform</string>
        <string>SpriteRenderer</string>
      </components>
    </SceneObject>
    <SceneObject path="Outskirts_tooth fg (1)">
      <components>
        <string>Transform</string>
        <string>SpriteRenderer</string>
      </components>
    </SceneObject>
    <SceneObject path="_0026_train3">
      <components>
        <string>Transform</string>
        <string>SpriteRenderer</string>
      </components>
    </SceneObject>
    <SceneObject path="_0027_train2 (5)">
      <components>
        <string>Transform</string>
        <string>SpriteRenderer</string>
      </components>
    </SceneObject>
    <SceneObject path="ash_grass_sil (2)">
      <components>
        <string>Transform</string>
        <string>SpriteRenderer</string>
        <string>Animator</string>
        <string>BoxCollider2D</string>
        <string>AudioSource</string>
        <string>GrassSpriteBehaviour</string>
      </components>
    </SceneObject>
    <SceneObject path="ash_grass_sil (2)/ash_grass_particles_still">
      <components>
        <string>Transform</string>
        <string>ParticleSystem</string>
        <string>ParticleSystemRenderer</string>
        <string>ParticleSystemAutoRecycle</string>
      </components>
    </SceneObject>
    <SceneObject path="ash_grass_sil (2)/ash_grass_particles_windy">
      <components>
        <string>Transform</string>
        <string>ParticleSystem</string>
        <string>ParticleSystemRenderer</string>
        <string>ParticleSystemAutoRecycle</string>
      </components>
    </SceneObject>
    <SceneObject path="deep_back_mid">
      <components>
        <string>Transform</string>
        <string>SpriteRenderer</string>
      </components>
    </SceneObject>
    <SceneObject path="deep_fg_small (40)">
      <components>
        <string>Transform</string>
      </components>
    </SceneObject>
    <SceneObject path="deep_fg_small (40)/bone_deep_0121_b 4">
      <components>
        <string>Transform</string>
        <string>SpriteRenderer</string>
      </components>
    </SceneObject>
    <SceneObject path="deep_fg_small (40)/deep_single_1b">
      <components>
        <string>Transform</string>
        <string>SpriteRenderer</string>
      </components>
    </SceneObject>
    <SceneObject path="deep_fg_small (40)/deep_single_1b (1)">
      <components>
        <string>Transform</string>
        <string>SpriteRenderer</string>
      </components>
    </SceneObject>
    <SceneObject path="black_solid 415 (1)">
      <components>
        <string>Transform</string>
        <string>SpriteRenderer</string>
      </components>
    </SceneObject>
    <SceneObject path="white_ash_scenery_0005_6 (14)">
      <components>
        <string>Transform</string>
        <string>SpriteRenderer</string>
      </components>
    </SceneObject>
    <SceneObject path="deep_fg_small (39)">
      <components>
        <string>Transform</string>
      </components>
    </SceneObject>
    <SceneObject path="deep_fg_small (39)/bone_deep_0121_b 4">
      <components>
        <string>Transform</string>
        <string>SpriteRenderer</string>
      </components>
    </SceneObject>
    <SceneObject path="deep_fg_small (39)/deep_single_1b">
      <components>
        <string>Transform</string>
        <string>SpriteRenderer</string>
      </components>
    </SceneObject>
    <SceneObject path="deep_fg_small (49)">
      <components>
        <string>Transform</string>
      </components>
    </SceneObject>
    <SceneObject path="deep_fg_small (49)/bone_deep_0121_b 4">
      <components>
        <string>Transform</string>
        <string>SpriteRenderer</string>
      </components>
    </SceneObject>
    <SceneObject path="deep_fg_small (49)/deep_single_1b">
      <components>
        <string>Transform</string>
        <string>SpriteRenderer</string>
      </components>
    </SceneObject>
    <SceneObject path="deep_fg_small (49)/deep_single_1b (1)">
      <components>
        <string>Transform</string>
        <string>SpriteRenderer</string>
      </components>
    </SceneObject>
    <SceneObject path="white_ash_scenery_0005_6">
      <components>
        <string>Transform</string>
        <string>SpriteRenderer</string>
      </components>
    </SceneObject>
    <SceneObject path="deepnest_stalactites (4)">
      <components>
        <string>Transform</string>
        <string>SpriteRenderer</string>
      </components>
    </SceneObject>
    <SceneObject path="deepnest_stalactites (4)/deepnest_stalactites">
      <components>
        <string>Transform</string>
        <string>SpriteRenderer</string>
      </components>
    </SceneObject>
    <SceneObject path="deepnest_stalactites (4)/deepnest_stalactites (1)">
      <components>
        <string>Transform</string>
        <string>SpriteRenderer</string>
      </components>
    </SceneObject>
    <SceneObject path="deepnest_stalactites (4)/deepnest_stalactites (2)">
      <components>
        <string>Transform</string>
        <string>SpriteRenderer</string>
      </components>
    </SceneObject>
    <SceneObject path="deepnest_stalactites (4)/deepnest_stalactites (3)">
      <components>
        <string>Transform</string>
        <string>SpriteRenderer</string>
      </components>
    </SceneObject>
    <SceneObject path="deepnest_stalactites (4)/deepnest_stalactites (4)">
      <components>
        <string>Transform</string>
        <string>SpriteRenderer</string>
      </components>
    </SceneObject>
    <SceneObject path="deepnest_stalactites (4)/deepnest_stalactites (8)">
      <components>
        <string>Transform</string>
        <string>SpriteRenderer</string>
      </components>
    </SceneObject>
    <SceneObject path="deepnest_stalactites (4)/deepnest_stalactites (9)">
      <components>
        <string>Transform</string>
        <string>SpriteRenderer</string>
      </components>
    </SceneObject>
    <SceneObject path="deepnest_stalactites (4)/deepnest_stalactites (11)">
      <components>
        <string>Transform</string>
        <string>SpriteRenderer</string>
      </components>
    </SceneObject>
    <SceneObject path="deepnest_stalactites (4)/deepnest_stalactites (13)">
      <components>
        <string>Transform</string>
        <string>SpriteRenderer</string>
      </components>
    </SceneObject>
    <SceneObject path="deepnest_stalactites (4)/deepnest_stalactites (5)">
      <components>
        <string>Transform</string>
        <string>SpriteRenderer</string>
      </components>
    </SceneObject>
    <SceneObject path="ancient_wall_pieces_0004_Color-Balance-1-copy-7 (2)">
      <components>
        <string>Transform</string>
        <string>SpriteRenderer</string>
      </components>
    </SceneObject>
    <SceneObject path="deep_fg_small (44)">
      <components>
        <string>Transform</string>
      </components>
    </SceneObject>
    <SceneObject path="deep_fg_small (44)/bone_deep_0121_b 4">
      <components>
        <string>Transform</string>
        <string>SpriteRenderer</string>
      </components>
    </SceneObject>
    <SceneObject path="deep_fg_small (44)/deep_single_1b">
      <components>
        <string>Transform</string>
        <string>SpriteRenderer</string>
      </components>
    </SceneObject>
    <SceneObject path="white_ash_scenery_0000_1 (1)">
      <components>
        <string>Transform</string>
        <string>SpriteRenderer</string>
      </components>
    </SceneObject>
    <SceneObject path="white_ash_scenery_0003_4 (2)">
      <components>
        <string>Transform</string>
        <string>SpriteRenderer</string>
      </components>
    </SceneObject>
    <SceneObject path="_0025_train4">
      <components>
        <string>Transform</string>
        <string>SpriteRenderer</string>
      </components>
    </SceneObject>
    <SceneObject path="haze2 (2)">
      <components>
        <string>Transform</string>
        <string>SpriteRenderer</string>
      </components>
    </SceneObject>
    <SceneObject path="ash_grass_02001 (2)">
      <components>
        <string>Transform</string>
        <string>SpriteRenderer</string>
        <string>Animator</string>
        <string>BoxCollider2D</string>
        <string>AudioSource</string>
        <string>GrassSpriteBehaviour</string>
      </components>
    </SceneObject>
    <SceneObject path="ash_grass_02001 (2)/ash_grass_particles">
      <components>
        <string>Transform</string>
        <string>ParticleSystem</string>
        <string>ParticleSystemRenderer</string>
        <string>ParticleSystemAutoRecycle</string>
      </components>
    </SceneObject>
    <SceneObject path="white_ash_scenery_0002_3 (2)">
      <components>
        <string>Transform</string>
        <string>SpriteRenderer</string>
      </components>
    </SceneObject>
    <SceneObject path="_0024_train5">
      <components>
        <string>Transform</string>
        <string>SpriteRenderer</string>
      </components>
    </SceneObject>
    <SceneObject path="ash_grass_02">
      <components>
        <string>Transform</string>
        <string>SpriteRenderer</string>
        <string>Animator</string>
        <string>BoxCollider2D</string>
        <string>AudioSource</string>
        <string>GrassSpriteBehaviour</string>
      </components>
    </SceneObject>
    <SceneObject path="ash_grass_02/ash_grass_particles">
      <components>
        <string>Transform</string>
        <string>ParticleSystem</string>
        <string>ParticleSystemRenderer</string>
        <string>ParticleSystemAutoRecycle</string>
      </components>
    </SceneObject>
    <SceneObject path="white_ash_scenery_0002_3">
      <components>
        <string>Transform</string>
        <string>SpriteRenderer</string>
      </components>
    </SceneObject>
    <SceneObject path="white_ash_scenery_0003_4 (20)">
      <components>
        <string>Transform</string>
        <string>SpriteRenderer</string>
      </components>
    </SceneObject>
    <SceneObject path="deep_fg_1">
      <components>
        <string>Transform</string>
      </components>
    </SceneObject>
    <SceneObject path="deep_fg_1/bone_deep_0104_b">
      <components>
        <string>Transform</string>
        <string>SpriteRenderer</string>
      </components>
    </SceneObject>
    <SceneObject path="deep_fg_1/bone_deep_0103_b">
      <components>
        <string>Transform</string>
        <string>SpriteRenderer</string>
      </components>
    </SceneObject>
    <SceneObject path="deep_fg_1/bone_deep_0102_b">
      <components>
        <string>Transform</string>
        <string>SpriteRenderer</string>
      </components>
    </SceneObject>
    <SceneObject path="deep_fg_1/bone_deep_0101_b">
      <components>
        <string>Transform</string>
        <string>SpriteRenderer</string>
      </components>
    </SceneObject>
    <SceneObject path="deep_fg_1/bone_deep_0103_b (1)">
      <components>
        <string>Transform</string>
        <string>SpriteRenderer</string>
      </components>
    </SceneObject>
    <SceneObject path="deep_fg_1/bone_deep_0103_b (2)">
      <components>
        <string>Transform</string>
        <string>SpriteRenderer</string>
      </components>
    </SceneObject>
    <SceneObject path="deep_fg_1/bone_deep_0103_b (3)">
      <components>
        <string>Transform</string>
        <string>SpriteRenderer</string>
      </components>
    </SceneObject>
    <SceneObject path="deep_fg_1/bone_deep_0103_b (4)">
      <components>
        <string>Transform</string>
        <string>SpriteRenderer</string>
      </components>
    </SceneObject>
    <SceneObject path="deep_mid_back2 (1)">
      <components>
        <string>Transform</string>
        <string>SpriteRenderer</string>
      </components>
    </SceneObject>
    <SceneObject path="black_solid 415">
      <components>
        <string>Transform</string>
        <string>SpriteRenderer</string>
      </components>
    </SceneObject>
    <SceneObject path="ash_grass_02001 (5)">
      <components>
        <string>Transform</string>
        <string>SpriteRenderer</string>
        <string>Animator</string>
        <string>BoxCollider2D</string>
        <string>AudioSource</string>
        <string>GrassSpriteBehaviour</string>
      </components>
    </SceneObject>
    <SceneObject path="ash_grass_02001 (5)/ash_grass_particles">
      <components>
        <string>Transform</string>
        <string>ParticleSystem</string>
        <string>ParticleSystemRenderer</string>
        <string>ParticleSystemAutoRecycle</string>
      </components>
    </SceneObject>
    <SceneObject path="white_ash_scenery_0002_3 (1)">
      <components>
        <string>Transform</string>
        <string>SpriteRenderer</string>
      </components>
    </SceneObject>
    <SceneObject path="white_ash_scenery_0005_6 (1)">
      <components>
        <string>Transform</string>
        <string>SpriteRenderer</string>
      </components>
    </SceneObject>
    <SceneObject path="_Effects">
      <components>
        <string>Transform</string>
      </components>
    </SceneObject>
    <SceneObject path="bone_deep_0103_b_sil (19)">
      <components>
        <string>Transform</string>
        <string>SpriteRenderer</string>
      </components>
    </SceneObject>
    <SceneObject path="_0027_train2">
      <components>
        <string>Transform</string>
        <string>SpriteRenderer</string>
      </components>
    </SceneObject>
    <SceneObject path="ancient_wall_pieces_0003_Color-Balance-1-copy-5 (4)">
      <components>
        <string>Transform</string>
        <string>SpriteRenderer</string>
      </components>
    </SceneObject>
    <SceneObject path="deep_fg_small (48)">
      <components>
        <string>Transform</string>
      </components>
    </SceneObject>
    <SceneObject path="deep_fg_small (48)/bone_deep_0121_b 4">
      <components>
        <string>Transform</string>
        <string>SpriteRenderer</string>
      </components>
    </SceneObject>
    <SceneObject path="deep_fg_small (48)/deep_single_1b">
      <components>
        <string>Transform</string>
        <string>SpriteRenderer</string>
      </components>
    </SceneObject>
    <SceneObject path="deep_fg_small (48)/deep_single_1b (1)">
      <components>
        <string>Transform</string>
        <string>SpriteRenderer</string>
      </components>
    </SceneObject>
    <SceneObject path="bone_deep_0103_b_sil (15)">
      <components>
        <string>Transform</string>
        <string>SpriteRenderer</string>
      </components>
    </SceneObject>
    <SceneObject path="bone_deep_0103_b_sil (21)">
      <components>
        <string>Transform</string>
        <string>SpriteRenderer</string>
      </components>
    </SceneObject>
    <SceneObject path="black_solid 415 (3)">
      <components>
        <string>Transform</string>
        <string>SpriteRenderer</string>
      </components>
    </SceneObject>
    <SceneObject path="white_ash_scenery_0003_4 (6)">
      <components>
        <string>Transform</string>
        <string>SpriteRenderer</string>
      </components>
    </SceneObject>
    <SceneObject path="white_ash_scenery_0003_4 (3)">
      <components>
        <string>Transform</string>
        <string>SpriteRenderer</string>
      </components>
    </SceneObject>
    <SceneObject path="white_ash_scenery_0003_4 (12)">
      <components>
        <string>Transform</string>
        <string>SpriteRenderer</string>
      </components>
    </SceneObject>
    <SceneObject path="_0023_train6 (1)">
      <components>
        <string>Transform</string>
        <string>SpriteRenderer</string>
      </components>
    </SceneObject>
    <SceneObject path="white_ash_scenery_0005_6 (4)">
      <components>
        <string>Transform</string>
        <string>SpriteRenderer</string>
      </components>
    </SceneObject>
    <SceneObject path="white_ash_scenery_0003_4 (8)">
      <components>
        <string>Transform</string>
        <string>SpriteRenderer</string>
      </components>
    </SceneObject>
    <SceneObject path="ancient_wall_pieces_0003_Color-Balance-1-copy-5 (5)">
      <components>
        <string>Transform</string>
        <string>SpriteRenderer</string>
      </components>
    </SceneObject>
    <SceneObject path="white_ash_scenery_0007_8 (2)">
      <components>
        <string>Transform</string>
        <string>SpriteRenderer</string>
      </components>
    </SceneObject>
    <SceneObject path="deepnest_stalactites (3)">
      <components>
        <string>Transform</string>
        <string>SpriteRenderer</string>
      </components>
    </SceneObject>
    <SceneObject path="_0027_train2 (2)">
      <components>
        <string>Transform</string>
        <string>SpriteRenderer</string>
      </components>
    </SceneObject>
    <SceneObject path="bone_deep_0103_b_sil (9)">
      <components>
        <string>Transform</string>
        <string>SpriteRenderer</string>
      </components>
    </SceneObject>
    <SceneObject path="Outskirts_tooth fg">
      <components>
        <string>Transform</string>
        <string>SpriteRenderer</string>
      </components>
    </SceneObject>
    <SceneObject path="ash_grass_02_sil (2)">
      <components>
        <string>Transform</string>
        <string>SpriteRenderer</string>
        <string>Animator</string>
        <string>BoxCollider2D</string>
        <string>AudioSource</string>
        <string>GrassSpriteBehaviour</string>
      </components>
    </SceneObject>
    <SceneObject path="ash_grass_02_sil (2)/ash_grass_particles_windy">
      <components>
        <string>Transform</string>
        <string>ParticleSystem</string>
        <string>ParticleSystemRenderer</string>
        <string>ParticleSystemAutoRecycle</string>
      </components>
    </SceneObject>
    <SceneObject path="ash_grass_02_sil (2)/ash_grass_particles_still">
      <components>
        <string>Transform</string>
        <string>ParticleSystem</string>
        <string>ParticleSystemRenderer</string>
        <string>ParticleSystemAutoRecycle</string>
      </components>
    </SceneObject>
    <SceneObject path="_0014_train15">
      <components>
        <string>Transform</string>
        <string>SpriteRenderer</string>
      </components>
    </SceneObject>
    <SceneObject path="CameraLockArea">
      <components>
        <string>Transform</string>
        <string>BoxCollider2D</string>
        <string>CameraLockArea</string>
      </components>
    </SceneObject>
    <SceneObject path="_0016_train13">
      <components>
        <string>Transform</string>
        <string>SpriteRenderer</string>
      </components>
    </SceneObject>
    <SceneObject path="_Scenery">
      <components>
        <string>Transform</string>
      </components>
    </SceneObject>
    <SceneObject path="Training Dummy">
      <components>
        <string>Transform</string>
        <string>MeshFilter</string>
        <string>MeshRenderer</string>
        <string>tk2dSprite</string>
        <string>tk2dSpriteAnimator</string>
        <string>BoxCollider2D</string>
        <string>PlayMakerFSM</string>
        <string>AudioSource</string>
      </components>
    </SceneObject>
    <SceneObject path="Training Dummy/rag_burst">
      <components>
        <string>Transform</string>
        <string>ParticleSystem</string>
        <string>ParticleSystemRenderer</string>
        <string>PlayMakerFSM</string>
      </components>
    </SceneObject>
  </sceneObjects>
</SceneData>