<?xml version="1.0" encoding="utf-8"?>
<SceneData xmlns:xsd="http://www.w3.org/2001/XMLSchema" xmlns:xsi="http://www.w3.org/2001/XMLSchema-instance" name="Cinematic_Stag_travel">
  <sceneObjects>
    <SceneObject path="DestroyPersonalPools">
      <components>
        <string>Transform</string>
        <string>PlayMakerFSM</string>
      </components>
    </SceneObject>
    <SceneObject path="_SceneManager">
      <components>
        <string>Transform</string>
        <string>SceneManager</string>
        <string>PlayMakerFSM</string>
      </components>
    </SceneObject>
    <SceneObject path="StagTravel">
      <components>
        <string>Transform</string>
        <string>StagTravel</string>
      </components>
    </SceneObject>
    <SceneObject path="CinematicSequence">
      <components>
        <string>Transform</string>
        <string>AudioSource</string>
        <string>CinematicSequence</string>
        <string>FadeSequence</string>
      </components>
    </SceneObject>
    <SceneObject path="CinematicSequence/Cinematic">
      <components>
        <string>Transform</string>
        <string>MeshFilter</string>
        <string>MeshRenderer</string>
      </components>
    </SceneObject>
    <SceneObject path="CinematicSequence/Blanker">
      <components>
        <string>Transform</string>
        <string>MeshFilter</string>
        <string>MeshRenderer</string>
      </components>
    </SceneObject>
  </sceneObjects>
</SceneData>