<?xml version="1.0" encoding="utf-8"?>
<SceneData xmlns:xsd="http://www.w3.org/2001/XMLSchema" xmlns:xsi="http://www.w3.org/2001/XMLSchema-instance" name="End_Credits">
  <sceneObjects>
    <SceneObject path="vignette_smaller_v01 (1)">
      <components>
        <string>Transform</string>
        <string>SpriteRenderer</string>
      </components>
    </SceneObject>
    <SceneObject path="_Items">
      <components>
        <string>Transform</string>
      </components>
    </SceneObject>
    <SceneObject path="7 Crawl (1)">
      <components>
        <string>Transform</string>
      </components>
    </SceneObject>
    <SceneObject path="_Markers">
      <components>
        <string>Transform</string>
      </components>
    </SceneObject>
    <SceneObject path="_Enemies">
      <components>
        <string>Transform</string>
      </components>
    </SceneObject>
    <SceneObject path="_Managers">
      <components>
        <string>Transform</string>
      </components>
    </SceneObject>
    <SceneObject path="_Managers/PlayMaker Unity 2D">
      <components>
        <string>Transform</string>
        <string>PlayMakerFSM</string>
        <string>PlayMakerUnity2d</string>
        <string>PlayMakerCollisionEnter2D</string>
        <string>PlayMakerCollisionExit2D</string>
        <string>PlayMakerCollisionStay2D</string>
        <string>PlayMakerTriggerEnter2D</string>
        <string>PlayMakerTriggerExit2D</string>
        <string>PlayMakerTriggerStay2D</string>
      </components>
    </SceneObject>
    <SceneObject path="credits object">
      <components>
        <string>Transform</string>
        <string>Animator</string>
        <string>CutsceneHelper</string>
        <string>CreditsHelper</string>
      </components>
    </SceneObject>
    <SceneObject path="credits object/haze2">
      <components>
        <string>Transform</string>
        <string>SpriteRenderer</string>
      </components>
    </SceneObject>
    <SceneObject path="credits object/vignette_smaller_v01">
      <components>
        <string>Transform</string>
        <string>SpriteRenderer</string>
      </components>
    </SceneObject>
    <SceneObject path="credits object/blanker">
      <components>
        <string>Transform</string>
        <string>SpriteRenderer</string>
      </components>
    </SceneObject>
    <SceneObject path="credits object/1 Team Cherry 1">
      <components>
        <string>Transform</string>
      </components>
    </SceneObject>
    <SceneObject path="credits object/1 Team Cherry 1/A game by">
      <components>
        <string>RectTransform</string>
        <string>TextContainer</string>
        <string>MeshRenderer</string>
        <string>MeshFilter</string>
        <string>CanvasRenderer</string>
        <string>TextMeshPro</string>
        <string>SetTextMeshProGameText</string>
        <string>ChangeFontByLanguage</string>
      </components>
    </SceneObject>
    <SceneObject path="credits object/1 Team Cherry 1/Team Cherry">
      <components>
        <string>RectTransform</string>
        <string>TextContainer</string>
        <string>MeshRenderer</string>
        <string>MeshFilter</string>
        <string>CanvasRenderer</string>
        <string>TextMeshPro</string>
        <string>SetTextMeshProGameText</string>
      </components>
    </SceneObject>
    <SceneObject path="credits object/2 Team Cherry 2">
      <components>
        <string>Transform</string>
      </components>
    </SceneObject>
    <SceneObject path="credits object/2 Team Cherry 2/credits fleur (1)">
      <components>
        <string>Transform</string>
        <string>SpriteRenderer</string>
      </components>
    </SceneObject>
    <SceneObject path="credits object/2 Team Cherry 2/Ari Gibson">
      <components>
        <string>RectTransform</string>
        <string>TextContainer</string>
        <string>MeshRenderer</string>
        <string>MeshFilter</string>
        <string>CanvasRenderer</string>
        <string>TextMeshPro</string>
        <string>SetTextMeshProGameText</string>
      </components>
    </SceneObject>
    <SceneObject path="credits object/2 Team Cherry 2/William Pellen">
      <components>
        <string>RectTransform</string>
        <string>TextContainer</string>
        <string>MeshRenderer</string>
        <string>MeshFilter</string>
        <string>CanvasRenderer</string>
        <string>TextMeshPro</string>
        <string>SetTextMeshProGameText</string>
      </components>
    </SceneObject>
    <SceneObject path="credits object/2 Team Cherry 2/Technical Director (1)">
      <components>
        <string>RectTransform</string>
        <string>TextContainer</string>
        <string>MeshRenderer</string>
        <string>MeshFilter</string>
        <string>CanvasRenderer</string>
        <string>TextMeshPro</string>
        <string>SetTextMeshProGameText</string>
        <string>ChangeFontByLanguage</string>
      </components>
    </SceneObject>
    <SceneObject path="credits object/2 Team Cherry 2/David Kazi (1)">
      <components>
        <string>RectTransform</string>
        <string>TextContainer</string>
        <string>MeshRenderer</string>
        <string>MeshFilter</string>
        <string>CanvasRenderer</string>
        <string>TextMeshPro</string>
        <string>SetTextMeshProGameText</string>
      </components>
    </SceneObject>
    <SceneObject path="credits object/4 Christopher Larkin">
      <components>
        <string>Transform</string>
      </components>
    </SceneObject>
    <SceneObject path="credits object/4 Christopher Larkin/Sound &amp; Score by">
      <components>
        <string>RectTransform</string>
        <string>TextContainer</string>
        <string>MeshRenderer</string>
        <string>MeshFilter</string>
        <string>CanvasRenderer</string>
        <string>TextMeshPro</string>
        <string>SetTextMeshProGameText</string>
        <string>ChangeFontByLanguage</string>
      </components>
    </SceneObject>
    <SceneObject path="credits object/4 Christopher Larkin/Christopher Larkin">
      <components>
        <string>RectTransform</string>
        <string>TextContainer</string>
        <string>MeshRenderer</string>
        <string>MeshFilter</string>
        <string>CanvasRenderer</string>
        <string>TextMeshPro</string>
        <string>SetTextMeshProGameText</string>
      </components>
    </SceneObject>
    <SceneObject path="credits object/5 Music Continued">
      <components>
        <string>Transform</string>
      </components>
    </SceneObject>
    <SceneObject path="credits object/5 Music Continued/credits fleur">
      <components>
        <string>Transform</string>
        <string>SpriteRenderer</string>
      </components>
    </SceneObject>
    <SceneObject path="credits object/5 Music Continued/Sound Assistant">
      <components>
        <string>RectTransform</string>
        <string>TextContainer</string>
        <string>MeshRenderer</string>
        <string>MeshFilter</string>
        <string>CanvasRenderer</string>
        <string>TextMeshPro</string>
        <string>SetTextMeshProGameText</string>
        <string>ChangeFontByLanguage</string>
      </components>
    </SceneObject>
    <SceneObject path="credits object/5 Music Continued/Christopher Larkin">
      <components>
        <string>RectTransform</string>
        <string>TextContainer</string>
        <string>MeshRenderer</string>
        <string>MeshFilter</string>
        <string>CanvasRenderer</string>
        <string>TextMeshPro</string>
        <string>SetTextMeshProGameText</string>
      </components>
    </SceneObject>
    <SceneObject path="credits object/5 Music Continued/Guitar">
      <components>
        <string>RectTransform</string>
        <string>TextContainer</string>
        <string>MeshRenderer</string>
        <string>MeshFilter</string>
        <string>CanvasRenderer</string>
        <string>TextMeshPro</string>
        <string>SetTextMeshProGameText</string>
        <string>ChangeFontByLanguage</string>
      </components>
    </SceneObject>
    <SceneObject path="credits object/5 Music Continued/Chris Bro">
      <components>
        <string>RectTransform</string>
        <string>TextContainer</string>
        <string>MeshRenderer</string>
        <string>MeshFilter</string>
        <string>CanvasRenderer</string>
        <string>TextMeshPro</string>
      </components>
    </SceneObject>
    <SceneObject path="credits object/5 Music Continued/Vocals">
      <components>
        <string>RectTransform</string>
        <string>TextContainer</string>
        <string>MeshRenderer</string>
        <string>MeshFilter</string>
        <string>CanvasRenderer</string>
        <string>TextMeshPro</string>
        <string>SetTextMeshProGameText</string>
        <string>ChangeFontByLanguage</string>
      </components>
    </SceneObject>
    <SceneObject path="credits object/5 Music Continued/Other Person ">
      <components>
        <string>RectTransform</string>
        <string>TextContainer</string>
        <string>MeshRenderer</string>
        <string>MeshFilter</string>
        <string>CanvasRenderer</string>
        <string>TextMeshPro</string>
      </components>
    </SceneObject>
    <SceneObject path="credits object/5 Music Continued/Cello">
      <components>
        <string>RectTransform</string>
        <string>TextContainer</string>
        <string>MeshRenderer</string>
        <string>MeshFilter</string>
        <string>CanvasRenderer</string>
        <string>TextMeshPro</string>
        <string>SetTextMeshProGameText</string>
        <string>ChangeFontByLanguage</string>
      </components>
    </SceneObject>
    <SceneObject path="credits object/5 Music Continued/Other Person (1)">
      <components>
        <string>RectTransform</string>
        <string>TextContainer</string>
        <string>MeshRenderer</string>
        <string>MeshFilter</string>
        <string>CanvasRenderer</string>
        <string>TextMeshPro</string>
      </components>
    </SceneObject>
    <SceneObject path="credits object/6 Marketing and PR Consultant">
      <components>
        <string>Transform</string>
      </components>
    </SceneObject>
    <SceneObject path="credits object/6 Marketing and PR Consultant/Marketing and PR Consultant">
      <components>
        <string>RectTransform</string>
        <string>TextContainer</string>
        <string>MeshRenderer</string>
        <string>MeshFilter</string>
        <string>CanvasRenderer</string>
        <string>TextMeshPro</string>
        <string>SetTextMeshProGameText</string>
        <string>ChangeFontByLanguage</string>
      </components>
    </SceneObject>
    <SceneObject path="credits object/6 Marketing and PR Consultant/Matthew Leth Griffin">
      <components>
        <string>RectTransform</string>
        <string>TextContainer</string>
        <string>MeshRenderer</string>
        <string>MeshFilter</string>
        <string>CanvasRenderer</string>
        <string>TextMeshPro</string>
        <string>SetTextMeshProGameText</string>
      </components>
    </SceneObject>
    <SceneObject path="credits object/7 Crawl">
      <components>
        <string>Transform</string>
      </components>
    </SceneObject>
    <SceneObject path="credits object/7 Crawl/Systems &amp; Tools Programming">
      <components>
        <string>RectTransform</string>
        <string>TextContainer</string>
        <string>MeshRenderer</string>
        <string>MeshFilter</string>
        <string>CanvasRenderer</string>
        <string>TextMeshPro</string>
        <string>SetTextMeshProGameText</string>
        <string>ChangeFontByLanguage</string>
      </components>
    </SceneObject>
    <SceneObject path="credits object/7 Crawl/Systems &amp; Tools Programming/Music thanks">
      <components>
        <string>RectTransform</string>
        <string>TextContainer</string>
        <string>MeshRenderer</string>
        <string>MeshFilter</string>
        <string>CanvasRenderer</string>
        <string>TextMeshPro</string>
        <string>SetTextMeshProGameText</string>
      </components>
    </SceneObject>
    <SceneObject path="credits object/7 Crawl/Additional Programming">
      <components>
        <string>RectTransform</string>
        <string>TextContainer</string>
        <string>MeshRenderer</string>
        <string>MeshFilter</string>
        <string>CanvasRenderer</string>
        <string>TextMeshPro</string>
        <string>SetTextMeshProGameText</string>
        <string>ChangeFontByLanguage</string>
      </components>
    </SceneObject>
    <SceneObject path="credits object/7 Crawl/Additional Programming/Additional Programming Name">
      <components>
        <string>RectTransform</string>
        <string>TextContainer</string>
        <string>MeshRenderer</string>
        <string>MeshFilter</string>
        <string>CanvasRenderer</string>
        <string>TextMeshPro</string>
        <string>SetTextMeshProGameText</string>
      </components>
    </SceneObject>
    <SceneObject path="credits object/7 Crawl/Additional Coding Tools">
      <components>
        <string>RectTransform</string>
        <string>TextContainer</string>
        <string>MeshRenderer</string>
        <string>MeshFilter</string>
        <string>CanvasRenderer</string>
        <string>TextMeshPro</string>
        <string>SetTextMeshProGameText</string>
        <string>ChangeFontByLanguage</string>
      </components>
    </SceneObject>
    <SceneObject path="credits object/7 Crawl/Additional Coding Tools/Additional Coders">
      <components>
        <string>RectTransform</string>
        <string>TextContainer</string>
        <string>MeshRenderer</string>
        <string>MeshFilter</string>
        <string>CanvasRenderer</string>
        <string>TextMeshPro</string>
        <string>SetTextMeshProGameText</string>
      </components>
    </SceneObject>
    <SceneObject path="credits object/7 Crawl/Additional Environment Dressing">
      <components>
        <string>RectTransform</string>
        <string>TextContainer</string>
        <string>MeshRenderer</string>
        <string>MeshFilter</string>
        <string>CanvasRenderer</string>
        <string>TextMeshPro</string>
        <string>SetTextMeshProGameText</string>
        <string>ChangeFontByLanguage</string>
      </components>
    </SceneObject>
    <SceneObject path="credits object/7 Crawl/Additional Environment Dressing/Additional Environment Dressing people">
      <components>
        <string>RectTransform</string>
        <string>TextContainer</string>
        <string>MeshRenderer</string>
        <string>MeshFilter</string>
        <string>CanvasRenderer</string>
        <string>TextMeshPro</string>
        <string>SetTextMeshProGameText</string>
      </components>
    </SceneObject>
    <SceneObject path="credits object/7 Crawl/Additional Character Voices">
      <components>
        <string>RectTransform</string>
        <string>TextContainer</string>
        <string>MeshRenderer</string>
        <string>MeshFilter</string>
        <string>CanvasRenderer</string>
        <string>TextMeshPro</string>
        <string>SetTextMeshProGameText</string>
        <string>ChangeFontByLanguage</string>
      </components>
    </SceneObject>
    <SceneObject path="credits object/7 Crawl/Additional Character Voices/Additional Voice Cast">
      <components>
        <string>RectTransform</string>
        <string>TextContainer</string>
        <string>MeshRenderer</string>
        <string>MeshFilter</string>
        <string>CanvasRenderer</string>
        <string>TextMeshPro</string>
        <string>SetTextMeshProGameText</string>
      </components>
    </SceneObject>
    <SceneObject path="credits object/7 Crawl/Vocals">
      <components>
        <string>RectTransform</string>
        <string>TextContainer</string>
        <string>MeshRenderer</string>
        <string>MeshFilter</string>
        <string>CanvasRenderer</string>
        <string>TextMeshPro</string>
        <string>SetTextMeshProGameText</string>
        <string>ChangeFontByLanguage</string>
      </components>
    </SceneObject>
    <SceneObject path="credits object/7 Crawl/Vocals/Vocals Person">
      <components>
        <string>RectTransform</string>
        <string>TextContainer</string>
        <string>MeshRenderer</string>
        <string>MeshFilter</string>
        <string>CanvasRenderer</string>
        <string>TextMeshPro</string>
        <string>SetTextMeshProGameText</string>
      </components>
    </SceneObject>
    <SceneObject path="credits object/7 Crawl/Viola">
      <components>
        <string>RectTransform</string>
        <string>TextContainer</string>
        <string>MeshRenderer</string>
        <string>MeshFilter</string>
        <string>CanvasRenderer</string>
        <string>TextMeshPro</string>
        <string>SetTextMeshProGameText</string>
        <string>ChangeFontByLanguage</string>
      </components>
    </SceneObject>
    <SceneObject path="credits object/7 Crawl/Viola/Viola Person">
      <components>
        <string>RectTransform</string>
        <string>TextContainer</string>
        <string>MeshRenderer</string>
        <string>MeshFilter</string>
        <string>CanvasRenderer</string>
        <string>TextMeshPro</string>
        <string>SetTextMeshProGameText</string>
      </components>
    </SceneObject>
    <SceneObject path="credits object/7 Crawl/Additional Atmos">
      <components>
        <string>RectTransform</string>
        <string>TextContainer</string>
        <string>MeshRenderer</string>
        <string>MeshFilter</string>
        <string>CanvasRenderer</string>
        <string>TextMeshPro</string>
        <string>SetTextMeshProGameText</string>
        <string>ChangeFontByLanguage</string>
      </components>
    </SceneObject>
    <SceneObject path="credits object/7 Crawl/Additional Atmos/Additional Atmos Person (1)">
      <components>
        <string>RectTransform</string>
        <string>TextContainer</string>
        <string>MeshRenderer</string>
        <string>MeshFilter</string>
        <string>CanvasRenderer</string>
        <string>TextMeshPro</string>
        <string>SetTextMeshProGameText</string>
      </components>
    </SceneObject>
    <SceneObject path="credits object/7 Crawl/Local Lead">
      <components>
        <string>RectTransform</string>
        <string>TextContainer</string>
        <string>MeshRenderer</string>
        <string>MeshFilter</string>
        <string>CanvasRenderer</string>
        <string>TextMeshPro</string>
        <string>SetTextMeshProGameText</string>
        <string>ChangeFontByLanguage</string>
      </components>
    </SceneObject>
    <SceneObject path="credits object/7 Crawl/Local Lead/Music thanks">
      <components>
        <string>RectTransform</string>
        <string>TextContainer</string>
        <string>MeshRenderer</string>
        <string>MeshFilter</string>
        <string>CanvasRenderer</string>
        <string>TextMeshPro</string>
        <string>SetTextMeshProGameText</string>
      </components>
    </SceneObject>
    <SceneObject path="credits object/7 Crawl/Translation - French">
      <components>
        <string>RectTransform</string>
        <string>TextContainer</string>
        <string>MeshRenderer</string>
        <string>MeshFilter</string>
        <string>CanvasRenderer</string>
        <string>TextMeshPro</string>
        <string>SetTextMeshProGameText</string>
        <string>ChangeFontByLanguage</string>
      </components>
    </SceneObject>
    <SceneObject path="credits object/7 Crawl/Translation - French/Music thanks">
      <components>
        <string>RectTransform</string>
        <string>TextContainer</string>
        <string>MeshRenderer</string>
        <string>MeshFilter</string>
        <string>CanvasRenderer</string>
        <string>TextMeshPro</string>
        <string>SetTextMeshProGameText</string>
      </components>
    </SceneObject>
    <SceneObject path="credits object/7 Crawl/Translation - Russian">
      <components>
        <string>RectTransform</string>
        <string>TextContainer</string>
        <string>MeshRenderer</string>
        <string>MeshFilter</string>
        <string>CanvasRenderer</string>
        <string>TextMeshPro</string>
        <string>SetTextMeshProGameText</string>
        <string>ChangeFontByLanguage</string>
      </components>
    </SceneObject>
    <SceneObject path="credits object/7 Crawl/Translation - Russian/Music thanks">
      <components>
        <string>RectTransform</string>
        <string>TextContainer</string>
        <string>MeshRenderer</string>
        <string>MeshFilter</string>
        <string>CanvasRenderer</string>
        <string>TextMeshPro</string>
        <string>SetTextMeshProGameText</string>
      </components>
    </SceneObject>
    <SceneObject path="credits object/7 Crawl/Additional Translation  - Russian">
      <components>
        <string>RectTransform</string>
        <string>TextContainer</string>
        <string>MeshRenderer</string>
        <string>MeshFilter</string>
        <string>CanvasRenderer</string>
        <string>TextMeshPro</string>
        <string>SetTextMeshProGameText</string>
        <string>ChangeFontByLanguage</string>
      </components>
    </SceneObject>
    <SceneObject path="credits object/7 Crawl/Additional Translation  - Russian/Additional Translation  - Russian - Names">
      <components>
        <string>RectTransform</string>
        <string>TextContainer</string>
        <string>MeshRenderer</string>
        <string>MeshFilter</string>
        <string>CanvasRenderer</string>
        <string>TextMeshPro</string>
        <string>SetTextMeshProGameText</string>
      </components>
    </SceneObject>
    <SceneObject path="credits object/7 Crawl/Translation - Chinese">
      <components>
        <string>RectTransform</string>
        <string>TextContainer</string>
        <string>MeshRenderer</string>
        <string>MeshFilter</string>
        <string>CanvasRenderer</string>
        <string>TextMeshPro</string>
        <string>SetTextMeshProGameText</string>
        <string>ChangeFontByLanguage</string>
      </components>
    </SceneObject>
    <SceneObject path="credits object/7 Crawl/Translation - Chinese/Music thanks">
      <components>
        <string>RectTransform</string>
        <string>TextContainer</string>
        <string>MeshRenderer</string>
        <string>MeshFilter</string>
        <string>CanvasRenderer</string>
        <string>TextMeshPro</string>
        <string>SetTextMeshProGameText</string>
      </components>
    </SceneObject>
    <SceneObject path="credits object/7 Crawl/Translation - Chinese/Music thanks/TMP SubMesh [perpetua_tmpro Material + chinese_body Atlas]">
      <components>
        <string>Transform</string>
        <string>MeshFilter</string>
        <string>MeshRenderer</string>
        <string>TMP_SubMesh</string>
      </components>
    </SceneObject>
    <SceneObject path="credits object/7 Crawl/Translation - Chinese/Music thanks/TMP SubMesh [perpetua_tmpro Material + ARIAL SDF Atlas]">
      <components>
        <string>Transform</string>
        <string>MeshFilter</string>
        <string>MeshRenderer</string>
        <string>TMP_SubMesh</string>
      </components>
    </SceneObject>
    <SceneObject path="credits object/7 Crawl/Translation - Italian">
      <components>
        <string>RectTransform</string>
        <string>TextContainer</string>
        <string>MeshRenderer</string>
        <string>MeshFilter</string>
        <string>CanvasRenderer</string>
        <string>TextMeshPro</string>
        <string>SetTextMeshProGameText</string>
        <string>ChangeFontByLanguage</string>
      </components>
    </SceneObject>
    <SceneObject path="credits object/7 Crawl/Translation - Italian/Translation - Italian names">
      <components>
        <string>RectTransform</string>
        <string>TextContainer</string>
        <string>MeshRenderer</string>
        <string>MeshFilter</string>
        <string>CanvasRenderer</string>
        <string>TextMeshPro</string>
        <string>SetTextMeshProGameText</string>
      </components>
    </SceneObject>
    <SceneObject path="credits object/7 Crawl/Japan Translation">
      <components>
        <string>RectTransform</string>
        <string>TextContainer</string>
        <string>MeshRenderer</string>
        <string>MeshFilter</string>
        <string>CanvasRenderer</string>
        <string>TextMeshPro</string>
        <string>SetTextMeshProGameText</string>
        <string>ChangeFontByLanguage</string>
      </components>
    </SceneObject>
    <SceneObject path="credits object/7 Crawl/Japan Translation/Japan Name">
      <components>
        <string>RectTransform</string>
        <string>TextContainer</string>
        <string>MeshRenderer</string>
        <string>MeshFilter</string>
        <string>CanvasRenderer</string>
        <string>TextMeshPro</string>
        <string>SetTextMeshProGameText</string>
      </components>
    </SceneObject>
    <SceneObject path="credits object/7 Crawl/Japan Publishing Support name">
      <components>
        <string>RectTransform</string>
        <string>TextContainer</string>
        <string>MeshRenderer</string>
        <string>MeshFilter</string>
        <string>CanvasRenderer</string>
        <string>TextMeshPro</string>
        <string>SetTextMeshProGameText</string>
        <string>ChangeFontByLanguage</string>
      </components>
    </SceneObject>
    <SceneObject path="credits object/7 Crawl/Japan Publishing Support name/Japan Publishing Support">
      <components>
        <string>RectTransform</string>
        <string>TextContainer</string>
        <string>MeshRenderer</string>
        <string>MeshFilter</string>
        <string>CanvasRenderer</string>
        <string>TextMeshPro</string>
        <string>SetTextMeshProGameText</string>
      </components>
    </SceneObject>
    <SceneObject path="credits object/7 Crawl/Translation  - Brazilian Portuguese">
      <components>
        <string>RectTransform</string>
        <string>TextContainer</string>
        <string>MeshRenderer</string>
        <string>MeshFilter</string>
        <string>CanvasRenderer</string>
        <string>TextMeshPro</string>
        <string>SetTextMeshProGameText</string>
        <string>ChangeFontByLanguage</string>
      </components>
    </SceneObject>
    <SceneObject path="credits object/7 Crawl/Translation  - Brazilian Portuguese/brazil names">
      <components>
        <string>RectTransform</string>
        <string>TextContainer</string>
        <string>MeshRenderer</string>
        <string>MeshFilter</string>
        <string>CanvasRenderer</string>
        <string>TextMeshPro</string>
        <string>SetTextMeshProGameText</string>
      </components>
    </SceneObject>
    <SceneObject path="credits object/7 Crawl/Additional Translation  - German">
      <components>
        <string>RectTransform</string>
        <string>TextContainer</string>
        <string>MeshRenderer</string>
        <string>MeshFilter</string>
        <string>CanvasRenderer</string>
        <string>TextMeshPro</string>
        <string>SetTextMeshProGameText</string>
        <string>ChangeFontByLanguage</string>
      </components>
    </SceneObject>
    <SceneObject path="credits object/7 Crawl/Additional Translation  - German/Music thanks">
      <components>
        <string>RectTransform</string>
        <string>TextContainer</string>
        <string>MeshRenderer</string>
        <string>MeshFilter</string>
        <string>CanvasRenderer</string>
        <string>TextMeshPro</string>
        <string>SetTextMeshProGameText</string>
      </components>
    </SceneObject>
    <SceneObject path="credits object/7 Crawl/Additional Translation  - Spanish">
      <components>
        <string>RectTransform</string>
        <string>TextContainer</string>
        <string>MeshRenderer</string>
        <string>MeshFilter</string>
        <string>CanvasRenderer</string>
        <string>TextMeshPro</string>
        <string>SetTextMeshProGameText</string>
        <string>ChangeFontByLanguage</string>
      </components>
    </SceneObject>
    <SceneObject path="credits object/7 Crawl/Additional Translation  - Spanish/Music thanks">
      <components>
        <string>RectTransform</string>
        <string>TextContainer</string>
        <string>MeshRenderer</string>
        <string>MeshFilter</string>
        <string>CanvasRenderer</string>
        <string>TextMeshPro</string>
        <string>SetTextMeshProGameText</string>
      </components>
    </SceneObject>
    <SceneObject path="credits object/7 Crawl/Additional Translation  - Korean">
      <components>
        <string>RectTransform</string>
        <string>TextContainer</string>
        <string>MeshRenderer</string>
        <string>MeshFilter</string>
        <string>CanvasRenderer</string>
        <string>TextMeshPro</string>
        <string>SetTextMeshProGameText</string>
        <string>ChangeFontByLanguage</string>
      </components>
    </SceneObject>
    <SceneObject path="credits object/7 Crawl/Additional Translation  - Korean/Music thanks">
      <components>
        <string>RectTransform</string>
        <string>TextContainer</string>
        <string>MeshRenderer</string>
        <string>MeshFilter</string>
        <string>CanvasRenderer</string>
        <string>TextMeshPro</string>
        <string>SetTextMeshProGameText</string>
      </components>
    </SceneObject>
    <SceneObject path="credits object/7 Crawl/Testing Lead">
      <components>
        <string>RectTransform</string>
        <string>TextContainer</string>
        <string>MeshRenderer</string>
        <string>MeshFilter</string>
        <string>CanvasRenderer</string>
        <string>TextMeshPro</string>
        <string>SetTextMeshProGameText</string>
        <string>ChangeFontByLanguage</string>
      </components>
    </SceneObject>
    <SceneObject path="credits object/7 Crawl/Testing Lead/Music thanks">
      <components>
        <string>RectTransform</string>
        <string>TextContainer</string>
        <string>MeshRenderer</string>
        <string>MeshFilter</string>
        <string>CanvasRenderer</string>
        <string>TextMeshPro</string>
        <string>SetTextMeshProGameText</string>
      </components>
    </SceneObject>
    <SceneObject path="credits object/7 Crawl/Game Testers">
      <components>
        <string>RectTransform</string>
        <string>TextContainer</string>
        <string>MeshRenderer</string>
        <string>MeshFilter</string>
        <string>CanvasRenderer</string>
        <string>TextMeshPro</string>
        <string>SetTextMeshProGameText</string>
        <string>ChangeFontByLanguage</string>
      </components>
    </SceneObject>
    <SceneObject path="credits object/7 Crawl/Game Testers/Testers">
      <components>
        <string>RectTransform</string>
        <string>TextContainer</string>
        <string>MeshRenderer</string>
        <string>MeshFilter</string>
        <string>CanvasRenderer</string>
        <string>TextMeshPro</string>
        <string>SetTextMeshProGameText</string>
      </components>
    </SceneObject>
    <SceneObject path="credits object/7 Crawl/Game Testers/Testers channel 2">
      <components>
        <string>RectTransform</string>
        <string>TextContainer</string>
        <string>MeshRenderer</string>
        <string>MeshFilter</string>
        <string>CanvasRenderer</string>
        <string>TextMeshPro</string>
        <string>SetTextMeshProGameText</string>
      </components>
    </SceneObject>
    <SceneObject path="credits object/7 Crawl/Game Testers - Mac">
      <components>
        <string>RectTransform</string>
        <string>TextContainer</string>
        <string>MeshRenderer</string>
        <string>MeshFilter</string>
        <string>CanvasRenderer</string>
        <string>TextMeshPro</string>
        <string>SetTextMeshProGameText</string>
        <string>ChangeFontByLanguage</string>
      </components>
    </SceneObject>
    <SceneObject path="credits object/7 Crawl/Game Testers - Mac/Testers">
      <components>
        <string>RectTransform</string>
        <string>TextContainer</string>
        <string>MeshRenderer</string>
        <string>MeshFilter</string>
        <string>CanvasRenderer</string>
        <string>TextMeshPro</string>
        <string>SetTextMeshProGameText</string>
      </components>
    </SceneObject>
    <SceneObject path="credits object/7 Crawl/Shark Jump">
      <components>
        <string>RectTransform</string>
        <string>TextContainer</string>
        <string>MeshRenderer</string>
        <string>MeshFilter</string>
        <string>CanvasRenderer</string>
        <string>TextMeshPro</string>
        <string>SetTextMeshProGameText</string>
        <string>ChangeFontByLanguage</string>
      </components>
    </SceneObject>
    <SceneObject path="credits object/7 Crawl/Shark Jump/Shark Jump Names">
      <components>
        <string>RectTransform</string>
        <string>TextContainer</string>
        <string>MeshRenderer</string>
        <string>MeshFilter</string>
        <string>CanvasRenderer</string>
        <string>TextMeshPro</string>
        <string>SetTextMeshProGameText</string>
      </components>
    </SceneObject>
    <SceneObject path="credits object/7 Crawl/Shark Jump - Lead">
      <components>
        <string>RectTransform</string>
        <string>TextContainer</string>
        <string>MeshRenderer</string>
        <string>MeshFilter</string>
        <string>CanvasRenderer</string>
        <string>TextMeshPro</string>
        <string>SetTextMeshProGameText</string>
        <string>ChangeFontByLanguage</string>
      </components>
    </SceneObject>
    <SceneObject path="credits object/7 Crawl/Shark Jump - Lead/Shark Jump - Lead - Names">
      <components>
        <string>RectTransform</string>
        <string>TextContainer</string>
        <string>MeshRenderer</string>
        <string>MeshFilter</string>
        <string>CanvasRenderer</string>
        <string>TextMeshPro</string>
        <string>SetTextMeshProGameText</string>
      </components>
    </SceneObject>
    <SceneObject path="credits object/7 Crawl/Shark Jump - Test Lead">
      <components>
        <string>RectTransform</string>
        <string>TextContainer</string>
        <string>MeshRenderer</string>
        <string>MeshFilter</string>
        <string>CanvasRenderer</string>
        <string>TextMeshPro</string>
        <string>SetTextMeshProGameText</string>
        <string>ChangeFontByLanguage</string>
      </components>
    </SceneObject>
    <SceneObject path="credits object/7 Crawl/Shark Jump - Test Lead/Shark Jump - Test Lead - Names">
      <components>
        <string>RectTransform</string>
        <string>TextContainer</string>
        <string>MeshRenderer</string>
        <string>MeshFilter</string>
        <string>CanvasRenderer</string>
        <string>TextMeshPro</string>
        <string>SetTextMeshProGameText</string>
      </components>
    </SceneObject>
    <SceneObject path="credits object/7 Crawl/Indie Fund">
      <components>
        <string>RectTransform</string>
        <string>TextContainer</string>
        <string>MeshRenderer</string>
        <string>MeshFilter</string>
        <string>CanvasRenderer</string>
        <string>TextMeshPro</string>
        <string>SetTextMeshProGameText</string>
        <string>ChangeFontByLanguage</string>
      </components>
    </SceneObject>
    <SceneObject path="credits object/7 Crawl/Indie Fund/Indie Funders">
      <components>
        <string>RectTransform</string>
        <string>TextContainer</string>
        <string>MeshRenderer</string>
        <string>MeshFilter</string>
        <string>CanvasRenderer</string>
        <string>TextMeshPro</string>
        <string>SetTextMeshProGameText</string>
      </components>
    </SceneObject>
    <SceneObject path="credits object/7 Crawl/Figurine Sculptor">
      <components>
        <string>RectTransform</string>
        <string>TextContainer</string>
        <string>MeshRenderer</string>
        <string>MeshFilter</string>
        <string>CanvasRenderer</string>
        <string>TextMeshPro</string>
        <string>SetTextMeshProGameText</string>
        <string>ChangeFontByLanguage</string>
      </components>
    </SceneObject>
    <SceneObject path="credits object/7 Crawl/Figurine Sculptor/David Díaz Patrón">
      <components>
        <string>RectTransform</string>
        <string>TextContainer</string>
        <string>MeshRenderer</string>
        <string>MeshFilter</string>
        <string>CanvasRenderer</string>
        <string>TextMeshPro</string>
        <string>SetTextMeshProGameText</string>
      </components>
    </SceneObject>
    <SceneObject path="credits object/7 Crawl/Figurine Sculptor/David Díaz Patrón/TMP SubMesh [perpetua_tmpro Material + Perpetua-SDF Atlas]">
      <components>
        <string>Transform</string>
        <string>MeshFilter</string>
        <string>MeshRenderer</string>
        <string>TMP_SubMesh</string>
      </components>
    </SceneObject>
    <SceneObject path="credits object/7 Crawl/Additional enemy coding">
      <components>
        <string>RectTransform</string>
        <string>TextContainer</string>
        <string>MeshRenderer</string>
        <string>MeshFilter</string>
        <string>CanvasRenderer</string>
        <string>TextMeshPro</string>
        <string>SetTextMeshProGameText</string>
        <string>ChangeFontByLanguage</string>
      </components>
    </SceneObject>
    <SceneObject path="credits object/7 Crawl/Additional enemy coding/additional enemy coding people">
      <components>
        <string>RectTransform</string>
        <string>TextContainer</string>
        <string>MeshRenderer</string>
        <string>MeshFilter</string>
        <string>CanvasRenderer</string>
        <string>TextMeshPro</string>
        <string>SetTextMeshProGameText</string>
      </components>
    </SceneObject>
    <SceneObject path="credits object/7 Crawl/Intern heading">
      <components>
        <string>RectTransform</string>
        <string>TextContainer</string>
        <string>MeshRenderer</string>
        <string>MeshFilter</string>
        <string>CanvasRenderer</string>
        <string>TextMeshPro</string>
        <string>SetTextMeshProGameText</string>
      </components>
    </SceneObject>
    <SceneObject path="credits object/7 Crawl/Intern heading/Intern names">
      <components>
        <string>RectTransform</string>
        <string>TextContainer</string>
        <string>MeshRenderer</string>
        <string>MeshFilter</string>
        <string>CanvasRenderer</string>
        <string>TextMeshPro</string>
        <string>SetTextMeshProGameText</string>
        <string>ChangeFontByLanguage</string>
      </components>
    </SceneObject>
    <SceneObject path="credits object/7 Crawl/Special Thanks Music">
      <components>
        <string>RectTransform</string>
        <string>TextContainer</string>
        <string>MeshRenderer</string>
        <string>MeshFilter</string>
        <string>CanvasRenderer</string>
        <string>TextMeshPro</string>
        <string>SetTextMeshProGameText</string>
        <string>ChangeFontByLanguage</string>
      </components>
    </SceneObject>
    <SceneObject path="credits object/7 Crawl/Special Thanks Music/Music thanks">
      <components>
        <string>RectTransform</string>
        <string>TextContainer</string>
        <string>MeshRenderer</string>
        <string>MeshFilter</string>
        <string>CanvasRenderer</string>
        <string>TextMeshPro</string>
        <string>SetTextMeshProGameText</string>
      </components>
    </SceneObject>
    <SceneObject path="credits object/7 Crawl/Special Thanks">
      <components>
        <string>RectTransform</string>
        <string>TextContainer</string>
        <string>MeshRenderer</string>
        <string>MeshFilter</string>
        <string>CanvasRenderer</string>
        <string>TextMeshPro</string>
        <string>SetTextMeshProGameText</string>
        <string>ChangeFontByLanguage</string>
      </components>
    </SceneObject>
    <SceneObject path="credits object/7 Crawl/Special Thanks/Special Thanks People">
      <components>
        <string>RectTransform</string>
        <string>TextContainer</string>
        <string>MeshRenderer</string>
        <string>MeshFilter</string>
        <string>CanvasRenderer</string>
        <string>TextMeshPro</string>
        <string>SetTextMeshProGameText</string>
      </components>
    </SceneObject>
    <SceneObject path="credits object/8 Kickstarter">
      <components>
        <string>Transform</string>
      </components>
    </SceneObject>
    <SceneObject path="credits object/8 Kickstarter/Extra Special Thanks to">
      <components>
        <string>RectTransform</string>
        <string>TextContainer</string>
        <string>MeshRenderer</string>
        <string>MeshFilter</string>
        <string>CanvasRenderer</string>
        <string>TextMeshPro</string>
        <string>SetTextMeshProGameText</string>
        <string>ChangeFontByLanguage</string>
      </components>
    </SceneObject>
    <SceneObject path="credits object/8 Kickstarter/Special Thanks People (1)">
      <components>
        <string>RectTransform</string>
        <string>TextContainer</string>
        <string>MeshRenderer</string>
        <string>MeshFilter</string>
        <string>CanvasRenderer</string>
        <string>TextMeshPro</string>
        <string>SetTextMeshProGameText</string>
        <string>ChangeFontByLanguage</string>
      </components>
    </SceneObject>
    <SceneObject path="credits object/9 Message from Team Cherry">
      <components>
        <string>Transform</string>
      </components>
    </SceneObject>
    <SceneObject path="credits object/9 Message from Team Cherry/Congratulations">
      <components>
        <string>RectTransform</string>
        <string>TextContainer</string>
        <string>MeshRenderer</string>
        <string>MeshFilter</string>
        <string>CanvasRenderer</string>
        <string>TextMeshPro</string>
        <string>SetTextMeshProGameText</string>
        <string>ChangeFontByLanguage</string>
      </components>
    </SceneObject>
    <SceneObject path="credits object/9 Message from Team Cherry/credits fleur (2)">
      <components>
        <string>Transform</string>
        <string>SpriteRenderer</string>
      </components>
    </SceneObject>
    <SceneObject path="credits object/9 Message from Team Cherry/congrats body">
      <components>
        <string>RectTransform</string>
        <string>TextContainer</string>
        <string>MeshRenderer</string>
        <string>MeshFilter</string>
        <string>CanvasRenderer</string>
        <string>TextMeshPro</string>
        <string>SetTextMeshProGameText</string>
        <string>PlayMakerFSM</string>
        <string>ChangeFontByLanguage</string>
      </components>
    </SceneObject>
    <SceneObject path="credits object/9 Message from Team Cherry/congrats body perma">
      <components>
        <string>RectTransform</string>
        <string>TextContainer</string>
        <string>MeshRenderer</string>
        <string>MeshFilter</string>
        <string>CanvasRenderer</string>
        <string>TextMeshPro</string>
        <string>SetTextMeshProGameText</string>
        <string>PlayMakerFSM</string>
        <string>PlayMakerFSM</string>
        <string>ChangeFontByLanguage</string>
      </components>
    </SceneObject>
    <SceneObject path="credits object/9 Message from Team Cherry/credits logo">
      <components>
        <string>Transform</string>
        <string>SpriteRenderer</string>
      </components>
    </SceneObject>
    <SceneObject path="credits object/9 Message from Team Cherry/congrats body (1)">
      <components>
        <string>RectTransform</string>
        <string>TextContainer</string>
        <string>MeshRenderer</string>
        <string>MeshFilter</string>
        <string>CanvasRenderer</string>
        <string>TextMeshPro</string>
        <string>SetTextMeshProGameText</string>
        <string>ChangeFontByLanguage</string>
      </components>
    </SceneObject>
    <SceneObject path="Award Achievement">
      <components>
        <string>Transform</string>
        <string>PlayMakerFSM</string>
      </components>
    </SceneObject>
    <SceneObject path="_Effects">
      <components>
        <string>Transform</string>
      </components>
    </SceneObject>
    <SceneObject path="abyss particles">
      <components>
        <string>Transform</string>
      </components>
    </SceneObject>
    <SceneObject path="abyss particles/wispy smoke">
      <components>
        <string>Transform</string>
        <string>ParticleSystem</string>
        <string>ParticleSystemRenderer</string>
      </components>
    </SceneObject>
    <SceneObject path="abyss particles/immediate_BG">
      <components>
        <string>Transform</string>
        <string>ParticleSystem</string>
        <string>ParticleSystemRenderer</string>
      </components>
    </SceneObject>
    <SceneObject path="abyss particles/FG (1)">
      <components>
        <string>Transform</string>
        <string>ParticleSystem</string>
        <string>ParticleSystemRenderer</string>
      </components>
    </SceneObject>
    <SceneObject path="_SceneManager">
      <components>
        <string>Transform</string>
        <string>SceneManager</string>
        <string>PlayMakerFSM</string>
      </components>
    </SceneObject>
    <SceneObject path="_Areas">
      <components>
        <string>Transform</string>
      </components>
    </SceneObject>
    <SceneObject path="_NPCs">
      <components>
        <string>Transform</string>
      </components>
    </SceneObject>
    <SceneObject path="_Transition Gates">
      <components>
        <string>Transform</string>
      </components>
    </SceneObject>
    <SceneObject path="_Camera Lock Zones">
      <components>
        <string>Transform</string>
      </components>
    </SceneObject>
    <SceneObject path="Music">
      <components>
        <string>Transform</string>
        <string>Animator</string>
      </components>
    </SceneObject>
    <SceneObject path="Music/Music Player">
      <components>
        <string>Transform</string>
        <string>AudioSource</string>
      </components>
    </SceneObject>
    <SceneObject path="_Props">
      <components>
        <string>Transform</string>
      </components>
    </SceneObject>
    <SceneObject path="_Scenery">
      <components>
        <string>Transform</string>
      </components>
    </SceneObject>
    <SceneObject path="Cutscene Blanker">
      <components>
        <string>Transform</string>
        <string>SpriteRenderer</string>
        <string>PlayMakerFSM</string>
      </components>
    </SceneObject>
  </sceneObjects>
</SceneData>