<?xml version="1.0" encoding="utf-8"?>
<SceneData xmlns:xsd="http://www.w3.org/2001/XMLSchema" xmlns:xsi="http://www.w3.org/2001/XMLSchema-instance" name="Dream_Backer_Shrine">
  <sceneObjects>
    <SceneObject path="dream_BG_plats_0002_2">
      <components>
        <string>Transform</string>
        <string>SpriteRenderer</string>
      </components>
    </SceneObject>
    <SceneObject path="_Items">
      <components>
        <string>Transform</string>
      </components>
    </SceneObject>
    <SceneObject path="dream_BG_plats_0001_3">
      <components>
        <string>Transform</string>
        <string>SpriteRenderer</string>
      </components>
    </SceneObject>
    <SceneObject path="mines_rocks_06">
      <components>
        <string>Transform</string>
      </components>
    </SceneObject>
    <SceneObject path="dream_large_plat_01 (2)">
      <components>
        <string>Transform</string>
      </components>
    </SceneObject>
    <SceneObject path="dream_large_plat_01 (2)/floor_02">
      <components>
        <string>Transform</string>
      </components>
    </SceneObject>
    <SceneObject path="dream_large_plat_01 (2)/floor_02 (1)">
      <components>
        <string>Transform</string>
      </components>
    </SceneObject>
    <SceneObject path="back_arches">
      <components>
        <string>Transform</string>
      </components>
    </SceneObject>
    <SceneObject path="_Effects">
      <components>
        <string>Transform</string>
      </components>
    </SceneObject>
    <SceneObject path="water_fog (1)">
      <components>
        <string>Transform</string>
        <string>SpriteRenderer</string>
      </components>
    </SceneObject>
    <SceneObject path="dream_catcher_active_01 (3)">
      <components>
        <string>Transform</string>
        <string>SpriteRenderer</string>
        <string>CircleCollider2D</string>
        <string>CircleCollider2D</string>
        <string>SceneryTriggerCircle</string>
        <string>Animator</string>
      </components>
    </SceneObject>
    <SceneObject path="Roof Collider (2)">
      <components>
        <string>Transform</string>
        <string>PolygonCollider2D</string>
        <string>NonSlider</string>
        <string>PlayMakerCollisionEnter2D</string>
        <string>Roof</string>
      </components>
    </SceneObject>
    <SceneObject path="dream_catcher_active_03 (2)">
      <components>
        <string>Transform</string>
        <string>SpriteRenderer</string>
        <string>CircleCollider2D</string>
        <string>CircleCollider2D</string>
        <string>SceneryTriggerCircle</string>
        <string>Animator</string>
      </components>
    </SceneObject>
    <SceneObject path="dream_BG_plats_0002_2 (1)">
      <components>
        <string>Transform</string>
        <string>SpriteRenderer</string>
      </components>
    </SceneObject>
    <SceneObject path="_Scenery">
      <components>
        <string>Transform</string>
      </components>
    </SceneObject>
    <SceneObject path="_Scenery/cd_FG_eggs_07 271">
      <components>
        <string>Transform</string>
      </components>
    </SceneObject>
    <SceneObject path="_Scenery/cd_FG_eggs_07 274">
      <components>
        <string>Transform</string>
      </components>
    </SceneObject>
    <SceneObject path="_Scenery/cd_FG_eggs_09 287">
      <components>
        <string>Transform</string>
      </components>
    </SceneObject>
    <SceneObject path="_Scenery/arch_set">
      <components>
        <string>Transform</string>
      </components>
    </SceneObject>
    <SceneObject path="_Scenery/arch_set/single_arch 7">
      <components>
        <string>Transform</string>
      </components>
    </SceneObject>
    <SceneObject path="_Scenery/arch_set/single_arch 6">
      <components>
        <string>Transform</string>
      </components>
    </SceneObject>
    <SceneObject path="_Scenery/arch_set/single_arch 5">
      <components>
        <string>Transform</string>
      </components>
    </SceneObject>
    <SceneObject path="_Scenery/arch_set/single_arch 4">
      <components>
        <string>Transform</string>
      </components>
    </SceneObject>
    <SceneObject path="_Scenery/arch_set/single_arch 4/cd_archway_01">
      <components>
        <string>Transform</string>
        <string>SpriteRenderer</string>
      </components>
    </SceneObject>
    <SceneObject path="_Scenery/arch_set/single_arch 3">
      <components>
        <string>Transform</string>
      </components>
    </SceneObject>
    <SceneObject path="_Scenery/arch_set/single_arch 2">
      <components>
        <string>Transform</string>
      </components>
    </SceneObject>
    <SceneObject path="_Scenery/arch_set/single_arch 1">
      <components>
        <string>Transform</string>
      </components>
    </SceneObject>
    <SceneObject path="_Scenery/arch_set/single_arch">
      <components>
        <string>Transform</string>
      </components>
    </SceneObject>
    <SceneObject path="_Scenery/arch_set 1">
      <components>
        <string>Transform</string>
      </components>
    </SceneObject>
    <SceneObject path="_Scenery/arch_set 1/single_arch 7">
      <components>
        <string>Transform</string>
      </components>
    </SceneObject>
    <SceneObject path="_Scenery/arch_set 1/single_arch 6">
      <components>
        <string>Transform</string>
      </components>
    </SceneObject>
    <SceneObject path="_Scenery/arch_set 1/single_arch 5">
      <components>
        <string>Transform</string>
      </components>
    </SceneObject>
    <SceneObject path="_Scenery/arch_set 1/single_arch 4">
      <components>
        <string>Transform</string>
      </components>
    </SceneObject>
    <SceneObject path="_Scenery/arch_set 1/single_arch 4/cd_archway_01">
      <components>
        <string>Transform</string>
        <string>SpriteRenderer</string>
      </components>
    </SceneObject>
    <SceneObject path="_Scenery/arch_set 1/single_arch 3">
      <components>
        <string>Transform</string>
      </components>
    </SceneObject>
    <SceneObject path="_Scenery/arch_set 1/single_arch 2">
      <components>
        <string>Transform</string>
      </components>
    </SceneObject>
    <SceneObject path="_Scenery/arch_set 1/single_arch 1">
      <components>
        <string>Transform</string>
      </components>
    </SceneObject>
    <SceneObject path="_Scenery/arch_set 1/single_arch">
      <components>
        <string>Transform</string>
      </components>
    </SceneObject>
    <SceneObject path="_Scenery/arch_set 2">
      <components>
        <string>Transform</string>
      </components>
    </SceneObject>
    <SceneObject path="_Scenery/arch_set 2/single_arch 7">
      <components>
        <string>Transform</string>
      </components>
    </SceneObject>
    <SceneObject path="_Scenery/arch_set 2/single_arch 6">
      <components>
        <string>Transform</string>
      </components>
    </SceneObject>
    <SceneObject path="_Scenery/arch_set 2/single_arch 5">
      <components>
        <string>Transform</string>
      </components>
    </SceneObject>
    <SceneObject path="_Scenery/arch_set 2/single_arch 4">
      <components>
        <string>Transform</string>
      </components>
    </SceneObject>
    <SceneObject path="_Scenery/arch_set 2/single_arch 4/cd_archway_01">
      <components>
        <string>Transform</string>
        <string>SpriteRenderer</string>
      </components>
    </SceneObject>
    <SceneObject path="_Scenery/arch_set 2/single_arch 3">
      <components>
        <string>Transform</string>
      </components>
    </SceneObject>
    <SceneObject path="_Scenery/arch_set 2/single_arch 2">
      <components>
        <string>Transform</string>
      </components>
    </SceneObject>
    <SceneObject path="_Scenery/arch_set 2/single_arch 1">
      <components>
        <string>Transform</string>
      </components>
    </SceneObject>
    <SceneObject path="_Scenery/arch_set 2/single_arch">
      <components>
        <string>Transform</string>
      </components>
    </SceneObject>
    <SceneObject path="_Scenery/cd_floor_highway_03 62">
      <components>
        <string>Transform</string>
      </components>
    </SceneObject>
    <SceneObject path="_Scenery/point_light 1">
      <components>
        <string>Transform</string>
      </components>
    </SceneObject>
    <SceneObject path="_Scenery/cd_FG_eggs_07 279">
      <components>
        <string>Transform</string>
      </components>
    </SceneObject>
    <SceneObject path="_Scenery/point_light 2">
      <components>
        <string>Transform</string>
      </components>
    </SceneObject>
    <SceneObject path="_Scenery/point_light 3">
      <components>
        <string>Transform</string>
      </components>
    </SceneObject>
    <SceneObject path="_Scenery/point_light 4">
      <components>
        <string>Transform</string>
      </components>
    </SceneObject>
    <SceneObject path="_Scenery/point_light 5">
      <components>
        <string>Transform</string>
      </components>
    </SceneObject>
    <SceneObject path="_Scenery/point_light 6">
      <components>
        <string>Transform</string>
      </components>
    </SceneObject>
    <SceneObject path="_Scenery/cd_FG_eggs_10 293">
      <components>
        <string>Transform</string>
      </components>
    </SceneObject>
    <SceneObject path="_Scenery/ruind_dressing_rag_02">
      <components>
        <string>Transform</string>
        <string>SpriteRenderer</string>
      </components>
    </SceneObject>
    <SceneObject path="_Scenery/ruind_dressing_rag_03">
      <components>
        <string>Transform</string>
        <string>SpriteRenderer</string>
      </components>
    </SceneObject>
    <SceneObject path="_Scenery/scenery_detail_4">
      <components>
        <string>Transform</string>
      </components>
    </SceneObject>
    <SceneObject path="_Scenery/scenery_detail_4/pole_02">
      <components>
        <string>Transform</string>
      </components>
    </SceneObject>
    <SceneObject path="_Scenery/scenery_detail_4/statue_04">
      <components>
        <string>Transform</string>
      </components>
    </SceneObject>
    <SceneObject path="_Scenery/scenery_detail_4/pole_03">
      <components>
        <string>Transform</string>
      </components>
    </SceneObject>
    <SceneObject path="_Scenery/scenery_detail_4/statue_08">
      <components>
        <string>Transform</string>
      </components>
    </SceneObject>
    <SceneObject path="_Scenery/scenery_detail_4/pole_15">
      <components>
        <string>Transform</string>
      </components>
    </SceneObject>
    <SceneObject path="_Scenery/scenery_detail_4/pole_14">
      <components>
        <string>Transform</string>
      </components>
    </SceneObject>
    <SceneObject path="_Scenery/scenery_detail_4/pole_12">
      <components>
        <string>Transform</string>
      </components>
    </SceneObject>
    <SceneObject path="_Scenery/scenery_detail_4/pole_11">
      <components>
        <string>Transform</string>
      </components>
    </SceneObject>
    <SceneObject path="_Scenery/scenery_detail_4/statue_06">
      <components>
        <string>Transform</string>
      </components>
    </SceneObject>
    <SceneObject path="_Scenery/scenery_detail_4/statue_04">
      <components>
        <string>Transform</string>
      </components>
    </SceneObject>
    <SceneObject path="_Scenery/scenery_detail_4/pole_09">
      <components>
        <string>Transform</string>
      </components>
    </SceneObject>
    <SceneObject path="_Scenery/scenery_detail_4/pole_01">
      <components>
        <string>Transform</string>
      </components>
    </SceneObject>
    <SceneObject path="_Scenery/scenery_detail_4/pole_08">
      <components>
        <string>Transform</string>
      </components>
    </SceneObject>
    <SceneObject path="_Scenery/scenery_detail_4/statue_02">
      <components>
        <string>Transform</string>
      </components>
    </SceneObject>
    <SceneObject path="_Scenery/scenery_detail_4/pole_04">
      <components>
        <string>Transform</string>
      </components>
    </SceneObject>
    <SceneObject path="_Scenery/scenery_detail_4/statue_03">
      <components>
        <string>Transform</string>
      </components>
    </SceneObject>
    <SceneObject path="_Scenery/scenery_detail_4/statue_07">
      <components>
        <string>Transform</string>
      </components>
    </SceneObject>
    <SceneObject path="_Scenery/scenery_detail_4/pole_05">
      <components>
        <string>Transform</string>
      </components>
    </SceneObject>
    <SceneObject path="_Scenery/cd_floor_highway_02 83">
      <components>
        <string>Transform</string>
      </components>
    </SceneObject>
    <SceneObject path="_Scenery/cd_floor_highway_02 86">
      <components>
        <string>Transform</string>
      </components>
    </SceneObject>
    <SceneObject path="_Scenery/cd_floor_highway_02 87">
      <components>
        <string>Transform</string>
      </components>
    </SceneObject>
    <SceneObject path="_Scenery/cd_floor_highway_03 81">
      <components>
        <string>Transform</string>
      </components>
    </SceneObject>
    <SceneObject path="_Scenery/cd_floor_highway_03 82">
      <components>
        <string>Transform</string>
      </components>
    </SceneObject>
    <SceneObject path="_Scenery/cd_floor_highway_03 83">
      <components>
        <string>Transform</string>
      </components>
    </SceneObject>
    <SceneObject path="_Scenery/cd_floor_highway_03 84">
      <components>
        <string>Transform</string>
      </components>
    </SceneObject>
    <SceneObject path="_Scenery/cd_floor_highway_03 85">
      <components>
        <string>Transform</string>
      </components>
    </SceneObject>
    <SceneObject path="_Scenery/cd_floor_highway_03 86">
      <components>
        <string>Transform</string>
      </components>
    </SceneObject>
    <SceneObject path="_Scenery/cd_floor_highway_03 87">
      <components>
        <string>Transform</string>
      </components>
    </SceneObject>
    <SceneObject path="_Scenery/cd_floor_highway_04 65">
      <components>
        <string>Transform</string>
      </components>
    </SceneObject>
    <SceneObject path="_Scenery/cd_floor_highway_04 68">
      <components>
        <string>Transform</string>
      </components>
    </SceneObject>
    <SceneObject path="_Scenery/cd_floor_highway_04 82">
      <components>
        <string>Transform</string>
      </components>
    </SceneObject>
    <SceneObject path="_Scenery/cd_floor_highway_04 88">
      <components>
        <string>Transform</string>
      </components>
    </SceneObject>
    <SceneObject path="_Scenery/cd_floor_highway_04 89">
      <components>
        <string>Transform</string>
      </components>
    </SceneObject>
    <SceneObject path="_Scenery/cd_floor_highway_04 90">
      <components>
        <string>Transform</string>
      </components>
    </SceneObject>
    <SceneObject path="_Scenery/cd_mid_wall_01 357">
      <components>
        <string>Transform</string>
      </components>
    </SceneObject>
    <SceneObject path="_Scenery/cd_mid_wall_01 358">
      <components>
        <string>Transform</string>
      </components>
    </SceneObject>
    <SceneObject path="_Scenery/cd_mid_wall_01 359">
      <components>
        <string>Transform</string>
      </components>
    </SceneObject>
    <SceneObject path="_Scenery/cd_mid_wall_01 365">
      <components>
        <string>Transform</string>
      </components>
    </SceneObject>
    <SceneObject path="_Scenery/cd_FG_eggs_07 276">
      <components>
        <string>Transform</string>
      </components>
    </SceneObject>
    <SceneObject path="_Scenery/cd_mid_wall_01 357 (1)">
      <components>
        <string>Transform</string>
      </components>
    </SceneObject>
    <SceneObject path="_Scenery/cd_mid_wall_01 357 (2)">
      <components>
        <string>Transform</string>
      </components>
    </SceneObject>
    <SceneObject path="_Scenery/cd_floor_highway_03 81 (1)">
      <components>
        <string>Transform</string>
      </components>
    </SceneObject>
    <SceneObject path="_Scenery/cd_floor_highway_03 82 (1)">
      <components>
        <string>Transform</string>
      </components>
    </SceneObject>
    <SceneObject path="_Scenery/cd_floor_highway_03 83 (1)">
      <components>
        <string>Transform</string>
      </components>
    </SceneObject>
    <SceneObject path="_Scenery/cd_floor_highway_03 82 (2)">
      <components>
        <string>Transform</string>
      </components>
    </SceneObject>
    <SceneObject path="_Scenery/cd_floor_highway_03 82 (3)">
      <components>
        <string>Transform</string>
      </components>
    </SceneObject>
    <SceneObject path="formal_fence (9)">
      <components>
        <string>Transform</string>
      </components>
    </SceneObject>
    <SceneObject path="Inspect Region">
      <components>
        <string>Transform</string>
        <string>BoxCollider2D</string>
        <string>PlayMakerFSM</string>
        <string>PlayMakerFixedUpdate</string>
      </components>
    </SceneObject>
    <SceneObject path="Inspect Region/Prompt Marker">
      <components>
        <string>Transform</string>
      </components>
    </SceneObject>
    <SceneObject path="dream_fog">
      <components>
        <string>Transform</string>
        <string>SpriteRenderer</string>
      </components>
    </SceneObject>
    <SceneObject path="dream_grass_3 (6)">
      <components>
        <string>Transform</string>
        <string>SpriteRenderer</string>
        <string>BoxCollider2D</string>
        <string>AudioSource</string>
        <string>Animator</string>
        <string>GrassSpriteBehaviour</string>
      </components>
    </SceneObject>
    <SceneObject path="dream_grass_3 (6)/Dream_Grass_A">
      <components>
        <string>Transform</string>
        <string>ParticleSystem</string>
        <string>ParticleSystemRenderer</string>
      </components>
    </SceneObject>
    <SceneObject path="_Enemies">
      <components>
        <string>Transform</string>
      </components>
    </SceneObject>
    <SceneObject path="Audio Player Actor">
      <components>
        <string>Transform</string>
        <string>AudioSource</string>
        <string>PlayAudioAndRecycle</string>
      </components>
    </SceneObject>
    <SceneObject path="_Managers">
      <components>
        <string>Transform</string>
      </components>
    </SceneObject>
    <SceneObject path="_Managers/PlayMaker Unity 2D">
      <components>
        <string>Transform</string>
        <string>PlayMakerFSM</string>
        <string>PlayMakerUnity2d</string>
        <string>PlayMakerCollisionEnter2D</string>
        <string>PlayMakerCollisionExit2D</string>
        <string>PlayMakerCollisionStay2D</string>
        <string>PlayMakerTriggerEnter2D</string>
        <string>PlayMakerTriggerExit2D</string>
        <string>PlayMakerTriggerStay2D</string>
      </components>
    </SceneObject>
    <SceneObject path="dream_fog (1)">
      <components>
        <string>Transform</string>
        <string>SpriteRenderer</string>
      </components>
    </SceneObject>
    <SceneObject path="_Camera Lock Zones">
      <components>
        <string>Transform</string>
      </components>
    </SceneObject>
    <SceneObject path="dream_grass_3 (9)">
      <components>
        <string>Transform</string>
        <string>SpriteRenderer</string>
        <string>BoxCollider2D</string>
        <string>AudioSource</string>
        <string>Animator</string>
        <string>GrassSpriteBehaviour</string>
      </components>
    </SceneObject>
    <SceneObject path="dream_grass_3 (9)/Dream_Grass_A">
      <components>
        <string>Transform</string>
        <string>ParticleSystem</string>
        <string>ParticleSystemRenderer</string>
      </components>
    </SceneObject>
    <SceneObject path="dream_catcher_active_02 (1)">
      <components>
        <string>Transform</string>
        <string>SpriteRenderer</string>
        <string>CircleCollider2D</string>
        <string>CircleCollider2D</string>
        <string>SceneryTriggerCircle</string>
        <string>Animator</string>
      </components>
    </SceneObject>
    <SceneObject path="_NPCs">
      <components>
        <string>Transform</string>
      </components>
    </SceneObject>
    <SceneObject path="dream_grass_1 (12)">
      <components>
        <string>Transform</string>
        <string>SpriteRenderer</string>
        <string>Animator</string>
        <string>GrassSpriteBehaviour</string>
      </components>
    </SceneObject>
    <SceneObject path="dream_grass_1 (12)/Dream_Grass_A">
      <components>
        <string>Transform</string>
        <string>ParticleSystem</string>
        <string>ParticleSystemRenderer</string>
      </components>
    </SceneObject>
    <SceneObject path="dream_grass_1 (3)">
      <components>
        <string>Transform</string>
        <string>SpriteRenderer</string>
        <string>BoxCollider2D</string>
        <string>AudioSource</string>
        <string>Animator</string>
        <string>GrassSpriteBehaviour</string>
      </components>
    </SceneObject>
    <SceneObject path="dream_grass_1 (3)/Dream_Grass_A">
      <components>
        <string>Transform</string>
        <string>ParticleSystem</string>
        <string>ParticleSystemRenderer</string>
      </components>
    </SceneObject>
    <SceneObject path="dream_catcher_active_01 (4)">
      <components>
        <string>Transform</string>
        <string>SpriteRenderer</string>
        <string>CircleCollider2D</string>
        <string>CircleCollider2D</string>
        <string>SceneryTriggerCircle</string>
        <string>Animator</string>
      </components>
    </SceneObject>
    <SceneObject path="_SceneManager">
      <components>
        <string>Transform</string>
        <string>SceneManager</string>
        <string>PlayMakerFSM</string>
      </components>
    </SceneObject>
    <SceneObject path="dream_plat_small (4)">
      <components>
        <string>Transform</string>
        <string>AudioSource</string>
        <string>DreamPlatform</string>
      </components>
    </SceneObject>
    <SceneObject path="dream_plat_small (4)/animation">
      <components>
        <string>Transform</string>
        <string>SpriteRenderer</string>
        <string>Animator</string>
      </components>
    </SceneObject>
    <SceneObject path="dream_plat_small (4)/platform">
      <components>
        <string>Transform</string>
        <string>BoxCollider2D</string>
        <string>DustyPlatform</string>
      </components>
    </SceneObject>
    <SceneObject path="dream_plat_small (4)/Outer Collider">
      <components>
        <string>Transform</string>
        <string>CircleCollider2D</string>
        <string>TriggerEnterEvent</string>
      </components>
    </SceneObject>
    <SceneObject path="dream_plat_small (4)/Inner Collider">
      <components>
        <string>Transform</string>
        <string>CircleCollider2D</string>
        <string>TriggerEnterEvent</string>
      </components>
    </SceneObject>
    <SceneObject path="formal_fence (2)">
      <components>
        <string>Transform</string>
      </components>
    </SceneObject>
    <SceneObject path="TileMap">
      <components>
        <string>Transform</string>
        <string>tk2dTileMap</string>
      </components>
    </SceneObject>
    <SceneObject path="door2">
      <components>
        <string>Transform</string>
        <string>BoxCollider2D</string>
        <string>PlayMakerFSM</string>
        <string>TransitionPoint</string>
        <string>PlayMakerFSM</string>
      </components>
    </SceneObject>
    <SceneObject path="door2/Hazard Respawn Marker">
      <components>
        <string>Transform</string>
        <string>HazardRespawnMarker</string>
      </components>
    </SceneObject>
    <SceneObject path="door2/Prompt Marker">
      <components>
        <string>Transform</string>
      </components>
    </SceneObject>
    <SceneObject path="dream_grass_1">
      <components>
        <string>Transform</string>
        <string>SpriteRenderer</string>
        <string>BoxCollider2D</string>
        <string>AudioSource</string>
        <string>Animator</string>
        <string>GrassSpriteBehaviour</string>
      </components>
    </SceneObject>
    <SceneObject path="dream_grass_1/Dream_Grass_A">
      <components>
        <string>Transform</string>
        <string>ParticleSystem</string>
        <string>ParticleSystemRenderer</string>
      </components>
    </SceneObject>
    <SceneObject path="water_fog">
      <components>
        <string>Transform</string>
        <string>SpriteRenderer</string>
      </components>
    </SceneObject>
    <SceneObject path="TileMap Render Data">
      <components>
        <string>Transform</string>
      </components>
    </SceneObject>
    <SceneObject path="TileMap Render Data/Scenemap">
      <components>
        <string>Transform</string>
      </components>
    </SceneObject>
    <SceneObject path="TileMap Render Data/Scenemap/Chunk 0 1">
      <components>
        <string>Transform</string>
        <string>MeshFilter</string>
        <string>MeshRenderer</string>
        <string>EdgeCollider2D</string>
      </components>
    </SceneObject>
    <SceneObject path="TileMap Render Data/Scenemap/Chunk 0 2">
      <components>
        <string>Transform</string>
        <string>MeshFilter</string>
        <string>MeshRenderer</string>
        <string>EdgeCollider2D</string>
      </components>
    </SceneObject>
    <SceneObject path="TileMap Render Data/Scenemap/Chunk 1 0">
      <components>
        <string>Transform</string>
        <string>MeshFilter</string>
        <string>MeshRenderer</string>
        <string>EdgeCollider2D</string>
        <string>EdgeCollider2D</string>
      </components>
    </SceneObject>
    <SceneObject path="dream_grass_1 (11)">
      <components>
        <string>Transform</string>
        <string>SpriteRenderer</string>
        <string>Animator</string>
        <string>GrassSpriteBehaviour</string>
      </components>
    </SceneObject>
    <SceneObject path="dream_grass_1 (11)/Dream_Grass_A">
      <components>
        <string>Transform</string>
        <string>ParticleSystem</string>
        <string>ParticleSystemRenderer</string>
      </components>
    </SceneObject>
    <SceneObject path="dream_grass_1 (9)">
      <components>
        <string>Transform</string>
        <string>SpriteRenderer</string>
        <string>Animator</string>
        <string>GrassSpriteBehaviour</string>
      </components>
    </SceneObject>
    <SceneObject path="dream_grass_1 (9)/Dream_Grass_A">
      <components>
        <string>Transform</string>
        <string>ParticleSystem</string>
        <string>ParticleSystemRenderer</string>
      </components>
    </SceneObject>
    <SceneObject path="formal_fence (4)">
      <components>
        <string>Transform</string>
      </components>
    </SceneObject>
    <SceneObject path="cd_archway_full (2)">
      <components>
        <string>Transform</string>
      </components>
    </SceneObject>
    <SceneObject path="dream_fog (3)">
      <components>
        <string>Transform</string>
        <string>SpriteRenderer</string>
      </components>
    </SceneObject>
    <SceneObject path="_Markers">
      <components>
        <string>Transform</string>
      </components>
    </SceneObject>
    <SceneObject path="door1">
      <components>
        <string>Transform</string>
        <string>BoxCollider2D</string>
        <string>PlayMakerFSM</string>
        <string>TransitionPoint</string>
        <string>PlayMakerFSM</string>
      </components>
    </SceneObject>
    <SceneObject path="door1/Hazard Respawn Marker">
      <components>
        <string>Transform</string>
        <string>HazardRespawnMarker</string>
      </components>
    </SceneObject>
    <SceneObject path="door1/Prompt Marker">
      <components>
        <string>Transform</string>
      </components>
    </SceneObject>
    <SceneObject path="_Transition Gates">
      <components>
        <string>Transform</string>
      </components>
    </SceneObject>
    <SceneObject path="_Transition Gates/BetaEnding">
      <components>
        <string>Transform</string>
        <string>BoxCollider2D</string>
        <string>EndBeta</string>
      </components>
    </SceneObject>
    <SceneObject path="dream_plat_med (5)">
      <components>
        <string>Transform</string>
        <string>AudioSource</string>
        <string>DreamPlatform</string>
      </components>
    </SceneObject>
    <SceneObject path="dream_plat_med (5)/animation">
      <components>
        <string>Transform</string>
        <string>SpriteRenderer</string>
        <string>Animator</string>
      </components>
    </SceneObject>
    <SceneObject path="dream_plat_med (5)/platform">
      <components>
        <string>Transform</string>
        <string>BoxCollider2D</string>
        <string>DustyPlatform</string>
      </components>
    </SceneObject>
    <SceneObject path="dream_plat_med (5)/Outer Collider">
      <components>
        <string>Transform</string>
        <string>CircleCollider2D</string>
        <string>TriggerEnterEvent</string>
      </components>
    </SceneObject>
    <SceneObject path="dream_plat_med (5)/Inner Collider">
      <components>
        <string>Transform</string>
        <string>CircleCollider2D</string>
        <string>TriggerEnterEvent</string>
      </components>
    </SceneObject>
    <SceneObject path="dreamcatcher_04 (8)">
      <components>
        <string>Transform</string>
        <string>SpriteRenderer</string>
        <string>Animator</string>
      </components>
    </SceneObject>
    <SceneObject path="World Edge (1)">
      <components>
        <string>Transform</string>
        <string>BoxCollider2D</string>
        <string>NonSlider</string>
        <string>BoxCollider2D</string>
        <string>PlayMakerFSM</string>
        <string>NonThunker</string>
      </components>
    </SceneObject>
    <SceneObject path="_Props">
      <components>
        <string>Transform</string>
      </components>
    </SceneObject>
    <SceneObject path="dream_lamp_01 (3)">
      <components>
        <string>Transform</string>
        <string>SpriteRenderer</string>
        <string>PlayMakerFSM</string>
      </components>
    </SceneObject>
    <SceneObject path="dream_lamp_01 (3)/haze2">
      <components>
        <string>Transform</string>
        <string>SpriteRenderer</string>
      </components>
    </SceneObject>
    <SceneObject path="dreamcatcher_04 (5)">
      <components>
        <string>Transform</string>
        <string>SpriteRenderer</string>
        <string>Animator</string>
      </components>
    </SceneObject>
    <SceneObject path="Shrine_of_Believers_Ext">
      <components>
        <string>Transform</string>
        <string>SpriteRenderer</string>
      </components>
    </SceneObject>
    <SceneObject path="dream_scene pieces">
      <components>
        <string>Transform</string>
      </components>
    </SceneObject>
    <SceneObject path="dream_scene pieces/wp_clouds">
      <components>
        <string>Transform</string>
      </components>
    </SceneObject>
    <SceneObject path="dream_scene pieces/wp_clouds/wp_clouds_0002_1 (13)">
      <components>
        <string>Transform</string>
        <string>SpriteRenderer</string>
      </components>
    </SceneObject>
    <SceneObject path="dream_scene pieces/wp_clouds/wp_clouds_0002_1 (14)">
      <components>
        <string>Transform</string>
        <string>SpriteRenderer</string>
      </components>
    </SceneObject>
    <SceneObject path="dream_scene pieces/wp_clouds/wp_clouds_0002_1 (12)">
      <components>
        <string>Transform</string>
        <string>SpriteRenderer</string>
      </components>
    </SceneObject>
    <SceneObject path="dream_scene pieces/wp_clouds/wp_clouds_0002_1 (16)">
      <components>
        <string>Transform</string>
        <string>SpriteRenderer</string>
      </components>
    </SceneObject>
    <SceneObject path="dream_scene pieces/wp_clouds/wp_clouds_0002_1 (36)">
      <components>
        <string>Transform</string>
        <string>SpriteRenderer</string>
      </components>
    </SceneObject>
    <SceneObject path="dream_scene pieces/wp_clouds/wp_clouds_0002_1 (9)">
      <components>
        <string>Transform</string>
        <string>SpriteRenderer</string>
      </components>
    </SceneObject>
    <SceneObject path="dream_scene pieces/wp_clouds/wp_clouds_0002_1 (7)">
      <components>
        <string>Transform</string>
        <string>SpriteRenderer</string>
      </components>
    </SceneObject>
    <SceneObject path="dream_scene pieces/wp_clouds/wp_clouds_0002_1 (8)">
      <components>
        <string>Transform</string>
        <string>SpriteRenderer</string>
      </components>
    </SceneObject>
    <SceneObject path="dream_scene pieces/wp_clouds/wp_clouds_0002_1 (15)">
      <components>
        <string>Transform</string>
        <string>SpriteRenderer</string>
      </components>
    </SceneObject>
    <SceneObject path="dream_scene pieces/wp_clouds/wp_clouds_0002_1 (5)">
      <components>
        <string>Transform</string>
        <string>SpriteRenderer</string>
      </components>
    </SceneObject>
    <SceneObject path="dream_scene pieces/wp_clouds/wp_clouds_0002_1 (6)">
      <components>
        <string>Transform</string>
        <string>SpriteRenderer</string>
      </components>
    </SceneObject>
    <SceneObject path="dream_scene pieces/wp_clouds/wp_clouds_0002_1 (28)">
      <components>
        <string>Transform</string>
        <string>SpriteRenderer</string>
      </components>
    </SceneObject>
    <SceneObject path="dream_scene pieces/wp_clouds/wp_clouds_0002_1 (44)">
      <components>
        <string>Transform</string>
        <string>SpriteRenderer</string>
      </components>
    </SceneObject>
    <SceneObject path="dream_scene pieces/wp_clouds/wp_clouds_0002_1 (35)">
      <components>
        <string>Transform</string>
        <string>SpriteRenderer</string>
      </components>
    </SceneObject>
    <SceneObject path="dream_scene pieces/wp_clouds/wp_clouds_0002_1 (41)">
      <components>
        <string>Transform</string>
        <string>SpriteRenderer</string>
      </components>
    </SceneObject>
    <SceneObject path="dream_scene pieces/wp_clouds/wp_clouds_0002_1 (53)">
      <components>
        <string>Transform</string>
        <string>SpriteRenderer</string>
      </components>
    </SceneObject>
    <SceneObject path="dream_scene pieces/wp_clouds/wp_clouds_0002_1 (57)">
      <components>
        <string>Transform</string>
        <string>SpriteRenderer</string>
      </components>
    </SceneObject>
    <SceneObject path="dream_scene pieces/wp_clouds/wp_clouds_0002_1 (58)">
      <components>
        <string>Transform</string>
        <string>SpriteRenderer</string>
      </components>
    </SceneObject>
    <SceneObject path="dream_scene pieces/wp_clouds/wp_clouds_0002_1 (59)">
      <components>
        <string>Transform</string>
        <string>SpriteRenderer</string>
      </components>
    </SceneObject>
    <SceneObject path="dream_scene pieces/wp_clouds/wp_clouds_0002_1 (27)">
      <components>
        <string>Transform</string>
        <string>SpriteRenderer</string>
      </components>
    </SceneObject>
    <SceneObject path="dream_scene pieces/wp_clouds/wp_clouds_0002_1 (75)">
      <components>
        <string>Transform</string>
        <string>SpriteRenderer</string>
      </components>
    </SceneObject>
    <SceneObject path="dream_scene pieces/wp_clouds/wp_clouds_0002_1 (76)">
      <components>
        <string>Transform</string>
        <string>SpriteRenderer</string>
      </components>
    </SceneObject>
    <SceneObject path="dream_scene pieces/wp_clouds/wp_clouds_0002_1 (77)">
      <components>
        <string>Transform</string>
        <string>SpriteRenderer</string>
      </components>
    </SceneObject>
    <SceneObject path="dream_scene pieces/wp_clouds/wp_clouds_0002_1 (78)">
      <components>
        <string>Transform</string>
        <string>SpriteRenderer</string>
      </components>
    </SceneObject>
    <SceneObject path="dream_scene pieces/wp_clouds/wp_clouds_0002_1 (79)">
      <components>
        <string>Transform</string>
        <string>SpriteRenderer</string>
      </components>
    </SceneObject>
    <SceneObject path="dream_scene pieces/wp_clouds/wp_clouds_0002_1 (81)">
      <components>
        <string>Transform</string>
        <string>SpriteRenderer</string>
      </components>
    </SceneObject>
    <SceneObject path="dream_scene pieces/wp_clouds/wp_clouds_0002_1 (17)">
      <components>
        <string>Transform</string>
        <string>SpriteRenderer</string>
      </components>
    </SceneObject>
    <SceneObject path="dream_scene pieces/wp_clouds/wp_clouds_0002_1 (20)">
      <components>
        <string>Transform</string>
        <string>SpriteRenderer</string>
      </components>
    </SceneObject>
    <SceneObject path="dream_scene pieces/wp_clouds/wp_clouds_0002_1 (26)">
      <components>
        <string>Transform</string>
        <string>SpriteRenderer</string>
      </components>
    </SceneObject>
    <SceneObject path="dream_scene pieces/wp_clouds/wp_clouds_0002_1 (31)">
      <components>
        <string>Transform</string>
        <string>SpriteRenderer</string>
      </components>
    </SceneObject>
    <SceneObject path="dream_scene pieces/wp_clouds/wp_clouds_0002_1 (82)">
      <components>
        <string>Transform</string>
        <string>SpriteRenderer</string>
      </components>
    </SceneObject>
    <SceneObject path="dream_scene pieces/wp_clouds/wp_clouds_0002_1 (80)">
      <components>
        <string>Transform</string>
        <string>SpriteRenderer</string>
      </components>
    </SceneObject>
    <SceneObject path="dream_scene pieces/wp_clouds/wp_clouds_0002_1 (83)">
      <components>
        <string>Transform</string>
        <string>SpriteRenderer</string>
      </components>
    </SceneObject>
    <SceneObject path="dream_scene pieces/wp_clouds/wp_clouds_0002_1 (84)">
      <components>
        <string>Transform</string>
        <string>SpriteRenderer</string>
      </components>
    </SceneObject>
    <SceneObject path="dream_scene pieces/wp_clouds/wp_clouds_0002_1 (54)">
      <components>
        <string>Transform</string>
        <string>SpriteRenderer</string>
      </components>
    </SceneObject>
    <SceneObject path="dream_scene pieces/wp_clouds/wp_clouds_0002_1 (55)">
      <components>
        <string>Transform</string>
        <string>SpriteRenderer</string>
      </components>
    </SceneObject>
    <SceneObject path="dream_scene pieces/wp_clouds/wp_clouds_0002_1 (45)">
      <components>
        <string>Transform</string>
        <string>SpriteRenderer</string>
      </components>
    </SceneObject>
    <SceneObject path="dream_scene pieces/wp_clouds/wp_clouds_0002_1 (18)">
      <components>
        <string>Transform</string>
        <string>SpriteRenderer</string>
      </components>
    </SceneObject>
    <SceneObject path="dream_scene pieces/wp_clouds/wp_clouds_0002_1 (21)">
      <components>
        <string>Transform</string>
        <string>SpriteRenderer</string>
      </components>
    </SceneObject>
    <SceneObject path="dream_scene pieces/wp_clouds/wp_clouds_0002_1 (22)">
      <components>
        <string>Transform</string>
        <string>SpriteRenderer</string>
      </components>
    </SceneObject>
    <SceneObject path="dream_scene pieces/wp_clouds/wp_clouds_0002_1 (23)">
      <components>
        <string>Transform</string>
        <string>SpriteRenderer</string>
      </components>
    </SceneObject>
    <SceneObject path="dream_scene pieces/wp_clouds/wp_clouds_0002_1 (24)">
      <components>
        <string>Transform</string>
        <string>SpriteRenderer</string>
      </components>
    </SceneObject>
    <SceneObject path="dream_scene pieces/wp_clouds/wp_clouds_0002_1 (46)">
      <components>
        <string>Transform</string>
        <string>SpriteRenderer</string>
      </components>
    </SceneObject>
    <SceneObject path="dream_scene pieces/wp_clouds/wp_clouds_0002_1 (85)">
      <components>
        <string>Transform</string>
        <string>SpriteRenderer</string>
      </components>
    </SceneObject>
    <SceneObject path="dream_scene pieces/wp_clouds/wp_clouds_0002_1 (86)">
      <components>
        <string>Transform</string>
        <string>SpriteRenderer</string>
      </components>
    </SceneObject>
    <SceneObject path="dream_scene pieces/wp_clouds/wp_clouds_0002_1 (87)">
      <components>
        <string>Transform</string>
        <string>SpriteRenderer</string>
      </components>
    </SceneObject>
    <SceneObject path="BlurPlane">
      <components>
        <string>Transform</string>
        <string>MeshFilter</string>
        <string>MeshRenderer</string>
        <string>BlurPlane</string>
      </components>
    </SceneObject>
    <SceneObject path="Dream Dialogue">
      <components>
        <string>Transform</string>
        <string>PlayMakerFSM</string>
        <string>BoxCollider2D</string>
        <string>NonBouncer</string>
      </components>
    </SceneObject>
    <SceneObject path="Dream Dialogue/Active Pt">
      <components>
        <string>Transform</string>
        <string>ParticleSystem</string>
        <string>ParticleSystemRenderer</string>
      </components>
    </SceneObject>
    <SceneObject path="Dream Dialogue/Impact Pt">
      <components>
        <string>Transform</string>
        <string>ParticleSystem</string>
        <string>ParticleSystemRenderer</string>
      </components>
    </SceneObject>
    <SceneObject path="moth_ghost_idle0002">
      <components>
        <string>Transform</string>
        <string>SpriteRenderer</string>
        <string>Animator</string>
      </components>
    </SceneObject>
    <SceneObject path="CameraLockArea">
      <components>
        <string>Transform</string>
        <string>BoxCollider2D</string>
        <string>CameraLockArea</string>
      </components>
    </SceneObject>
    <SceneObject path="Dream Fall Catcher">
      <components>
        <string>Transform</string>
        <string>PlayMakerFSM</string>
        <string>BoxCollider2D</string>
      </components>
    </SceneObject>
    <SceneObject path="Dream Fall Catcher/Bottom">
      <components>
        <string>Transform</string>
        <string>BoxCollider2D</string>
      </components>
    </SceneObject>
    <SceneObject path="formal_fence (7)">
      <components>
        <string>Transform</string>
      </components>
    </SceneObject>
    <SceneObject path="dream_particle_03">
      <components>
        <string>Transform</string>
        <string>ParticleSystem</string>
        <string>ParticleSystemRenderer</string>
      </components>
    </SceneObject>
    <SceneObject path="formal_fence (5)">
      <components>
        <string>Transform</string>
      </components>
    </SceneObject>
    <SceneObject path="Roof Collider (1)">
      <components>
        <string>Transform</string>
        <string>PolygonCollider2D</string>
        <string>NonSlider</string>
        <string>PlayMakerCollisionEnter2D</string>
        <string>Roof</string>
      </components>
    </SceneObject>
    <SceneObject path="Particle System glowies">
      <components>
        <string>Transform</string>
        <string>ParticleSystem</string>
        <string>ParticleSystemRenderer</string>
      </components>
    </SceneObject>
    <SceneObject path="dream_grass_1 (2)">
      <components>
        <string>Transform</string>
        <string>SpriteRenderer</string>
        <string>BoxCollider2D</string>
        <string>AudioSource</string>
        <string>Animator</string>
        <string>GrassSpriteBehaviour</string>
      </components>
    </SceneObject>
    <SceneObject path="dream_grass_1 (2)/Dream_Grass_A">
      <components>
        <string>Transform</string>
        <string>ParticleSystem</string>
        <string>ParticleSystemRenderer</string>
      </components>
    </SceneObject>
    <SceneObject path="World Edge">
      <components>
        <string>Transform</string>
        <string>BoxCollider2D</string>
        <string>NonSlider</string>
        <string>BoxCollider2D</string>
        <string>PlayMakerFSM</string>
        <string>NonThunker</string>
      </components>
    </SceneObject>
    <SceneObject path="dream_mid_plat">
      <components>
        <string>Transform</string>
      </components>
    </SceneObject>
    <SceneObject path="dream_mid_plat/Mines_Layered_0020_a_small (15)">
      <components>
        <string>Transform</string>
        <string>SpriteRenderer</string>
      </components>
    </SceneObject>
    <SceneObject path="dream_mid_plat/Mines_Layered_0020_a_small (14)">
      <components>
        <string>Transform</string>
        <string>SpriteRenderer</string>
      </components>
    </SceneObject>
    <SceneObject path="dream_mid_plat/Mines_Layered_0020_a_small (13)">
      <components>
        <string>Transform</string>
        <string>SpriteRenderer</string>
      </components>
    </SceneObject>
    <SceneObject path="dream_mid_plat/floor_02">
      <components>
        <string>Transform</string>
      </components>
    </SceneObject>
    <SceneObject path="dream_mid_plat/floor_02/floor_layered_0003_01">
      <components>
        <string>Transform</string>
        <string>SpriteRenderer</string>
      </components>
    </SceneObject>
    <SceneObject path="dream_mid_plat/floor_02/floor_layered_0002_02">
      <components>
        <string>Transform</string>
        <string>SpriteRenderer</string>
      </components>
    </SceneObject>
    <SceneObject path="dream_mid_plat/floor_02/floor_layered_0001_03">
      <components>
        <string>Transform</string>
        <string>SpriteRenderer</string>
      </components>
    </SceneObject>
    <SceneObject path="dream_mid_plat/floor_02/floor_layered_0000_04">
      <components>
        <string>Transform</string>
        <string>SpriteRenderer</string>
      </components>
    </SceneObject>
    <SceneObject path="dream_mid_plat/floor_02/floor_02 (1)">
      <components>
        <string>Transform</string>
      </components>
    </SceneObject>
    <SceneObject path="dream_mid_plat/floor_layered_0003_01 (1)">
      <components>
        <string>Transform</string>
        <string>SpriteRenderer</string>
      </components>
    </SceneObject>
    <SceneObject path="dream_mid_plat/floor_layered_0002_02 (1)">
      <components>
        <string>Transform</string>
        <string>SpriteRenderer</string>
      </components>
    </SceneObject>
    <SceneObject path="dream_mid_plat/Mines_Layered_0020_a_small (12)">
      <components>
        <string>Transform</string>
        <string>SpriteRenderer</string>
      </components>
    </SceneObject>
    <SceneObject path="dream_mid_plat/Mines_Layered_0020_a_small (11)">
      <components>
        <string>Transform</string>
        <string>SpriteRenderer</string>
      </components>
    </SceneObject>
    <SceneObject path="dream_mid_plat/chain_02">
      <components>
        <string>Transform</string>
        <string>SpriteRenderer</string>
      </components>
    </SceneObject>
    <SceneObject path="dream_mid_plat/ruins_struts_spike (2)">
      <components>
        <string>Transform</string>
        <string>SpriteRenderer</string>
      </components>
    </SceneObject>
    <SceneObject path="dream_mid_plat/cd_arch_fence_01 (2)">
      <components>
        <string>Transform</string>
        <string>SpriteRenderer</string>
      </components>
    </SceneObject>
    <SceneObject path="dream_mid_plat/ruins_struts_spike (3)">
      <components>
        <string>Transform</string>
        <string>SpriteRenderer</string>
      </components>
    </SceneObject>
    <SceneObject path="formal_fence (6)">
      <components>
        <string>Transform</string>
      </components>
    </SceneObject>
    <SceneObject path="formal_fence">
      <components>
        <string>Transform</string>
      </components>
    </SceneObject>
    <SceneObject path="dreamcatcher_04 (9)">
      <components>
        <string>Transform</string>
        <string>SpriteRenderer</string>
        <string>Animator</string>
      </components>
    </SceneObject>
    <SceneObject path="Superdash Cancel (2)">
      <components>
        <string>Transform</string>
        <string>BoxCollider2D</string>
        <string>PlayMakerFSM</string>
      </components>
    </SceneObject>
    <SceneObject path="dream_large_plat_01 (1)">
      <components>
        <string>Transform</string>
      </components>
    </SceneObject>
    <SceneObject path="dream_large_plat_01 (1)/Mines_Layered_0020_a_small (15)">
      <components>
        <string>Transform</string>
        <string>SpriteRenderer</string>
      </components>
    </SceneObject>
    <SceneObject path="dream_large_plat_01 (1)/Mines_Layered_0020_a_small (13)">
      <components>
        <string>Transform</string>
        <string>SpriteRenderer</string>
      </components>
    </SceneObject>
    <SceneObject path="dream_large_plat_01 (1)/Mines_Layered_0020_a_small (12)">
      <components>
        <string>Transform</string>
        <string>SpriteRenderer</string>
      </components>
    </SceneObject>
    <SceneObject path="dream_large_plat_01 (1)/floor_02">
      <components>
        <string>Transform</string>
      </components>
    </SceneObject>
    <SceneObject path="dream_large_plat_01 (1)/floor_02/floor_layered_0003_01">
      <components>
        <string>Transform</string>
        <string>SpriteRenderer</string>
      </components>
    </SceneObject>
    <SceneObject path="dream_large_plat_01 (1)/floor_02/floor_layered_0002_02">
      <components>
        <string>Transform</string>
        <string>SpriteRenderer</string>
      </components>
    </SceneObject>
    <SceneObject path="dream_large_plat_01 (1)/floor_02/floor_layered_0001_03">
      <components>
        <string>Transform</string>
        <string>SpriteRenderer</string>
      </components>
    </SceneObject>
    <SceneObject path="dream_large_plat_01 (1)/floor_02/floor_layered_0000_04">
      <components>
        <string>Transform</string>
        <string>SpriteRenderer</string>
      </components>
    </SceneObject>
    <SceneObject path="dream_large_plat_01 (1)/floor_layered_0003_01 (1)">
      <components>
        <string>Transform</string>
        <string>SpriteRenderer</string>
      </components>
    </SceneObject>
    <SceneObject path="dream_large_plat_01 (1)/floor_layered_0002_02 (1)">
      <components>
        <string>Transform</string>
        <string>SpriteRenderer</string>
      </components>
    </SceneObject>
    <SceneObject path="dream_large_plat_01 (1)/floor_layered_0003_01 (2)">
      <components>
        <string>Transform</string>
        <string>SpriteRenderer</string>
      </components>
    </SceneObject>
    <SceneObject path="dream_large_plat_01 (1)/Mines_Layered_0020_a_small (11)">
      <components>
        <string>Transform</string>
        <string>SpriteRenderer</string>
      </components>
    </SceneObject>
    <SceneObject path="dream_large_plat_01 (1)/Mines_Layered_0020_a_small (14)">
      <components>
        <string>Transform</string>
        <string>SpriteRenderer</string>
      </components>
    </SceneObject>
    <SceneObject path="dream_large_plat_01 (1)/chain_01 (6)">
      <components>
        <string>Transform</string>
        <string>SpriteRenderer</string>
      </components>
    </SceneObject>
    <SceneObject path="dream_large_plat_01 (1)/chain_02 (1)">
      <components>
        <string>Transform</string>
        <string>SpriteRenderer</string>
      </components>
    </SceneObject>
    <SceneObject path="dream_large_plat_01 (1)/Mines_Layered_0020_a (11)">
      <components>
        <string>Transform</string>
        <string>SpriteRenderer</string>
      </components>
    </SceneObject>
    <SceneObject path="dream_large_plat_01 (1)/Mines_Layered_0020_a (12)">
      <components>
        <string>Transform</string>
        <string>SpriteRenderer</string>
      </components>
    </SceneObject>
    <SceneObject path="dream_large_plat_01 (1)/chain_02 (2)">
      <components>
        <string>Transform</string>
        <string>SpriteRenderer</string>
      </components>
    </SceneObject>
    <SceneObject path="dream_large_plat_01 (1)/floor_layered_0003_01 (3)">
      <components>
        <string>Transform</string>
        <string>SpriteRenderer</string>
      </components>
    </SceneObject>
    <SceneObject path="dream_large_plat_01 (1)/floor_layered_0002_02 (2)">
      <components>
        <string>Transform</string>
        <string>SpriteRenderer</string>
      </components>
    </SceneObject>
    <SceneObject path="dream_large_plat_01 (1)/floor_layered_0003_01 (4)">
      <components>
        <string>Transform</string>
        <string>SpriteRenderer</string>
      </components>
    </SceneObject>
    <SceneObject path="dream_large_plat_01 (1)/floor_layered_0003_01 (5)">
      <components>
        <string>Transform</string>
        <string>SpriteRenderer</string>
      </components>
    </SceneObject>
    <SceneObject path="dream_large_plat_01 (1)/floor_layered_0002_02 (3)">
      <components>
        <string>Transform</string>
        <string>SpriteRenderer</string>
      </components>
    </SceneObject>
    <SceneObject path="dream_large_plat_01 (1)/floor_layered_0003_01 (6)">
      <components>
        <string>Transform</string>
        <string>SpriteRenderer</string>
      </components>
    </SceneObject>
    <SceneObject path="dream_large_plat_01 (1)/floor_layered_0003_01 (7)">
      <components>
        <string>Transform</string>
        <string>SpriteRenderer</string>
      </components>
    </SceneObject>
    <SceneObject path="dream_large_plat_01 (1)/Mines_Layered_0020_a (13)">
      <components>
        <string>Transform</string>
        <string>SpriteRenderer</string>
      </components>
    </SceneObject>
    <SceneObject path="dream_large_plat_01 (1)/Mines_Layered_0020_a (14)">
      <components>
        <string>Transform</string>
        <string>SpriteRenderer</string>
      </components>
    </SceneObject>
    <SceneObject path="dream_large_plat_01 (1)/Mines_Layered_0020_a (15)">
      <components>
        <string>Transform</string>
        <string>SpriteRenderer</string>
      </components>
    </SceneObject>
    <SceneObject path="dream_large_plat_01 (1)/Mines_Layered_0020_a (16)">
      <components>
        <string>Transform</string>
        <string>SpriteRenderer</string>
      </components>
    </SceneObject>
    <SceneObject path="dream_large_plat_01 (1)/chain_01 (7)">
      <components>
        <string>Transform</string>
        <string>SpriteRenderer</string>
      </components>
    </SceneObject>
    <SceneObject path="dream_large_plat_01 (1)/chain_01 (8)">
      <components>
        <string>Transform</string>
        <string>SpriteRenderer</string>
      </components>
    </SceneObject>
    <SceneObject path="dream_large_plat_01 (1)/chain_01 (9)">
      <components>
        <string>Transform</string>
        <string>SpriteRenderer</string>
      </components>
    </SceneObject>
    <SceneObject path="dream_large_plat_01 (1)/chain_01 (10)">
      <components>
        <string>Transform</string>
        <string>SpriteRenderer</string>
      </components>
    </SceneObject>
    <SceneObject path="formal_fence (1)">
      <components>
        <string>Transform</string>
      </components>
    </SceneObject>
    <SceneObject path="_Areas">
      <components>
        <string>Transform</string>
      </components>
    </SceneObject>
    <SceneObject path="dream_plat_small (3)">
      <components>
        <string>Transform</string>
        <string>AudioSource</string>
        <string>DreamPlatform</string>
      </components>
    </SceneObject>
    <SceneObject path="dream_plat_small (3)/animation">
      <components>
        <string>Transform</string>
        <string>SpriteRenderer</string>
        <string>Animator</string>
      </components>
    </SceneObject>
    <SceneObject path="dream_plat_small (3)/platform">
      <components>
        <string>Transform</string>
        <string>BoxCollider2D</string>
        <string>DustyPlatform</string>
      </components>
    </SceneObject>
    <SceneObject path="dream_plat_small (3)/Outer Collider">
      <components>
        <string>Transform</string>
        <string>CircleCollider2D</string>
        <string>TriggerEnterEvent</string>
      </components>
    </SceneObject>
    <SceneObject path="dream_plat_small (3)/Inner Collider">
      <components>
        <string>Transform</string>
        <string>CircleCollider2D</string>
        <string>TriggerEnterEvent</string>
      </components>
    </SceneObject>
    <SceneObject path="dream_BG_plats_0001_3 (1)">
      <components>
        <string>Transform</string>
        <string>SpriteRenderer</string>
      </components>
    </SceneObject>
    <SceneObject path="dream_lamp_01 (1)">
      <components>
        <string>Transform</string>
        <string>SpriteRenderer</string>
        <string>PlayMakerFSM</string>
      </components>
    </SceneObject>
    <SceneObject path="dream_lamp_01 (1)/haze2">
      <components>
        <string>Transform</string>
        <string>SpriteRenderer</string>
      </components>
    </SceneObject>
    <SceneObject path="dream_grass_1 (13)">
      <components>
        <string>Transform</string>
        <string>SpriteRenderer</string>
        <string>Animator</string>
        <string>GrassSpriteBehaviour</string>
      </components>
    </SceneObject>
    <SceneObject path="dream_grass_1 (13)/Dream_Grass_A">
      <components>
        <string>Transform</string>
        <string>ParticleSystem</string>
        <string>ParticleSystemRenderer</string>
      </components>
    </SceneObject>
    <SceneObject path="dream_plat_small (2)">
      <components>
        <string>Transform</string>
        <string>AudioSource</string>
        <string>DreamPlatform</string>
      </components>
    </SceneObject>
    <SceneObject path="dream_plat_small (2)/animation">
      <components>
        <string>Transform</string>
        <string>SpriteRenderer</string>
        <string>Animator</string>
      </components>
    </SceneObject>
    <SceneObject path="dream_plat_small (2)/platform">
      <components>
        <string>Transform</string>
        <string>BoxCollider2D</string>
        <string>DustyPlatform</string>
      </components>
    </SceneObject>
    <SceneObject path="dream_plat_small (2)/Outer Collider">
      <components>
        <string>Transform</string>
        <string>CircleCollider2D</string>
        <string>TriggerEnterEvent</string>
      </components>
    </SceneObject>
    <SceneObject path="dream_plat_small (2)/Inner Collider">
      <components>
        <string>Transform</string>
        <string>CircleCollider2D</string>
        <string>TriggerEnterEvent</string>
      </components>
    </SceneObject>
    <SceneObject path="floor_02 (2)">
      <components>
        <string>Transform</string>
      </components>
    </SceneObject>
    <SceneObject path="dream_large_plat_01">
      <components>
        <string>Transform</string>
      </components>
    </SceneObject>
    <SceneObject path="dream_large_plat_01/Mines_Layered_0020_a_small (15)">
      <components>
        <string>Transform</string>
        <string>SpriteRenderer</string>
      </components>
    </SceneObject>
    <SceneObject path="dream_large_plat_01/Mines_Layered_0020_a_small (13)">
      <components>
        <string>Transform</string>
        <string>SpriteRenderer</string>
      </components>
    </SceneObject>
    <SceneObject path="dream_large_plat_01/Mines_Layered_0020_a_small (12)">
      <components>
        <string>Transform</string>
        <string>SpriteRenderer</string>
      </components>
    </SceneObject>
    <SceneObject path="dream_large_plat_01/floor_02">
      <components>
        <string>Transform</string>
      </components>
    </SceneObject>
    <SceneObject path="dream_large_plat_01/floor_02/floor_layered_0003_01">
      <components>
        <string>Transform</string>
        <string>SpriteRenderer</string>
      </components>
    </SceneObject>
    <SceneObject path="dream_large_plat_01/floor_02/floor_layered_0002_02">
      <components>
        <string>Transform</string>
        <string>SpriteRenderer</string>
      </components>
    </SceneObject>
    <SceneObject path="dream_large_plat_01/floor_02/floor_layered_0001_03">
      <components>
        <string>Transform</string>
        <string>SpriteRenderer</string>
      </components>
    </SceneObject>
    <SceneObject path="dream_large_plat_01/floor_02/floor_layered_0000_04">
      <components>
        <string>Transform</string>
        <string>SpriteRenderer</string>
      </components>
    </SceneObject>
    <SceneObject path="dream_large_plat_01/floor_layered_0003_01 (1)">
      <components>
        <string>Transform</string>
        <string>SpriteRenderer</string>
      </components>
    </SceneObject>
    <SceneObject path="dream_large_plat_01/floor_layered_0002_02 (1)">
      <components>
        <string>Transform</string>
        <string>SpriteRenderer</string>
      </components>
    </SceneObject>
    <SceneObject path="dream_large_plat_01/floor_layered_0003_01 (2)">
      <components>
        <string>Transform</string>
        <string>SpriteRenderer</string>
      </components>
    </SceneObject>
    <SceneObject path="dream_large_plat_01/floor_layered_0001_03 (1)">
      <components>
        <string>Transform</string>
        <string>SpriteRenderer</string>
      </components>
    </SceneObject>
    <SceneObject path="dream_large_plat_01/Mines_Layered_0020_a_small (11)">
      <components>
        <string>Transform</string>
        <string>SpriteRenderer</string>
      </components>
    </SceneObject>
    <SceneObject path="dream_large_plat_01/Mines_Layered_0020_a_small (14)">
      <components>
        <string>Transform</string>
        <string>SpriteRenderer</string>
      </components>
    </SceneObject>
    <SceneObject path="dream_large_plat_01/chain_01 (6)">
      <components>
        <string>Transform</string>
        <string>SpriteRenderer</string>
      </components>
    </SceneObject>
    <SceneObject path="dream_large_plat_01/chain_02 (1)">
      <components>
        <string>Transform</string>
        <string>SpriteRenderer</string>
      </components>
    </SceneObject>
    <SceneObject path="dream_large_plat_01/ruins_struts_spike (2)">
      <components>
        <string>Transform</string>
        <string>SpriteRenderer</string>
      </components>
    </SceneObject>
    <SceneObject path="dream_large_plat_01/cd_arch_fence_01 (2)">
      <components>
        <string>Transform</string>
        <string>SpriteRenderer</string>
      </components>
    </SceneObject>
    <SceneObject path="dream_large_plat_01/ruins_struts_spike">
      <components>
        <string>Transform</string>
        <string>SpriteRenderer</string>
      </components>
    </SceneObject>
    <SceneObject path="dream_large_plat_01/cd_arch_fence_01">
      <components>
        <string>Transform</string>
        <string>SpriteRenderer</string>
      </components>
    </SceneObject>
    <SceneObject path="dream_large_plat_01/ruins_struts_spike (2)">
      <components>
        <string>Transform</string>
        <string>SpriteRenderer</string>
      </components>
    </SceneObject>
    <SceneObject path="dream_large_plat_01/cd_arch_fence_01 (2)">
      <components>
        <string>Transform</string>
        <string>SpriteRenderer</string>
      </components>
    </SceneObject>
    <SceneObject path="dream_large_plat_01/cd_arch_fence_01 (1)">
      <components>
        <string>Transform</string>
        <string>SpriteRenderer</string>
      </components>
    </SceneObject>
    <SceneObject path="dream_large_plat_01/ruins_struts_spike (1)">
      <components>
        <string>Transform</string>
        <string>SpriteRenderer</string>
      </components>
    </SceneObject>
    <SceneObject path="dream_large_plat_01/ruins_struts_spike">
      <components>
        <string>Transform</string>
        <string>SpriteRenderer</string>
      </components>
    </SceneObject>
    <SceneObject path="dream_large_plat_01/cd_arch_fence_01">
      <components>
        <string>Transform</string>
        <string>SpriteRenderer</string>
      </components>
    </SceneObject>
    <SceneObject path="dream_large_plat_01/ruins_struts_spike (3)">
      <components>
        <string>Transform</string>
        <string>SpriteRenderer</string>
      </components>
    </SceneObject>
    <SceneObject path="dream_large_plat_01/Mines_Layered_0020_a (11)">
      <components>
        <string>Transform</string>
        <string>SpriteRenderer</string>
      </components>
    </SceneObject>
    <SceneObject path="dream_large_plat_01/Mines_Layered_0020_a (12)">
      <components>
        <string>Transform</string>
        <string>SpriteRenderer</string>
      </components>
    </SceneObject>
    <SceneObject path="dream_large_plat_01/chain_02 (2)">
      <components>
        <string>Transform</string>
        <string>SpriteRenderer</string>
      </components>
    </SceneObject>
    <SceneObject path="dream_lamp_01 (2)">
      <components>
        <string>Transform</string>
        <string>SpriteRenderer</string>
        <string>PlayMakerFSM</string>
      </components>
    </SceneObject>
    <SceneObject path="dream_lamp_01 (2)/haze2">
      <components>
        <string>Transform</string>
        <string>SpriteRenderer</string>
      </components>
    </SceneObject>
    <SceneObject path="dreamcatcher_04 (10)">
      <components>
        <string>Transform</string>
        <string>SpriteRenderer</string>
        <string>Animator</string>
      </components>
    </SceneObject>
    <SceneObject path="Shrine_of_Believers_Ext_door">
      <components>
        <string>Transform</string>
        <string>SpriteRenderer</string>
      </components>
    </SceneObject>
    <SceneObject path="Dream Entry">
      <components>
        <string>Transform</string>
        <string>PlayMakerFSM</string>
        <string>AudioSource</string>
      </components>
    </SceneObject>
    <SceneObject path="Dream Entry/Knight Dream Arrival">
      <components>
        <string>Transform</string>
        <string>MeshRenderer</string>
        <string>MeshFilter</string>
        <string>tk2dSprite</string>
        <string>tk2dSpriteAnimator</string>
      </components>
    </SceneObject>
    <SceneObject path="Dream Entry/Knight Dream Arrival/Spark">
      <components>
        <string>Transform</string>
        <string>MeshFilter</string>
        <string>MeshRenderer</string>
        <string>tk2dSprite</string>
        <string>tk2dSpriteAnimator</string>
        <string>PlayMakerFSM</string>
      </components>
    </SceneObject>
    <SceneObject path="Dream Entry/Knight Dream Arrival/Attack Pt">
      <components>
        <string>Transform</string>
        <string>ParticleSystem</string>
        <string>ParticleSystemRenderer</string>
      </components>
    </SceneObject>
    <SceneObject path="dream_catcher_active_01 (5)">
      <components>
        <string>Transform</string>
        <string>SpriteRenderer</string>
        <string>CircleCollider2D</string>
        <string>CircleCollider2D</string>
        <string>SceneryTriggerCircle</string>
        <string>Animator</string>
      </components>
    </SceneObject>
    <SceneObject path="dream_grass_3 (10)">
      <components>
        <string>Transform</string>
        <string>SpriteRenderer</string>
        <string>BoxCollider2D</string>
        <string>AudioSource</string>
        <string>Animator</string>
        <string>GrassSpriteBehaviour</string>
      </components>
    </SceneObject>
    <SceneObject path="dream_grass_3 (10)/Dream_Grass_A">
      <components>
        <string>Transform</string>
        <string>ParticleSystem</string>
        <string>ParticleSystemRenderer</string>
      </components>
    </SceneObject>
    <SceneObject path="cd_archway_full (3)">
      <components>
        <string>Transform</string>
      </components>
    </SceneObject>
    <SceneObject path="dream_grass_1 (10)">
      <components>
        <string>Transform</string>
        <string>SpriteRenderer</string>
        <string>Animator</string>
        <string>GrassSpriteBehaviour</string>
      </components>
    </SceneObject>
    <SceneObject path="dream_grass_1 (10)/Dream_Grass_A">
      <components>
        <string>Transform</string>
        <string>ParticleSystem</string>
        <string>ParticleSystemRenderer</string>
      </components>
    </SceneObject>
    <SceneObject path="formal_fence (3)">
      <components>
        <string>Transform</string>
      </components>
    </SceneObject>
    <SceneObject path="dreamcatcher_04 (6)">
      <components>
        <string>Transform</string>
        <string>SpriteRenderer</string>
        <string>Animator</string>
      </components>
    </SceneObject>
    <SceneObject path="dream_BG_plats_0000_4">
      <components>
        <string>Transform</string>
        <string>SpriteRenderer</string>
      </components>
    </SceneObject>
    <SceneObject path="dream_plat_small (5)">
      <components>
        <string>Transform</string>
        <string>AudioSource</string>
        <string>DreamPlatform</string>
      </components>
    </SceneObject>
    <SceneObject path="dream_plat_small (5)/animation">
      <components>
        <string>Transform</string>
        <string>SpriteRenderer</string>
        <string>Animator</string>
      </components>
    </SceneObject>
    <SceneObject path="dream_plat_small (5)/platform">
      <components>
        <string>Transform</string>
        <string>BoxCollider2D</string>
        <string>DustyPlatform</string>
      </components>
    </SceneObject>
    <SceneObject path="dream_plat_small (5)/Outer Collider">
      <components>
        <string>Transform</string>
        <string>CircleCollider2D</string>
        <string>TriggerEnterEvent</string>
      </components>
    </SceneObject>
    <SceneObject path="dream_plat_small (5)/Inner Collider">
      <components>
        <string>Transform</string>
        <string>CircleCollider2D</string>
        <string>TriggerEnterEvent</string>
      </components>
    </SceneObject>
    <SceneObject path="Superdash Cancel (1)">
      <components>
        <string>Transform</string>
        <string>BoxCollider2D</string>
        <string>PlayMakerFSM</string>
      </components>
    </SceneObject>
    <SceneObject path="dream_plat_med (4)">
      <components>
        <string>Transform</string>
        <string>AudioSource</string>
        <string>DreamPlatform</string>
      </components>
    </SceneObject>
    <SceneObject path="dream_plat_med (4)/animation">
      <components>
        <string>Transform</string>
        <string>SpriteRenderer</string>
        <string>Animator</string>
      </components>
    </SceneObject>
    <SceneObject path="dream_plat_med (4)/platform">
      <components>
        <string>Transform</string>
        <string>BoxCollider2D</string>
        <string>DustyPlatform</string>
      </components>
    </SceneObject>
    <SceneObject path="dream_plat_med (4)/Outer Collider">
      <components>
        <string>Transform</string>
        <string>CircleCollider2D</string>
        <string>TriggerEnterEvent</string>
      </components>
    </SceneObject>
    <SceneObject path="dream_plat_med (4)/Inner Collider">
      <components>
        <string>Transform</string>
        <string>CircleCollider2D</string>
        <string>TriggerEnterEvent</string>
      </components>
    </SceneObject>
    <SceneObject path="dream_catcher_active_02">
      <components>
        <string>Transform</string>
        <string>SpriteRenderer</string>
        <string>CircleCollider2D</string>
        <string>CircleCollider2D</string>
        <string>SceneryTriggerCircle</string>
        <string>Animator</string>
      </components>
    </SceneObject>
    <SceneObject path="dream_grass_1 (8)">
      <components>
        <string>Transform</string>
        <string>SpriteRenderer</string>
        <string>Animator</string>
        <string>GrassSpriteBehaviour</string>
      </components>
    </SceneObject>
    <SceneObject path="dream_grass_1 (8)/Dream_Grass_A">
      <components>
        <string>Transform</string>
        <string>ParticleSystem</string>
        <string>ParticleSystemRenderer</string>
      </components>
    </SceneObject>
    <SceneObject path="Roof Collider">
      <components>
        <string>Transform</string>
        <string>PolygonCollider2D</string>
        <string>NonSlider</string>
        <string>PlayMakerCollisionEnter2D</string>
        <string>Roof</string>
      </components>
    </SceneObject>
  </sceneObjects>
</SceneData>