<?xml version="1.0" encoding="utf-8"?>
<SceneData xmlns:xsd="http://www.w3.org/2001/XMLSchema" xmlns:xsi="http://www.w3.org/2001/XMLSchema-instance" name="Deepnest_East_10">
  <sceneObjects>
    <SceneObject path="ghost_shrines_0003_markoth_corpse_03">
      <components>
        <string>Transform</string>
        <string>SpriteRenderer</string>
      </components>
    </SceneObject>
    <SceneObject path="ash_grass1002">
      <components>
        <string>Transform</string>
        <string>SpriteRenderer</string>
        <string>Animator</string>
        <string>BoxCollider2D</string>
        <string>AudioSource</string>
        <string>GrassSpriteBehaviour</string>
      </components>
    </SceneObject>
    <SceneObject path="ash_grass1002/ash_grass_particles">
      <components>
        <string>Transform</string>
        <string>ParticleSystem</string>
        <string>ParticleSystemRenderer</string>
        <string>ParticleSystemAutoRecycle</string>
      </components>
    </SceneObject>
    <SceneObject path="plat_float_09">
      <components>
        <string>Transform</string>
        <string>SpriteRenderer</string>
        <string>BoxCollider2D</string>
        <string>DustyPlatform</string>
      </components>
    </SceneObject>
    <SceneObject path="ash_grass_02">
      <components>
        <string>Transform</string>
        <string>SpriteRenderer</string>
        <string>Animator</string>
        <string>BoxCollider2D</string>
        <string>AudioSource</string>
        <string>GrassSpriteBehaviour</string>
      </components>
    </SceneObject>
    <SceneObject path="ash_grass_02/ash_grass_particles">
      <components>
        <string>Transform</string>
        <string>ParticleSystem</string>
        <string>ParticleSystemRenderer</string>
        <string>ParticleSystemAutoRecycle</string>
      </components>
    </SceneObject>
    <SceneObject path="white_ash_scenery_0004_5 (2)">
      <components>
        <string>Transform</string>
        <string>SpriteRenderer</string>
      </components>
    </SceneObject>
    <SceneObject path="bone_deep_0103_b_sil (12)">
      <components>
        <string>Transform</string>
        <string>SpriteRenderer</string>
      </components>
    </SceneObject>
    <SceneObject path="plat_float_05">
      <components>
        <string>Transform</string>
        <string>SpriteRenderer</string>
        <string>BoxCollider2D</string>
        <string>DustyPlatform</string>
      </components>
    </SceneObject>
    <SceneObject path="white_ash_scenery_0004_5 (5)">
      <components>
        <string>Transform</string>
        <string>SpriteRenderer</string>
      </components>
    </SceneObject>
    <SceneObject path="black_solid 415 (2)">
      <components>
        <string>Transform</string>
        <string>SpriteRenderer</string>
      </components>
    </SceneObject>
    <SceneObject path="white_ash_scenery_0000_1 (3)">
      <components>
        <string>Transform</string>
        <string>SpriteRenderer</string>
      </components>
    </SceneObject>
    <SceneObject path="_Markers">
      <components>
        <string>Transform</string>
      </components>
    </SceneObject>
    <SceneObject path="bone_deep_0103_b_sil (5)">
      <components>
        <string>Transform</string>
        <string>SpriteRenderer</string>
      </components>
    </SceneObject>
    <SceneObject path="deep_floor_tilable (3)">
      <components>
        <string>Transform</string>
      </components>
    </SceneObject>
    <SceneObject path="deep_floor_tilable (3)/deep_floor 5">
      <components>
        <string>Transform</string>
      </components>
    </SceneObject>
    <SceneObject path="deep_floor_tilable (3)/deep_floor 5/bone_deep_0127_n">
      <components>
        <string>Transform</string>
        <string>SpriteRenderer</string>
      </components>
    </SceneObject>
    <SceneObject path="deep_floor_tilable (3)/deep_floor 5/bone_deep_0126_n">
      <components>
        <string>Transform</string>
        <string>SpriteRenderer</string>
      </components>
    </SceneObject>
    <SceneObject path="deep_floor_tilable (3)/deep_floor 5/GameObject">
      <components>
        <string>Transform</string>
      </components>
    </SceneObject>
    <SceneObject path="deep_floor_tilable (3)/deep_floor 4">
      <components>
        <string>Transform</string>
      </components>
    </SceneObject>
    <SceneObject path="deep_floor_tilable (3)/deep_floor 4/bone_deep_0127_n">
      <components>
        <string>Transform</string>
        <string>SpriteRenderer</string>
      </components>
    </SceneObject>
    <SceneObject path="deep_floor_tilable (3)/deep_floor 4/bone_deep_0126_n">
      <components>
        <string>Transform</string>
        <string>SpriteRenderer</string>
      </components>
    </SceneObject>
    <SceneObject path="ghost_shrines_0003_markoth_corpse_03 (2)">
      <components>
        <string>Transform</string>
        <string>SpriteRenderer</string>
      </components>
    </SceneObject>
    <SceneObject path="white_ash_scenery_0003_4">
      <components>
        <string>Transform</string>
        <string>SpriteRenderer</string>
      </components>
    </SceneObject>
    <SceneObject path="deep_floor_tilable2 (9)">
      <components>
        <string>Transform</string>
      </components>
    </SceneObject>
    <SceneObject path="deep_floor_tilable2 (9)/deep_floor 5">
      <components>
        <string>Transform</string>
      </components>
    </SceneObject>
    <SceneObject path="deep_floor_tilable2 (9)/deep_floor 5/bone_deep_0127_n">
      <components>
        <string>Transform</string>
        <string>SpriteRenderer</string>
      </components>
    </SceneObject>
    <SceneObject path="deep_floor_tilable2 (9)/deep_floor 5/bone_deep_0126_n">
      <components>
        <string>Transform</string>
        <string>SpriteRenderer</string>
      </components>
    </SceneObject>
    <SceneObject path="deep_floor_tilable2 (9)/deep_floor 4">
      <components>
        <string>Transform</string>
      </components>
    </SceneObject>
    <SceneObject path="deep_floor_tilable2 (9)/deep_floor 4/bone_deep_0127_n">
      <components>
        <string>Transform</string>
        <string>SpriteRenderer</string>
      </components>
    </SceneObject>
    <SceneObject path="deep_floor_tilable2 (9)/deep_floor 4/bone_deep_0126_n">
      <components>
        <string>Transform</string>
        <string>SpriteRenderer</string>
      </components>
    </SceneObject>
    <SceneObject path="plat_float_07">
      <components>
        <string>Transform</string>
        <string>SpriteRenderer</string>
        <string>BoxCollider2D</string>
        <string>DustyPlatform</string>
      </components>
    </SceneObject>
    <SceneObject path="white_ash_scenery_0017_18 (1)">
      <components>
        <string>Transform</string>
        <string>SpriteRenderer</string>
      </components>
    </SceneObject>
    <SceneObject path="deep_far_back">
      <components>
        <string>Transform</string>
        <string>SpriteRenderer</string>
      </components>
    </SceneObject>
    <SceneObject path="ash_grass_02_sil (1)">
      <components>
        <string>Transform</string>
        <string>SpriteRenderer</string>
        <string>Animator</string>
        <string>BoxCollider2D</string>
        <string>AudioSource</string>
        <string>GrassSpriteBehaviour</string>
      </components>
    </SceneObject>
    <SceneObject path="ash_grass_02_sil (1)/ash_grass_particles_windy">
      <components>
        <string>Transform</string>
        <string>ParticleSystem</string>
        <string>ParticleSystemRenderer</string>
        <string>ParticleSystemAutoRecycle</string>
      </components>
    </SceneObject>
    <SceneObject path="ash_grass_02_sil (1)/ash_grass_particles_still">
      <components>
        <string>Transform</string>
        <string>ParticleSystem</string>
        <string>ParticleSystemRenderer</string>
        <string>ParticleSystemAutoRecycle</string>
      </components>
    </SceneObject>
    <SceneObject path="Hollow_Shade Marker">
      <components>
        <string>Transform</string>
        <string>PlayMakerFSM</string>
      </components>
    </SceneObject>
    <SceneObject path="Hollow_Shade Marker/HS_Image">
      <components>
        <string>Transform</string>
      </components>
    </SceneObject>
    <SceneObject path="black_solid 415 (3)">
      <components>
        <string>Transform</string>
        <string>SpriteRenderer</string>
      </components>
    </SceneObject>
    <SceneObject path="Roof Collider">
      <components>
        <string>Transform</string>
        <string>PolygonCollider2D</string>
        <string>NonSlider</string>
        <string>PlayMakerCollisionEnter2D</string>
        <string>Roof</string>
      </components>
    </SceneObject>
    <SceneObject path="deepnest_stalactites (2)">
      <components>
        <string>Transform</string>
        <string>SpriteRenderer</string>
      </components>
    </SceneObject>
    <SceneObject path="deepnest_stalactites (2)/deepnest_stalactites">
      <components>
        <string>Transform</string>
        <string>SpriteRenderer</string>
      </components>
    </SceneObject>
    <SceneObject path="deepnest_stalactites (2)/deepnest_stalactites (1)">
      <components>
        <string>Transform</string>
        <string>SpriteRenderer</string>
      </components>
    </SceneObject>
    <SceneObject path="bone_deep_0103_b_sil (14)">
      <components>
        <string>Transform</string>
        <string>SpriteRenderer</string>
      </components>
    </SceneObject>
    <SceneObject path="_SceneManager">
      <components>
        <string>Transform</string>
        <string>SceneManager</string>
        <string>PlayMakerFSM</string>
      </components>
    </SceneObject>
    <SceneObject path="deep_floor_tilable (4)">
      <components>
        <string>Transform</string>
      </components>
    </SceneObject>
    <SceneObject path="deep_floor_tilable (4)/deep_floor 5">
      <components>
        <string>Transform</string>
      </components>
    </SceneObject>
    <SceneObject path="deep_floor_tilable (4)/deep_floor 5/bone_deep_0127_n">
      <components>
        <string>Transform</string>
        <string>SpriteRenderer</string>
      </components>
    </SceneObject>
    <SceneObject path="deep_floor_tilable (4)/deep_floor 5/bone_deep_0126_n">
      <components>
        <string>Transform</string>
        <string>SpriteRenderer</string>
      </components>
    </SceneObject>
    <SceneObject path="deep_floor_tilable (4)/deep_floor 5/GameObject">
      <components>
        <string>Transform</string>
      </components>
    </SceneObject>
    <SceneObject path="deep_floor_tilable (4)/deep_floor 4">
      <components>
        <string>Transform</string>
      </components>
    </SceneObject>
    <SceneObject path="deep_floor_tilable (4)/deep_floor 4/bone_deep_0127_n">
      <components>
        <string>Transform</string>
        <string>SpriteRenderer</string>
      </components>
    </SceneObject>
    <SceneObject path="deep_floor_tilable (4)/deep_floor 4/bone_deep_0126_n">
      <components>
        <string>Transform</string>
        <string>SpriteRenderer</string>
      </components>
    </SceneObject>
    <SceneObject path="deep_back_mid (1)">
      <components>
        <string>Transform</string>
        <string>SpriteRenderer</string>
      </components>
    </SceneObject>
    <SceneObject path="deep_fg_1 (2)">
      <components>
        <string>Transform</string>
      </components>
    </SceneObject>
    <SceneObject path="deep_fg_1 (2)/bone_deep_0104_b">
      <components>
        <string>Transform</string>
        <string>SpriteRenderer</string>
      </components>
    </SceneObject>
    <SceneObject path="deep_fg_1 (2)/bone_deep_0103_b">
      <components>
        <string>Transform</string>
        <string>SpriteRenderer</string>
      </components>
    </SceneObject>
    <SceneObject path="deep_fg_1 (2)/bone_deep_0102_b">
      <components>
        <string>Transform</string>
        <string>SpriteRenderer</string>
      </components>
    </SceneObject>
    <SceneObject path="deep_fg_1 (2)/bone_deep_0101_b">
      <components>
        <string>Transform</string>
        <string>SpriteRenderer</string>
      </components>
    </SceneObject>
    <SceneObject path="deep_fg_1 (2)/bone_deep_0102_b (1)">
      <components>
        <string>Transform</string>
        <string>SpriteRenderer</string>
      </components>
    </SceneObject>
    <SceneObject path="deep_fg_1 (2)/bone_deep_0102_b (2)">
      <components>
        <string>Transform</string>
        <string>SpriteRenderer</string>
      </components>
    </SceneObject>
    <SceneObject path="plat_float_08">
      <components>
        <string>Transform</string>
        <string>SpriteRenderer</string>
        <string>BoxCollider2D</string>
        <string>DustyPlatform</string>
      </components>
    </SceneObject>
    <SceneObject path="white_ash_scenery_0002_3 (8)">
      <components>
        <string>Transform</string>
        <string>SpriteRenderer</string>
      </components>
    </SceneObject>
    <SceneObject path="white_ash_scenery_0004_5 (4)">
      <components>
        <string>Transform</string>
        <string>SpriteRenderer</string>
      </components>
    </SceneObject>
    <SceneObject path="ash_grass_03">
      <components>
        <string>Transform</string>
        <string>SpriteRenderer</string>
        <string>Animator</string>
        <string>BoxCollider2D</string>
        <string>AudioSource</string>
        <string>GrassSpriteBehaviour</string>
      </components>
    </SceneObject>
    <SceneObject path="ash_grass_03/ash_grass_particles">
      <components>
        <string>Transform</string>
        <string>ParticleSystem</string>
        <string>ParticleSystemRenderer</string>
        <string>ParticleSystemAutoRecycle</string>
      </components>
    </SceneObject>
    <SceneObject path="ash_grass_02001 (1)">
      <components>
        <string>Transform</string>
        <string>SpriteRenderer</string>
        <string>Animator</string>
        <string>BoxCollider2D</string>
        <string>AudioSource</string>
        <string>GrassSpriteBehaviour</string>
      </components>
    </SceneObject>
    <SceneObject path="ash_grass_02001 (1)/ash_grass_particles">
      <components>
        <string>Transform</string>
        <string>ParticleSystem</string>
        <string>ParticleSystemRenderer</string>
        <string>ParticleSystemAutoRecycle</string>
      </components>
    </SceneObject>
    <SceneObject path="white_ash_scenery_0002_3 (5)">
      <components>
        <string>Transform</string>
        <string>SpriteRenderer</string>
      </components>
    </SceneObject>
    <SceneObject path="white_ash_scenery_0000_1 (5)">
      <components>
        <string>Transform</string>
        <string>SpriteRenderer</string>
      </components>
    </SceneObject>
    <SceneObject path="white_ash_scenery_0000_1 (4)">
      <components>
        <string>Transform</string>
        <string>SpriteRenderer</string>
      </components>
    </SceneObject>
    <SceneObject path="ash_grass1000 (3)">
      <components>
        <string>Transform</string>
        <string>SpriteRenderer</string>
        <string>Animator</string>
        <string>GrassSpriteBehaviour</string>
      </components>
    </SceneObject>
    <SceneObject path="ash_grass1000 (3)/ash_grass_particles">
      <components>
        <string>Transform</string>
        <string>ParticleSystem</string>
        <string>ParticleSystemRenderer</string>
        <string>ParticleSystemAutoRecycle</string>
      </components>
    </SceneObject>
    <SceneObject path="white_ash_scenery_0005_6 (9)">
      <components>
        <string>Transform</string>
        <string>SpriteRenderer</string>
      </components>
    </SceneObject>
    <SceneObject path="deep_floor_tilable2 (8)">
      <components>
        <string>Transform</string>
      </components>
    </SceneObject>
    <SceneObject path="deep_floor_tilable2 (8)/deep_floor 5">
      <components>
        <string>Transform</string>
      </components>
    </SceneObject>
    <SceneObject path="deep_floor_tilable2 (8)/deep_floor 5/bone_deep_0127_n">
      <components>
        <string>Transform</string>
        <string>SpriteRenderer</string>
      </components>
    </SceneObject>
    <SceneObject path="deep_floor_tilable2 (8)/deep_floor 5/bone_deep_0126_n">
      <components>
        <string>Transform</string>
        <string>SpriteRenderer</string>
      </components>
    </SceneObject>
    <SceneObject path="deep_floor_tilable2 (8)/deep_floor 4">
      <components>
        <string>Transform</string>
      </components>
    </SceneObject>
    <SceneObject path="deep_floor_tilable2 (8)/deep_floor 4/bone_deep_0127_n">
      <components>
        <string>Transform</string>
        <string>SpriteRenderer</string>
      </components>
    </SceneObject>
    <SceneObject path="deep_floor_tilable2 (8)/deep_floor 4/bone_deep_0126_n">
      <components>
        <string>Transform</string>
        <string>SpriteRenderer</string>
      </components>
    </SceneObject>
    <SceneObject path="white_ash_scenery_0002_3 (6)">
      <components>
        <string>Transform</string>
        <string>SpriteRenderer</string>
      </components>
    </SceneObject>
    <SceneObject path="white_ash_scenery_0003_4 (1)">
      <components>
        <string>Transform</string>
        <string>SpriteRenderer</string>
      </components>
    </SceneObject>
    <SceneObject path="bone_deep_0103_b_sil (11)">
      <components>
        <string>Transform</string>
        <string>SpriteRenderer</string>
      </components>
    </SceneObject>
    <SceneObject path="_Camera Lock Zones">
      <components>
        <string>Transform</string>
      </components>
    </SceneObject>
    <SceneObject path="Dream Gate">
      <components>
        <string>Transform</string>
        <string>MeshRenderer</string>
        <string>MeshFilter</string>
        <string>tk2dSprite</string>
        <string>tk2dSpriteAnimator</string>
        <string>BoxCollider2D</string>
        <string>PlayMakerFSM</string>
      </components>
    </SceneObject>
    <SceneObject path="Dream Gate/CamLocks">
      <components>
        <string>Transform</string>
      </components>
    </SceneObject>
    <SceneObject path="Dream Gate/CamLocks/CameraLockArea">
      <components>
        <string>Transform</string>
        <string>BoxCollider2D</string>
        <string>CameraLockArea</string>
      </components>
    </SceneObject>
    <SceneObject path="ghost_shrines_0003_markoth_corpse_03 (1)">
      <components>
        <string>Transform</string>
        <string>SpriteRenderer</string>
      </components>
    </SceneObject>
    <SceneObject path="deep_floor">
      <components>
        <string>Transform</string>
      </components>
    </SceneObject>
    <SceneObject path="deep_floor/bone_deep_0127_n">
      <components>
        <string>Transform</string>
        <string>SpriteRenderer</string>
      </components>
    </SceneObject>
    <SceneObject path="deep_floor/bone_deep_0126_n">
      <components>
        <string>Transform</string>
        <string>SpriteRenderer</string>
      </components>
    </SceneObject>
    <SceneObject path="_Transition Gates">
      <components>
        <string>Transform</string>
      </components>
    </SceneObject>
    <SceneObject path="haze2 (1)">
      <components>
        <string>Transform</string>
        <string>SpriteRenderer</string>
      </components>
    </SceneObject>
    <SceneObject path="white_ash_scenery_0005_6 (7)">
      <components>
        <string>Transform</string>
        <string>SpriteRenderer</string>
      </components>
    </SceneObject>
    <SceneObject path="white_ash_scenery_0017_18">
      <components>
        <string>Transform</string>
        <string>SpriteRenderer</string>
      </components>
    </SceneObject>
    <SceneObject path="white_ash_scenery_0004_5">
      <components>
        <string>Transform</string>
        <string>SpriteRenderer</string>
      </components>
    </SceneObject>
    <SceneObject path="_Areas">
      <components>
        <string>Transform</string>
      </components>
    </SceneObject>
    <SceneObject path="ash_grass_02001 (4)">
      <components>
        <string>Transform</string>
        <string>SpriteRenderer</string>
        <string>Animator</string>
        <string>GrassSpriteBehaviour</string>
      </components>
    </SceneObject>
    <SceneObject path="ash_grass_02001 (4)/ash_grass_particles">
      <components>
        <string>Transform</string>
        <string>ParticleSystem</string>
        <string>ParticleSystemRenderer</string>
        <string>ParticleSystemAutoRecycle</string>
      </components>
    </SceneObject>
    <SceneObject path="black_solid 413">
      <components>
        <string>Transform</string>
        <string>SpriteRenderer</string>
      </components>
    </SceneObject>
    <SceneObject path="white_ash_scenery_0002_3 (4)">
      <components>
        <string>Transform</string>
        <string>SpriteRenderer</string>
      </components>
    </SceneObject>
    <SceneObject path="white_ash_scenery_0000_1 (2)">
      <components>
        <string>Transform</string>
        <string>SpriteRenderer</string>
      </components>
    </SceneObject>
    <SceneObject path="deep_fg_1 (1)">
      <components>
        <string>Transform</string>
      </components>
    </SceneObject>
    <SceneObject path="deep_fg_1 (1)/bone_deep_0104_b">
      <components>
        <string>Transform</string>
        <string>SpriteRenderer</string>
      </components>
    </SceneObject>
    <SceneObject path="deep_fg_1 (1)/bone_deep_0103_b">
      <components>
        <string>Transform</string>
        <string>SpriteRenderer</string>
      </components>
    </SceneObject>
    <SceneObject path="deep_fg_1 (1)/bone_deep_0101_b">
      <components>
        <string>Transform</string>
        <string>SpriteRenderer</string>
      </components>
    </SceneObject>
    <SceneObject path="deep_fg_1 (1)/bone_deep_0103_b (1)">
      <components>
        <string>Transform</string>
        <string>SpriteRenderer</string>
      </components>
    </SceneObject>
    <SceneObject path="deep_fg_1 (1)/bone_deep_0103_b (2)">
      <components>
        <string>Transform</string>
        <string>SpriteRenderer</string>
      </components>
    </SceneObject>
    <SceneObject path="deep_fg_1 (1)/bone_deep_0103_b (3)">
      <components>
        <string>Transform</string>
        <string>SpriteRenderer</string>
      </components>
    </SceneObject>
    <SceneObject path="deep_fg_1 (1)/bone_deep_0103_b (4)">
      <components>
        <string>Transform</string>
        <string>SpriteRenderer</string>
      </components>
    </SceneObject>
    <SceneObject path="deep_fg_1 (1)/bone_deep_0103_b (5)">
      <components>
        <string>Transform</string>
        <string>SpriteRenderer</string>
      </components>
    </SceneObject>
    <SceneObject path="deep_fg_1 (1)/bone_deep_0103_b (6)">
      <components>
        <string>Transform</string>
        <string>SpriteRenderer</string>
      </components>
    </SceneObject>
    <SceneObject path="deep_fg_1 (1)/bone_deep_0103_b (7)">
      <components>
        <string>Transform</string>
        <string>SpriteRenderer</string>
      </components>
    </SceneObject>
    <SceneObject path="deep_fg_1 (1)/bone_deep_0103_b (8)">
      <components>
        <string>Transform</string>
        <string>SpriteRenderer</string>
      </components>
    </SceneObject>
    <SceneObject path="deep_fg_1 (1)/bone_deep_0103_b (9)">
      <components>
        <string>Transform</string>
        <string>SpriteRenderer</string>
      </components>
    </SceneObject>
    <SceneObject path="deep_fg_1 (1)/bone_deep_0103_b (10)">
      <components>
        <string>Transform</string>
        <string>SpriteRenderer</string>
      </components>
    </SceneObject>
    <SceneObject path="deep_fg_1 (1)/bone_deep_0103_b (11)">
      <components>
        <string>Transform</string>
        <string>SpriteRenderer</string>
      </components>
    </SceneObject>
    <SceneObject path="deep_fg_1 (1)/bone_deep_0103_b (12)">
      <components>
        <string>Transform</string>
        <string>SpriteRenderer</string>
      </components>
    </SceneObject>
    <SceneObject path="bone_deep_0122_b (2)">
      <components>
        <string>Transform</string>
        <string>SpriteRenderer</string>
      </components>
    </SceneObject>
    <SceneObject path="_Items">
      <components>
        <string>Transform</string>
      </components>
    </SceneObject>
    <SceneObject path="deep_floor_tilable (1)">
      <components>
        <string>Transform</string>
      </components>
    </SceneObject>
    <SceneObject path="deep_floor_tilable (1)/deep_floor 5">
      <components>
        <string>Transform</string>
      </components>
    </SceneObject>
    <SceneObject path="deep_floor_tilable (1)/deep_floor 5/bone_deep_0127_n">
      <components>
        <string>Transform</string>
        <string>SpriteRenderer</string>
      </components>
    </SceneObject>
    <SceneObject path="deep_floor_tilable (1)/deep_floor 5/bone_deep_0126_n">
      <components>
        <string>Transform</string>
        <string>SpriteRenderer</string>
      </components>
    </SceneObject>
    <SceneObject path="deep_floor_tilable (1)/deep_floor 5/GameObject">
      <components>
        <string>Transform</string>
      </components>
    </SceneObject>
    <SceneObject path="deep_floor_tilable (1)/deep_floor 4">
      <components>
        <string>Transform</string>
      </components>
    </SceneObject>
    <SceneObject path="deep_floor_tilable (1)/deep_floor 4/bone_deep_0127_n">
      <components>
        <string>Transform</string>
        <string>SpriteRenderer</string>
      </components>
    </SceneObject>
    <SceneObject path="deep_floor_tilable (1)/deep_floor 4/bone_deep_0126_n">
      <components>
        <string>Transform</string>
        <string>SpriteRenderer</string>
      </components>
    </SceneObject>
    <SceneObject path="Template-TileMap Render Data">
      <components>
        <string>Transform</string>
      </components>
    </SceneObject>
    <SceneObject path="Template-TileMap Render Data/Scenemap">
      <components>
        <string>Transform</string>
      </components>
    </SceneObject>
    <SceneObject path="Template-TileMap Render Data/Scenemap/Chunk 0 0">
      <components>
        <string>Transform</string>
        <string>MeshFilter</string>
        <string>MeshRenderer</string>
        <string>EdgeCollider2D</string>
        <string>EdgeCollider2D</string>
      </components>
    </SceneObject>
    <SceneObject path="Template-TileMap Render Data/Scenemap/Chunk 0 1">
      <components>
        <string>Transform</string>
        <string>MeshFilter</string>
        <string>MeshRenderer</string>
        <string>EdgeCollider2D</string>
      </components>
    </SceneObject>
    <SceneObject path="deep_floor_tilable2">
      <components>
        <string>Transform</string>
      </components>
    </SceneObject>
    <SceneObject path="deep_floor_tilable2/deep_floor 5">
      <components>
        <string>Transform</string>
      </components>
    </SceneObject>
    <SceneObject path="deep_floor_tilable2/deep_floor 5/bone_deep_0127_n">
      <components>
        <string>Transform</string>
        <string>SpriteRenderer</string>
      </components>
    </SceneObject>
    <SceneObject path="deep_floor_tilable2/deep_floor 5/bone_deep_0126_n">
      <components>
        <string>Transform</string>
        <string>SpriteRenderer</string>
      </components>
    </SceneObject>
    <SceneObject path="deep_floor_tilable2/deep_floor 4">
      <components>
        <string>Transform</string>
      </components>
    </SceneObject>
    <SceneObject path="deep_floor_tilable2/deep_floor 4/bone_deep_0127_n">
      <components>
        <string>Transform</string>
        <string>SpriteRenderer</string>
      </components>
    </SceneObject>
    <SceneObject path="deep_floor_tilable2/deep_floor 4/bone_deep_0126_n">
      <components>
        <string>Transform</string>
        <string>SpriteRenderer</string>
      </components>
    </SceneObject>
    <SceneObject path="white_ash_scenery_0002_3 (3)">
      <components>
        <string>Transform</string>
        <string>SpriteRenderer</string>
      </components>
    </SceneObject>
    <SceneObject path="deep_back_mid (2)">
      <components>
        <string>Transform</string>
        <string>SpriteRenderer</string>
      </components>
    </SceneObject>
    <SceneObject path="Ghost Warrior NPC">
      <components>
        <string>Transform</string>
        <string>PlayMakerFSM</string>
        <string>PlayMakerFSM</string>
        <string>PlayMakerFSM</string>
        <string>BoxCollider2D</string>
        <string>AudioSource</string>
        <string>PlayMakerFixedUpdate</string>
      </components>
    </SceneObject>
    <SceneObject path="Ghost Warrior NPC/Character Sprite">
      <components>
        <string>Transform</string>
        <string>MeshRenderer</string>
        <string>MeshFilter</string>
        <string>tk2dSprite</string>
        <string>tk2dSpriteAnimator</string>
        <string>PlayMakerFSM</string>
        <string>SpriteFlash</string>
        <string>PlayMakerFSM</string>
      </components>
    </SceneObject>
    <SceneObject path="Ghost Warrior NPC/Base Glow">
      <components>
        <string>Transform</string>
        <string>MeshRenderer</string>
        <string>MeshFilter</string>
        <string>tk2dSprite</string>
        <string>tk2dSpriteAnimator</string>
        <string>PlayMakerFSM</string>
      </components>
    </SceneObject>
    <SceneObject path="Ghost Warrior NPC/Rush">
      <components>
        <string>Transform</string>
        <string>MeshRenderer</string>
        <string>MeshFilter</string>
        <string>tk2dSprite</string>
        <string>tk2dSpriteAnimator</string>
        <string>PlayMakerFSM</string>
      </components>
    </SceneObject>
    <SceneObject path="Ghost Warrior NPC/Idle Pt">
      <components>
        <string>Transform</string>
        <string>ParticleSystem</string>
        <string>ParticleSystemRenderer</string>
      </components>
    </SceneObject>
    <SceneObject path="Ghost Warrior NPC/Appear Range">
      <components>
        <string>Transform</string>
        <string>BoxCollider2D</string>
        <string>PlayMakerFSM</string>
      </components>
    </SceneObject>
    <SceneObject path="Ghost Warrior NPC/Dreamnail Hit">
      <components>
        <string>Transform</string>
        <string>PlayMakerFSM</string>
        <string>BoxCollider2D</string>
        <string>NonBouncer</string>
      </components>
    </SceneObject>
    <SceneObject path="Ghost Warrior NPC/Unappear Range">
      <components>
        <string>Transform</string>
        <string>BoxCollider2D</string>
        <string>PlayMakerFSM</string>
      </components>
    </SceneObject>
    <SceneObject path="Ghost Warrior NPC/Away Pt">
      <components>
        <string>Transform</string>
        <string>ParticleSystem</string>
        <string>ParticleSystemRenderer</string>
      </components>
    </SceneObject>
    <SceneObject path="Ghost Warrior NPC/Burst">
      <components>
        <string>Transform</string>
        <string>MeshRenderer</string>
        <string>MeshFilter</string>
        <string>tk2dSprite</string>
        <string>tk2dSpriteAnimator</string>
      </components>
    </SceneObject>
    <SceneObject path="Ghost Warrior NPC/Prompt Marker">
      <components>
        <string>Transform</string>
        <string>SpriteRenderer</string>
      </components>
    </SceneObject>
    <SceneObject path="Ghost Warrior NPC/Warp">
      <components>
        <string>Transform</string>
        <string>MeshRenderer</string>
        <string>MeshFilter</string>
        <string>tk2dSprite</string>
        <string>tk2dSpriteAnimator</string>
        <string>PlayMakerFSM</string>
        <string>DeactivateAfter2dtkAnimation</string>
      </components>
    </SceneObject>
    <SceneObject path="Ghost Warrior NPC/White Flash">
      <components>
        <string>Transform</string>
        <string>SpriteRenderer</string>
        <string>SimpleFadeOut</string>
      </components>
    </SceneObject>
    <SceneObject path="Ghost Warrior NPC/Attack Pt">
      <components>
        <string>Transform</string>
        <string>ParticleSystem</string>
        <string>ParticleSystemRenderer</string>
      </components>
    </SceneObject>
    <SceneObject path="Ghost Warrior NPC/Vanish Glow">
      <components>
        <string>Transform</string>
        <string>SpriteRenderer</string>
        <string>PlayMakerFSM</string>
      </components>
    </SceneObject>
    <SceneObject path="Ghost Warrior NPC/Vanish Start Pt">
      <components>
        <string>Transform</string>
        <string>ParticleSystem</string>
        <string>ParticleSystemRenderer</string>
      </components>
    </SceneObject>
    <SceneObject path="Ghost Warrior NPC/Vanish Burst Pt">
      <components>
        <string>Transform</string>
        <string>ParticleSystem</string>
        <string>ParticleSystemRenderer</string>
      </components>
    </SceneObject>
    <SceneObject path="Ghost Warrior NPC/Vanish Get Pt">
      <components>
        <string>Transform</string>
        <string>ParticleSystem</string>
        <string>ParticleSystemRenderer</string>
      </components>
    </SceneObject>
    <SceneObject path="Ghost Warrior NPC/Wounded">
      <components>
        <string>Transform</string>
        <string>MeshRenderer</string>
        <string>MeshFilter</string>
        <string>tk2dSprite</string>
        <string>tk2dSpriteAnimator</string>
        <string>PlayMakerFSM</string>
      </components>
    </SceneObject>
    <SceneObject path="Ghost Warrior NPC/Pin Range">
      <components>
        <string>Transform</string>
        <string>BoxCollider2D</string>
        <string>PlayMakerFSM</string>
      </components>
    </SceneObject>
    <SceneObject path="white_ash_scenery_0007_8 (1)">
      <components>
        <string>Transform</string>
        <string>SpriteRenderer</string>
      </components>
    </SceneObject>
    <SceneObject path="haze2">
      <components>
        <string>Transform</string>
        <string>SpriteRenderer</string>
      </components>
    </SceneObject>
    <SceneObject path="ash_grass_sil (1)">
      <components>
        <string>Transform</string>
        <string>SpriteRenderer</string>
        <string>Animator</string>
        <string>BoxCollider2D</string>
        <string>AudioSource</string>
        <string>GrassSpriteBehaviour</string>
      </components>
    </SceneObject>
    <SceneObject path="ash_grass_sil (1)/ash_grass_particles_still">
      <components>
        <string>Transform</string>
        <string>ParticleSystem</string>
        <string>ParticleSystemRenderer</string>
        <string>ParticleSystemAutoRecycle</string>
      </components>
    </SceneObject>
    <SceneObject path="ash_grass_sil (1)/ash_grass_particles_windy">
      <components>
        <string>Transform</string>
        <string>ParticleSystem</string>
        <string>ParticleSystemRenderer</string>
        <string>ParticleSystemAutoRecycle</string>
      </components>
    </SceneObject>
    <SceneObject path="deep_back_mid (5)">
      <components>
        <string>Transform</string>
        <string>SpriteRenderer</string>
      </components>
    </SceneObject>
    <SceneObject path="ash_grass1000 (2)">
      <components>
        <string>Transform</string>
        <string>SpriteRenderer</string>
        <string>Animator</string>
        <string>GrassSpriteBehaviour</string>
      </components>
    </SceneObject>
    <SceneObject path="ash_grass1000 (2)/ash_grass_particles">
      <components>
        <string>Transform</string>
        <string>ParticleSystem</string>
        <string>ParticleSystemRenderer</string>
        <string>ParticleSystemAutoRecycle</string>
      </components>
    </SceneObject>
    <SceneObject path="ash_grass_02001 (3)">
      <components>
        <string>Transform</string>
        <string>SpriteRenderer</string>
        <string>Animator</string>
        <string>GrassSpriteBehaviour</string>
      </components>
    </SceneObject>
    <SceneObject path="ash_grass_02001 (3)/ash_grass_particles">
      <components>
        <string>Transform</string>
        <string>ParticleSystem</string>
        <string>ParticleSystemRenderer</string>
        <string>ParticleSystemAutoRecycle</string>
      </components>
    </SceneObject>
    <SceneObject path="ash_grass_03000 (1)">
      <components>
        <string>Transform</string>
        <string>SpriteRenderer</string>
        <string>Animator</string>
        <string>BoxCollider2D</string>
        <string>AudioSource</string>
        <string>GrassSpriteBehaviour</string>
      </components>
    </SceneObject>
    <SceneObject path="ash_grass_03000 (1)/ash_grass_particles">
      <components>
        <string>Transform</string>
        <string>ParticleSystem</string>
        <string>ParticleSystemRenderer</string>
        <string>ParticleSystemAutoRecycle</string>
      </components>
    </SceneObject>
    <SceneObject path="ghost_shrines_0001_markoth_corpse_01">
      <components>
        <string>Transform</string>
        <string>SpriteRenderer</string>
      </components>
    </SceneObject>
    <SceneObject path="white_ash_particles">
      <components>
        <string>Transform</string>
      </components>
    </SceneObject>
    <SceneObject path="deep_floor_tilable (2)">
      <components>
        <string>Transform</string>
      </components>
    </SceneObject>
    <SceneObject path="deep_floor_tilable (2)/deep_floor 5">
      <components>
        <string>Transform</string>
      </components>
    </SceneObject>
    <SceneObject path="deep_floor_tilable (2)/deep_floor 5/bone_deep_0127_n">
      <components>
        <string>Transform</string>
        <string>SpriteRenderer</string>
      </components>
    </SceneObject>
    <SceneObject path="deep_floor_tilable (2)/deep_floor 5/bone_deep_0126_n">
      <components>
        <string>Transform</string>
        <string>SpriteRenderer</string>
      </components>
    </SceneObject>
    <SceneObject path="deep_floor_tilable (2)/deep_floor 5/GameObject">
      <components>
        <string>Transform</string>
      </components>
    </SceneObject>
    <SceneObject path="deep_floor_tilable (2)/deep_floor 4">
      <components>
        <string>Transform</string>
      </components>
    </SceneObject>
    <SceneObject path="deep_floor_tilable (2)/deep_floor 4/bone_deep_0127_n">
      <components>
        <string>Transform</string>
        <string>SpriteRenderer</string>
      </components>
    </SceneObject>
    <SceneObject path="deep_floor_tilable (2)/deep_floor 4/bone_deep_0126_n">
      <components>
        <string>Transform</string>
        <string>SpriteRenderer</string>
      </components>
    </SceneObject>
    <SceneObject path="deep_fg_small (41)">
      <components>
        <string>Transform</string>
      </components>
    </SceneObject>
    <SceneObject path="deep_fg_small (41)/bone_deep_0121_b 4">
      <components>
        <string>Transform</string>
        <string>SpriteRenderer</string>
      </components>
    </SceneObject>
    <SceneObject path="deep_fg_small (41)/deep_single_1b">
      <components>
        <string>Transform</string>
        <string>SpriteRenderer</string>
      </components>
    </SceneObject>
    <SceneObject path="deep_fg_small (41)/deep_single_1b (1)">
      <components>
        <string>Transform</string>
        <string>SpriteRenderer</string>
      </components>
    </SceneObject>
    <SceneObject path="ash_grass1000 (4)">
      <components>
        <string>Transform</string>
        <string>SpriteRenderer</string>
        <string>Animator</string>
        <string>GrassSpriteBehaviour</string>
      </components>
    </SceneObject>
    <SceneObject path="ash_grass1000 (4)/ash_grass_particles">
      <components>
        <string>Transform</string>
        <string>ParticleSystem</string>
        <string>ParticleSystemRenderer</string>
        <string>ParticleSystemAutoRecycle</string>
      </components>
    </SceneObject>
    <SceneObject path="white_ash_scenery_0005_6 (10)">
      <components>
        <string>Transform</string>
        <string>SpriteRenderer</string>
      </components>
    </SceneObject>
    <SceneObject path="white_ash_scenery_0005_6 (6)">
      <components>
        <string>Transform</string>
        <string>SpriteRenderer</string>
      </components>
    </SceneObject>
    <SceneObject path="ash_grass1000 (1)">
      <components>
        <string>Transform</string>
        <string>SpriteRenderer</string>
        <string>Animator</string>
        <string>BoxCollider2D</string>
        <string>AudioSource</string>
        <string>GrassSpriteBehaviour</string>
      </components>
    </SceneObject>
    <SceneObject path="ash_grass1000 (1)/ash_grass_particles">
      <components>
        <string>Transform</string>
        <string>ParticleSystem</string>
        <string>ParticleSystemRenderer</string>
        <string>ParticleSystemAutoRecycle</string>
      </components>
    </SceneObject>
    <SceneObject path="white_ash_scenery_0002_3 (7)">
      <components>
        <string>Transform</string>
        <string>SpriteRenderer</string>
      </components>
    </SceneObject>
    <SceneObject path="ash_grass_02_sil">
      <components>
        <string>Transform</string>
        <string>SpriteRenderer</string>
        <string>Animator</string>
        <string>BoxCollider2D</string>
        <string>AudioSource</string>
        <string>GrassSpriteBehaviour</string>
      </components>
    </SceneObject>
    <SceneObject path="ash_grass_02_sil/ash_grass_particles_windy">
      <components>
        <string>Transform</string>
        <string>ParticleSystem</string>
        <string>ParticleSystemRenderer</string>
        <string>ParticleSystemAutoRecycle</string>
      </components>
    </SceneObject>
    <SceneObject path="ash_grass_02_sil/ash_grass_particles_still">
      <components>
        <string>Transform</string>
        <string>ParticleSystem</string>
        <string>ParticleSystemRenderer</string>
        <string>ParticleSystemAutoRecycle</string>
      </components>
    </SceneObject>
    <SceneObject path="Template-TileMap">
      <components>
        <string>Transform</string>
        <string>tk2dTileMap</string>
      </components>
    </SceneObject>
    <SceneObject path="_Managers">
      <components>
        <string>Transform</string>
      </components>
    </SceneObject>
    <SceneObject path="_Managers/PlayMaker Unity 2D">
      <components>
        <string>Transform</string>
        <string>PlayMakerFSM</string>
        <string>PlayMakerUnity2d</string>
        <string>PlayMakerCollisionEnter2D</string>
        <string>PlayMakerCollisionExit2D</string>
        <string>PlayMakerCollisionStay2D</string>
        <string>PlayMakerTriggerEnter2D</string>
        <string>PlayMakerTriggerExit2D</string>
        <string>PlayMakerTriggerStay2D</string>
      </components>
    </SceneObject>
    <SceneObject path="bone_deep_0103_b_sil (3)">
      <components>
        <string>Transform</string>
        <string>SpriteRenderer</string>
      </components>
    </SceneObject>
    <SceneObject path="white_ash_scenery_0000_1">
      <components>
        <string>Transform</string>
        <string>SpriteRenderer</string>
      </components>
    </SceneObject>
    <SceneObject path="white_ash_scenery_0005_6 (8)">
      <components>
        <string>Transform</string>
        <string>SpriteRenderer</string>
      </components>
    </SceneObject>
    <SceneObject path="white_ash_scenery_0007_8">
      <components>
        <string>Transform</string>
        <string>SpriteRenderer</string>
      </components>
    </SceneObject>
    <SceneObject path="ash_grass_01_sil">
      <components>
        <string>Transform</string>
        <string>SpriteRenderer</string>
        <string>Animator</string>
        <string>BoxCollider2D</string>
        <string>AudioSource</string>
        <string>GrassSpriteBehaviour</string>
      </components>
    </SceneObject>
    <SceneObject path="ash_grass_01_sil/ash_grass_particles_still">
      <components>
        <string>Transform</string>
        <string>ParticleSystem</string>
        <string>ParticleSystemRenderer</string>
        <string>ParticleSystemAutoRecycle</string>
      </components>
    </SceneObject>
    <SceneObject path="ash_grass_01_sil/ash_grass_particles_windy">
      <components>
        <string>Transform</string>
        <string>ParticleSystem</string>
        <string>ParticleSystemRenderer</string>
        <string>ParticleSystemAutoRecycle</string>
      </components>
    </SceneObject>
    <SceneObject path="deep_floor_tilable2 (3)">
      <components>
        <string>Transform</string>
      </components>
    </SceneObject>
    <SceneObject path="deep_floor_tilable2 (3)/deep_floor 5">
      <components>
        <string>Transform</string>
      </components>
    </SceneObject>
    <SceneObject path="deep_floor_tilable2 (3)/deep_floor 5/bone_deep_0127_n">
      <components>
        <string>Transform</string>
        <string>SpriteRenderer</string>
      </components>
    </SceneObject>
    <SceneObject path="deep_floor_tilable2 (3)/deep_floor 5/bone_deep_0126_n">
      <components>
        <string>Transform</string>
        <string>SpriteRenderer</string>
      </components>
    </SceneObject>
    <SceneObject path="deep_floor_tilable2 (3)/deep_floor 4">
      <components>
        <string>Transform</string>
      </components>
    </SceneObject>
    <SceneObject path="deep_floor_tilable2 (3)/deep_floor 4/bone_deep_0127_n">
      <components>
        <string>Transform</string>
        <string>SpriteRenderer</string>
      </components>
    </SceneObject>
    <SceneObject path="deep_floor_tilable2 (3)/deep_floor 4/bone_deep_0126_n">
      <components>
        <string>Transform</string>
        <string>SpriteRenderer</string>
      </components>
    </SceneObject>
    <SceneObject path="ghost_shrines_0002_markoth_corpse_02">
      <components>
        <string>Transform</string>
        <string>SpriteRenderer</string>
      </components>
    </SceneObject>
    <SceneObject path="_Props">
      <components>
        <string>Transform</string>
      </components>
    </SceneObject>
    <SceneObject path="white_ash_scenery_0005_6 (3)">
      <components>
        <string>Transform</string>
        <string>SpriteRenderer</string>
      </components>
    </SceneObject>
    <SceneObject path="bone_deep_0103_b_sil">
      <components>
        <string>Transform</string>
        <string>SpriteRenderer</string>
      </components>
    </SceneObject>
    <SceneObject path="Warrior">
      <components>
        <string>Transform</string>
      </components>
    </SceneObject>
    <SceneObject path="Warrior/Ghost Warrior Markoth">
      <components>
        <string>Transform</string>
        <string>MeshRenderer</string>
        <string>MeshFilter</string>
        <string>tk2dSprite</string>
        <string>Rigidbody2D</string>
        <string>tk2dSpriteAnimator</string>
        <string>PlayMakerFixedUpdate</string>
        <string>AudioSource</string>
        <string>SetZ</string>
        <string>BoxCollider2D</string>
        <string>SpriteFlash</string>
        <string>PlayMakerFSM</string>
        <string>PlayMakerFSM</string>
        <string>PlayMakerFSM</string>
        <string>PersonalObjectPool</string>
        <string>PlayMakerFSM</string>
        <string>PlayMakerFSM</string>
        <string>PlayMakerCollisionEnter2D</string>
        <string>PlayMakerCollisionStay2D</string>
        <string>PlayMakerFSM</string>
        <string>DamageHero</string>
        <string>ExtraDamageable</string>
        <string>HealthManager</string>
        <string>EnemyDeathEffectsNoEffect</string>
        <string>EnemyHitEffectsGhost</string>
        <string>Recoil</string>
      </components>
    </SceneObject>
    <SceneObject path="Warrior/Ghost Warrior Markoth/Idle Pt">
      <components>
        <string>Transform</string>
        <string>ParticleSystem</string>
        <string>ParticleSystemRenderer</string>
      </components>
    </SceneObject>
    <SceneObject path="Warrior/Ghost Warrior Markoth/Rush">
      <components>
        <string>Transform</string>
        <string>MeshRenderer</string>
        <string>MeshFilter</string>
        <string>tk2dSprite</string>
        <string>tk2dSpriteAnimator</string>
        <string>PlayMakerFSM</string>
      </components>
    </SceneObject>
    <SceneObject path="Warrior/Ghost Warrior Markoth/Warp">
      <components>
        <string>Transform</string>
        <string>MeshRenderer</string>
        <string>MeshFilter</string>
        <string>tk2dSprite</string>
        <string>tk2dSpriteAnimator</string>
        <string>PlayMakerFSM</string>
        <string>PlayMakerFSM</string>
      </components>
    </SceneObject>
    <SceneObject path="Warrior/Ghost Warrior Markoth/Target">
      <components>
        <string>Transform</string>
      </components>
    </SceneObject>
    <SceneObject path="Warrior/Ghost Warrior Markoth/White Flash">
      <components>
        <string>Transform</string>
        <string>SpriteRenderer</string>
        <string>PlayMakerFSM</string>
      </components>
    </SceneObject>
    <SceneObject path="Warrior/Ghost Warrior Markoth/Attack Pt">
      <components>
        <string>Transform</string>
        <string>ParticleSystem</string>
        <string>ParticleSystemRenderer</string>
      </components>
    </SceneObject>
    <SceneObject path="Warrior/Ghost Warrior Markoth/Warp Out">
      <components>
        <string>Transform</string>
        <string>MeshRenderer</string>
        <string>MeshFilter</string>
        <string>tk2dSprite</string>
        <string>tk2dSpriteAnimator</string>
        <string>PlayMakerFSM</string>
        <string>PlayMakerFSM</string>
      </components>
    </SceneObject>
    <SceneObject path="white_ash_scenery_0004_5 (3)">
      <components>
        <string>Transform</string>
        <string>SpriteRenderer</string>
      </components>
    </SceneObject>
    <SceneObject path="white_ash_scenery_0005_6 (5)">
      <components>
        <string>Transform</string>
        <string>SpriteRenderer</string>
      </components>
    </SceneObject>
    <SceneObject path="deep_fg_1 (3)">
      <components>
        <string>Transform</string>
      </components>
    </SceneObject>
    <SceneObject path="deep_fg_1 (3)/bone_deep_0104_b">
      <components>
        <string>Transform</string>
        <string>SpriteRenderer</string>
      </components>
    </SceneObject>
    <SceneObject path="deep_fg_1 (3)/bone_deep_0103_b">
      <components>
        <string>Transform</string>
        <string>SpriteRenderer</string>
      </components>
    </SceneObject>
    <SceneObject path="deep_fg_1 (3)/bone_deep_0102_b">
      <components>
        <string>Transform</string>
        <string>SpriteRenderer</string>
      </components>
    </SceneObject>
    <SceneObject path="deep_fg_1 (3)/bone_deep_0101_b">
      <components>
        <string>Transform</string>
        <string>SpriteRenderer</string>
      </components>
    </SceneObject>
    <SceneObject path="deep_floor_tilable2 (4)">
      <components>
        <string>Transform</string>
      </components>
    </SceneObject>
    <SceneObject path="deep_floor_tilable2 (4)/deep_floor 5">
      <components>
        <string>Transform</string>
      </components>
    </SceneObject>
    <SceneObject path="deep_floor_tilable2 (4)/deep_floor 5/bone_deep_0127_n">
      <components>
        <string>Transform</string>
        <string>SpriteRenderer</string>
      </components>
    </SceneObject>
    <SceneObject path="deep_floor_tilable2 (4)/deep_floor 5/bone_deep_0126_n">
      <components>
        <string>Transform</string>
        <string>SpriteRenderer</string>
      </components>
    </SceneObject>
    <SceneObject path="deep_floor_tilable2 (4)/deep_floor 4">
      <components>
        <string>Transform</string>
      </components>
    </SceneObject>
    <SceneObject path="deep_floor_tilable2 (4)/deep_floor 4/bone_deep_0127_n">
      <components>
        <string>Transform</string>
        <string>SpriteRenderer</string>
      </components>
    </SceneObject>
    <SceneObject path="deep_floor_tilable2 (4)/deep_floor 4/bone_deep_0126_n">
      <components>
        <string>Transform</string>
        <string>SpriteRenderer</string>
      </components>
    </SceneObject>
    <SceneObject path="_NPCs">
      <components>
        <string>Transform</string>
      </components>
    </SceneObject>
    <SceneObject path="deep_floor_tilable">
      <components>
        <string>Transform</string>
      </components>
    </SceneObject>
    <SceneObject path="deep_floor_tilable/deep_floor 5">
      <components>
        <string>Transform</string>
      </components>
    </SceneObject>
    <SceneObject path="deep_floor_tilable/deep_floor 5/bone_deep_0127_n">
      <components>
        <string>Transform</string>
        <string>SpriteRenderer</string>
      </components>
    </SceneObject>
    <SceneObject path="deep_floor_tilable/deep_floor 5/bone_deep_0126_n">
      <components>
        <string>Transform</string>
        <string>SpriteRenderer</string>
      </components>
    </SceneObject>
    <SceneObject path="deep_floor_tilable/deep_floor 5/GameObject">
      <components>
        <string>Transform</string>
      </components>
    </SceneObject>
    <SceneObject path="deep_floor_tilable/deep_floor 4">
      <components>
        <string>Transform</string>
      </components>
    </SceneObject>
    <SceneObject path="deep_floor_tilable/deep_floor 4/bone_deep_0127_n">
      <components>
        <string>Transform</string>
        <string>SpriteRenderer</string>
      </components>
    </SceneObject>
    <SceneObject path="deep_floor_tilable/deep_floor 4/bone_deep_0126_n">
      <components>
        <string>Transform</string>
        <string>SpriteRenderer</string>
      </components>
    </SceneObject>
    <SceneObject path="plat_float_05 (1)">
      <components>
        <string>Transform</string>
        <string>SpriteRenderer</string>
        <string>BoxCollider2D</string>
        <string>DustyPlatform</string>
      </components>
    </SceneObject>
    <SceneObject path="bone_deep_0103_b_sil (13)">
      <components>
        <string>Transform</string>
        <string>SpriteRenderer</string>
      </components>
    </SceneObject>
    <SceneObject path="_Enemies">
      <components>
        <string>Transform</string>
      </components>
    </SceneObject>
    <SceneObject path="Inspect Region Ghost">
      <components>
        <string>Transform</string>
        <string>BoxCollider2D</string>
        <string>PlayMakerFSM</string>
        <string>PlayMakerFixedUpdate</string>
      </components>
    </SceneObject>
    <SceneObject path="Inspect Region Ghost/Prompt Marker">
      <components>
        <string>Transform</string>
      </components>
    </SceneObject>
    <SceneObject path="ash_grass_01">
      <components>
        <string>Transform</string>
        <string>SpriteRenderer</string>
        <string>Animator</string>
        <string>BoxCollider2D</string>
        <string>AudioSource</string>
        <string>GrassSpriteBehaviour</string>
      </components>
    </SceneObject>
    <SceneObject path="ash_grass_01/ash_grass_particles">
      <components>
        <string>Transform</string>
        <string>ParticleSystem</string>
        <string>ParticleSystemRenderer</string>
        <string>ParticleSystemAutoRecycle</string>
      </components>
    </SceneObject>
    <SceneObject path="bone_deep_0122_b (1)">
      <components>
        <string>Transform</string>
        <string>SpriteRenderer</string>
      </components>
    </SceneObject>
    <SceneObject path="deep_mid_back2">
      <components>
        <string>Transform</string>
        <string>SpriteRenderer</string>
      </components>
    </SceneObject>
    <SceneObject path="left1">
      <components>
        <string>Transform</string>
        <string>BoxCollider2D</string>
        <string>TransitionPoint</string>
        <string>GateSnap</string>
      </components>
    </SceneObject>
    <SceneObject path="left1/EnemyDetector">
      <components>
        <string>Transform</string>
        <string>BoxCollider2D</string>
        <string>PlayMakerFSM</string>
        <string>PlayMakerCollisionEnter2D</string>
      </components>
    </SceneObject>
    <SceneObject path="left1/Hazard Respawn Marker">
      <components>
        <string>Transform</string>
        <string>HazardRespawnMarker</string>
      </components>
    </SceneObject>
    <SceneObject path="left1/haze2 (3)">
      <components>
        <string>Transform</string>
        <string>SpriteRenderer</string>
      </components>
    </SceneObject>
    <SceneObject path="outskirts_particles">
      <components>
        <string>Transform</string>
      </components>
    </SceneObject>
    <SceneObject path="outskirts_particles/wispy smoke BG">
      <components>
        <string>Transform</string>
        <string>ParticleSystem</string>
        <string>ParticleSystemRenderer</string>
      </components>
    </SceneObject>
    <SceneObject path="outskirts_particles/wispy smoke FG">
      <components>
        <string>Transform</string>
        <string>ParticleSystem</string>
        <string>ParticleSystemRenderer</string>
      </components>
    </SceneObject>
    <SceneObject path="outskirts_particles/wispy smoke FG (1)">
      <components>
        <string>Transform</string>
        <string>ParticleSystem</string>
        <string>ParticleSystemRenderer</string>
      </components>
    </SceneObject>
    <SceneObject path="outskirts_particles/wispy smoke BG (1)">
      <components>
        <string>Transform</string>
        <string>ParticleSystem</string>
        <string>ParticleSystemRenderer</string>
      </components>
    </SceneObject>
    <SceneObject path="bone_deep_0103_b_sil (7)">
      <components>
        <string>Transform</string>
        <string>SpriteRenderer</string>
      </components>
    </SceneObject>
    <SceneObject path="white_ash_scenery_0005_6 (2)">
      <components>
        <string>Transform</string>
        <string>SpriteRenderer</string>
      </components>
    </SceneObject>
    <SceneObject path="ash_grass_02001 (6)">
      <components>
        <string>Transform</string>
        <string>SpriteRenderer</string>
        <string>Animator</string>
        <string>BoxCollider2D</string>
        <string>AudioSource</string>
        <string>GrassSpriteBehaviour</string>
      </components>
    </SceneObject>
    <SceneObject path="ash_grass_02001 (6)/ash_grass_particles">
      <components>
        <string>Transform</string>
        <string>ParticleSystem</string>
        <string>ParticleSystemRenderer</string>
        <string>ParticleSystemAutoRecycle</string>
      </components>
    </SceneObject>
    <SceneObject path="ash_grass_sil (2)">
      <components>
        <string>Transform</string>
        <string>SpriteRenderer</string>
        <string>Animator</string>
        <string>GrassSpriteBehaviour</string>
      </components>
    </SceneObject>
    <SceneObject path="ash_grass_sil (2)/ash_grass_particles_still">
      <components>
        <string>Transform</string>
        <string>ParticleSystem</string>
        <string>ParticleSystemRenderer</string>
        <string>ParticleSystemAutoRecycle</string>
      </components>
    </SceneObject>
    <SceneObject path="ash_grass_sil (2)/ash_grass_particles_windy">
      <components>
        <string>Transform</string>
        <string>ParticleSystem</string>
        <string>ParticleSystemRenderer</string>
        <string>ParticleSystemAutoRecycle</string>
      </components>
    </SceneObject>
    <SceneObject path="deep_back_mid">
      <components>
        <string>Transform</string>
        <string>SpriteRenderer</string>
      </components>
    </SceneObject>
    <SceneObject path="bone_deep_0103_b_sil (8)">
      <components>
        <string>Transform</string>
        <string>SpriteRenderer</string>
      </components>
    </SceneObject>
    <SceneObject path="deep_fg_small (40)">
      <components>
        <string>Transform</string>
      </components>
    </SceneObject>
    <SceneObject path="deep_fg_small (40)/bone_deep_0121_b 4">
      <components>
        <string>Transform</string>
        <string>SpriteRenderer</string>
      </components>
    </SceneObject>
    <SceneObject path="deep_fg_small (40)/deep_single_1b">
      <components>
        <string>Transform</string>
        <string>SpriteRenderer</string>
      </components>
    </SceneObject>
    <SceneObject path="deep_fg_small (40)/deep_single_1b (1)">
      <components>
        <string>Transform</string>
        <string>SpriteRenderer</string>
      </components>
    </SceneObject>
    <SceneObject path="bone_deep_0103_b_sil (2)">
      <components>
        <string>Transform</string>
        <string>SpriteRenderer</string>
      </components>
    </SceneObject>
    <SceneObject path="black_solid 415 (1)">
      <components>
        <string>Transform</string>
        <string>SpriteRenderer</string>
      </components>
    </SceneObject>
    <SceneObject path="deep_floor_tilable2 (2)">
      <components>
        <string>Transform</string>
      </components>
    </SceneObject>
    <SceneObject path="deep_floor_tilable2 (2)/deep_floor 5">
      <components>
        <string>Transform</string>
      </components>
    </SceneObject>
    <SceneObject path="deep_floor_tilable2 (2)/deep_floor 5/bone_deep_0127_n">
      <components>
        <string>Transform</string>
        <string>SpriteRenderer</string>
      </components>
    </SceneObject>
    <SceneObject path="deep_floor_tilable2 (2)/deep_floor 5/bone_deep_0126_n">
      <components>
        <string>Transform</string>
        <string>SpriteRenderer</string>
      </components>
    </SceneObject>
    <SceneObject path="deep_floor_tilable2 (2)/deep_floor 4">
      <components>
        <string>Transform</string>
      </components>
    </SceneObject>
    <SceneObject path="deep_floor_tilable2 (2)/deep_floor 4/bone_deep_0127_n">
      <components>
        <string>Transform</string>
        <string>SpriteRenderer</string>
      </components>
    </SceneObject>
    <SceneObject path="deep_floor_tilable2 (2)/deep_floor 4/bone_deep_0126_n">
      <components>
        <string>Transform</string>
        <string>SpriteRenderer</string>
      </components>
    </SceneObject>
    <SceneObject path="deep_fg_small (39)">
      <components>
        <string>Transform</string>
      </components>
    </SceneObject>
    <SceneObject path="deep_fg_small (39)/bone_deep_0121_b 4">
      <components>
        <string>Transform</string>
        <string>SpriteRenderer</string>
      </components>
    </SceneObject>
    <SceneObject path="deep_fg_small (39)/deep_single_1b">
      <components>
        <string>Transform</string>
        <string>SpriteRenderer</string>
      </components>
    </SceneObject>
    <SceneObject path="deep_fg_small (39)/deep_single_1b (1)">
      <components>
        <string>Transform</string>
        <string>SpriteRenderer</string>
      </components>
    </SceneObject>
    <SceneObject path="deep_back_mid (4)">
      <components>
        <string>Transform</string>
        <string>SpriteRenderer</string>
      </components>
    </SceneObject>
    <SceneObject path="deep_detail_05">
      <components>
        <string>Transform</string>
        <string>SpriteRenderer</string>
      </components>
    </SceneObject>
    <SceneObject path="white_ash_scenery_0005_6">
      <components>
        <string>Transform</string>
        <string>SpriteRenderer</string>
      </components>
    </SceneObject>
    <SceneObject path="deepnest_stalactites (4)">
      <components>
        <string>Transform</string>
        <string>SpriteRenderer</string>
      </components>
    </SceneObject>
    <SceneObject path="deepnest_stalactites (4)/deepnest_stalactites">
      <components>
        <string>Transform</string>
        <string>SpriteRenderer</string>
      </components>
    </SceneObject>
    <SceneObject path="deepnest_stalactites (4)/deepnest_stalactites (1)">
      <components>
        <string>Transform</string>
        <string>SpriteRenderer</string>
      </components>
    </SceneObject>
    <SceneObject path="deepnest_stalactites (4)/deepnest_stalactites (2)">
      <components>
        <string>Transform</string>
        <string>SpriteRenderer</string>
      </components>
    </SceneObject>
    <SceneObject path="deepnest_stalactites (4)/deepnest_stalactites (3)">
      <components>
        <string>Transform</string>
        <string>SpriteRenderer</string>
      </components>
    </SceneObject>
    <SceneObject path="deepnest_stalactites (4)/deepnest_stalactites (4)">
      <components>
        <string>Transform</string>
        <string>SpriteRenderer</string>
      </components>
    </SceneObject>
    <SceneObject path="deepnest_stalactites (4)/deepnest_stalactites (5)">
      <components>
        <string>Transform</string>
        <string>SpriteRenderer</string>
      </components>
    </SceneObject>
    <SceneObject path="deepnest_stalactites (4)/deepnest_stalactites (6)">
      <components>
        <string>Transform</string>
        <string>SpriteRenderer</string>
      </components>
    </SceneObject>
    <SceneObject path="deepnest_stalactites (4)/deepnest_stalactites (7)">
      <components>
        <string>Transform</string>
        <string>SpriteRenderer</string>
      </components>
    </SceneObject>
    <SceneObject path="deepnest_stalactites (4)/deepnest_stalactites (8)">
      <components>
        <string>Transform</string>
        <string>SpriteRenderer</string>
      </components>
    </SceneObject>
    <SceneObject path="deepnest_stalactites (4)/deepnest_stalactites (9)">
      <components>
        <string>Transform</string>
        <string>SpriteRenderer</string>
      </components>
    </SceneObject>
    <SceneObject path="deepnest_stalactites (4)/deepnest_stalactites (10)">
      <components>
        <string>Transform</string>
        <string>SpriteRenderer</string>
      </components>
    </SceneObject>
    <SceneObject path="deepnest_stalactites (4)/deepnest_stalactites (11)">
      <components>
        <string>Transform</string>
        <string>SpriteRenderer</string>
      </components>
    </SceneObject>
    <SceneObject path="deepnest_stalactites (4)/deepnest_stalactites (12)">
      <components>
        <string>Transform</string>
        <string>SpriteRenderer</string>
      </components>
    </SceneObject>
    <SceneObject path="deepnest_stalactites (4)/deepnest_stalactites (13)">
      <components>
        <string>Transform</string>
        <string>SpriteRenderer</string>
      </components>
    </SceneObject>
    <SceneObject path="deep_floor_tilable2 (1)">
      <components>
        <string>Transform</string>
      </components>
    </SceneObject>
    <SceneObject path="deep_floor_tilable2 (1)/deep_floor 5">
      <components>
        <string>Transform</string>
      </components>
    </SceneObject>
    <SceneObject path="deep_floor_tilable2 (1)/deep_floor 5/bone_deep_0127_n">
      <components>
        <string>Transform</string>
        <string>SpriteRenderer</string>
      </components>
    </SceneObject>
    <SceneObject path="deep_floor_tilable2 (1)/deep_floor 5/bone_deep_0126_n">
      <components>
        <string>Transform</string>
        <string>SpriteRenderer</string>
      </components>
    </SceneObject>
    <SceneObject path="deep_floor_tilable2 (1)/deep_floor 4">
      <components>
        <string>Transform</string>
      </components>
    </SceneObject>
    <SceneObject path="deep_floor_tilable2 (1)/deep_floor 4/bone_deep_0127_n">
      <components>
        <string>Transform</string>
        <string>SpriteRenderer</string>
      </components>
    </SceneObject>
    <SceneObject path="deep_floor_tilable2 (1)/deep_floor 4/bone_deep_0126_n">
      <components>
        <string>Transform</string>
        <string>SpriteRenderer</string>
      </components>
    </SceneObject>
    <SceneObject path="white_ash_scenery_0000_1 (1)">
      <components>
        <string>Transform</string>
        <string>SpriteRenderer</string>
      </components>
    </SceneObject>
    <SceneObject path="bone_deep_0103_b_sil (1)">
      <components>
        <string>Transform</string>
        <string>SpriteRenderer</string>
      </components>
    </SceneObject>
    <SceneObject path="haze2 (2)">
      <components>
        <string>Transform</string>
        <string>SpriteRenderer</string>
      </components>
    </SceneObject>
    <SceneObject path="ash_grass_02001 (2)">
      <components>
        <string>Transform</string>
        <string>SpriteRenderer</string>
        <string>Animator</string>
        <string>GrassSpriteBehaviour</string>
      </components>
    </SceneObject>
    <SceneObject path="ash_grass_02001 (2)/ash_grass_particles">
      <components>
        <string>Transform</string>
        <string>ParticleSystem</string>
        <string>ParticleSystemRenderer</string>
        <string>ParticleSystemAutoRecycle</string>
      </components>
    </SceneObject>
    <SceneObject path="white_ash_scenery_0002_3 (2)">
      <components>
        <string>Transform</string>
        <string>SpriteRenderer</string>
      </components>
    </SceneObject>
    <SceneObject path="deep_floor_tilable2 (5)">
      <components>
        <string>Transform</string>
      </components>
    </SceneObject>
    <SceneObject path="deep_floor_tilable2 (5)/deep_floor 5">
      <components>
        <string>Transform</string>
      </components>
    </SceneObject>
    <SceneObject path="deep_floor_tilable2 (5)/deep_floor 5/bone_deep_0127_n">
      <components>
        <string>Transform</string>
        <string>SpriteRenderer</string>
      </components>
    </SceneObject>
    <SceneObject path="deep_floor_tilable2 (5)/deep_floor 5/bone_deep_0126_n">
      <components>
        <string>Transform</string>
        <string>SpriteRenderer</string>
      </components>
    </SceneObject>
    <SceneObject path="deep_floor_tilable2 (5)/deep_floor 4">
      <components>
        <string>Transform</string>
      </components>
    </SceneObject>
    <SceneObject path="deep_floor_tilable2 (5)/deep_floor 4/bone_deep_0127_n">
      <components>
        <string>Transform</string>
        <string>SpriteRenderer</string>
      </components>
    </SceneObject>
    <SceneObject path="deep_floor_tilable2 (5)/deep_floor 4/bone_deep_0126_n">
      <components>
        <string>Transform</string>
        <string>SpriteRenderer</string>
      </components>
    </SceneObject>
    <SceneObject path="white_ash_scenery_0002_3">
      <components>
        <string>Transform</string>
        <string>SpriteRenderer</string>
      </components>
    </SceneObject>
    <SceneObject path="deep_back_mid (3)">
      <components>
        <string>Transform</string>
        <string>SpriteRenderer</string>
      </components>
    </SceneObject>
    <SceneObject path="bone_deep_0103_b_sil (4)">
      <components>
        <string>Transform</string>
        <string>SpriteRenderer</string>
      </components>
    </SceneObject>
    <SceneObject path="deep_fg_1">
      <components>
        <string>Transform</string>
      </components>
    </SceneObject>
    <SceneObject path="deep_fg_1/bone_deep_0104_b">
      <components>
        <string>Transform</string>
        <string>SpriteRenderer</string>
      </components>
    </SceneObject>
    <SceneObject path="deep_fg_1/bone_deep_0103_b">
      <components>
        <string>Transform</string>
        <string>SpriteRenderer</string>
      </components>
    </SceneObject>
    <SceneObject path="deep_fg_1/bone_deep_0102_b">
      <components>
        <string>Transform</string>
        <string>SpriteRenderer</string>
      </components>
    </SceneObject>
    <SceneObject path="deep_fg_1/bone_deep_0101_b">
      <components>
        <string>Transform</string>
        <string>SpriteRenderer</string>
      </components>
    </SceneObject>
    <SceneObject path="deep_fg_1/bone_deep_0103_b (1)">
      <components>
        <string>Transform</string>
        <string>SpriteRenderer</string>
      </components>
    </SceneObject>
    <SceneObject path="black_solid 415">
      <components>
        <string>Transform</string>
        <string>SpriteRenderer</string>
      </components>
    </SceneObject>
    <SceneObject path="ash_grass_02001 (5)">
      <components>
        <string>Transform</string>
        <string>SpriteRenderer</string>
        <string>Animator</string>
        <string>BoxCollider2D</string>
        <string>AudioSource</string>
        <string>GrassSpriteBehaviour</string>
      </components>
    </SceneObject>
    <SceneObject path="ash_grass_02001 (5)/ash_grass_particles">
      <components>
        <string>Transform</string>
        <string>ParticleSystem</string>
        <string>ParticleSystemRenderer</string>
        <string>ParticleSystemAutoRecycle</string>
      </components>
    </SceneObject>
    <SceneObject path="white_ash_scenery_0002_3 (1)">
      <components>
        <string>Transform</string>
        <string>SpriteRenderer</string>
      </components>
    </SceneObject>
    <SceneObject path="white_ash_scenery_0005_6 (1)">
      <components>
        <string>Transform</string>
        <string>SpriteRenderer</string>
      </components>
    </SceneObject>
    <SceneObject path="_Effects">
      <components>
        <string>Transform</string>
      </components>
    </SceneObject>
    <SceneObject path="plat_float_06 (1)">
      <components>
        <string>Transform</string>
        <string>SpriteRenderer</string>
        <string>BoxCollider2D</string>
        <string>DustyPlatform</string>
      </components>
    </SceneObject>
    <SceneObject path="bone_deep_0103_b_sil (10)">
      <components>
        <string>Transform</string>
        <string>SpriteRenderer</string>
      </components>
    </SceneObject>
    <SceneObject path="plat_float_07 (1)">
      <components>
        <string>Transform</string>
        <string>SpriteRenderer</string>
        <string>BoxCollider2D</string>
        <string>DustyPlatform</string>
      </components>
    </SceneObject>
    <SceneObject path="BlurPlane">
      <components>
        <string>Transform</string>
        <string>MeshFilter</string>
        <string>MeshRenderer</string>
        <string>BlurPlane</string>
      </components>
    </SceneObject>
    <SceneObject path="white_ash_scenery_0005_6 (4)">
      <components>
        <string>Transform</string>
        <string>SpriteRenderer</string>
      </components>
    </SceneObject>
    <SceneObject path="white_ash_scenery_0004_5 (1)">
      <components>
        <string>Transform</string>
        <string>SpriteRenderer</string>
      </components>
    </SceneObject>
    <SceneObject path="deep_floor_tilable2 (7)">
      <components>
        <string>Transform</string>
      </components>
    </SceneObject>
    <SceneObject path="deep_floor_tilable2 (7)/deep_floor 5">
      <components>
        <string>Transform</string>
      </components>
    </SceneObject>
    <SceneObject path="deep_floor_tilable2 (7)/deep_floor 5/bone_deep_0127_n">
      <components>
        <string>Transform</string>
        <string>SpriteRenderer</string>
      </components>
    </SceneObject>
    <SceneObject path="deep_floor_tilable2 (7)/deep_floor 5/bone_deep_0126_n">
      <components>
        <string>Transform</string>
        <string>SpriteRenderer</string>
      </components>
    </SceneObject>
    <SceneObject path="deep_floor_tilable2 (7)/deep_floor 4">
      <components>
        <string>Transform</string>
      </components>
    </SceneObject>
    <SceneObject path="deep_floor_tilable2 (7)/deep_floor 4/bone_deep_0127_n">
      <components>
        <string>Transform</string>
        <string>SpriteRenderer</string>
      </components>
    </SceneObject>
    <SceneObject path="deep_floor_tilable2 (7)/deep_floor 4/bone_deep_0126_n">
      <components>
        <string>Transform</string>
        <string>SpriteRenderer</string>
      </components>
    </SceneObject>
    <SceneObject path="deepnest_stalactites (3)">
      <components>
        <string>Transform</string>
        <string>SpriteRenderer</string>
      </components>
    </SceneObject>
    <SceneObject path="deepnest_stalactites (3)/deepnest_stalactites">
      <components>
        <string>Transform</string>
        <string>SpriteRenderer</string>
      </components>
    </SceneObject>
    <SceneObject path="deepnest_stalactites (3)/deepnest_stalactites (1)">
      <components>
        <string>Transform</string>
        <string>SpriteRenderer</string>
      </components>
    </SceneObject>
    <SceneObject path="deepnest_stalactites (3)/deepnest_stalactites (2)">
      <components>
        <string>Transform</string>
        <string>SpriteRenderer</string>
      </components>
    </SceneObject>
    <SceneObject path="deepnest_stalactites (3)/deepnest_stalactites (3)">
      <components>
        <string>Transform</string>
        <string>SpriteRenderer</string>
      </components>
    </SceneObject>
    <SceneObject path="deepnest_stalactites (3)/deepnest_stalactites (4)">
      <components>
        <string>Transform</string>
        <string>SpriteRenderer</string>
      </components>
    </SceneObject>
    <SceneObject path="deep_floor_tilable2 (6)">
      <components>
        <string>Transform</string>
      </components>
    </SceneObject>
    <SceneObject path="deep_floor_tilable2 (6)/deep_floor 5">
      <components>
        <string>Transform</string>
      </components>
    </SceneObject>
    <SceneObject path="deep_floor_tilable2 (6)/deep_floor 5/bone_deep_0127_n">
      <components>
        <string>Transform</string>
        <string>SpriteRenderer</string>
      </components>
    </SceneObject>
    <SceneObject path="deep_floor_tilable2 (6)/deep_floor 5/bone_deep_0126_n">
      <components>
        <string>Transform</string>
        <string>SpriteRenderer</string>
      </components>
    </SceneObject>
    <SceneObject path="deep_floor_tilable2 (6)/deep_floor 4">
      <components>
        <string>Transform</string>
      </components>
    </SceneObject>
    <SceneObject path="deep_floor_tilable2 (6)/deep_floor 4/bone_deep_0127_n">
      <components>
        <string>Transform</string>
        <string>SpriteRenderer</string>
      </components>
    </SceneObject>
    <SceneObject path="deep_floor_tilable2 (6)/deep_floor 4/bone_deep_0126_n">
      <components>
        <string>Transform</string>
        <string>SpriteRenderer</string>
      </components>
    </SceneObject>
    <SceneObject path="bone_deep_0103_b_sil (9)">
      <components>
        <string>Transform</string>
        <string>SpriteRenderer</string>
      </components>
    </SceneObject>
    <SceneObject path="bone_deep_0103_b_sil (6)">
      <components>
        <string>Transform</string>
        <string>SpriteRenderer</string>
      </components>
    </SceneObject>
    <SceneObject path="_Scenery">
      <components>
        <string>Transform</string>
      </components>
    </SceneObject>
  </sceneObjects>
</SceneData>