<?xml version="1.0" encoding="utf-8"?>
<SceneData xmlns:xsd="http://www.w3.org/2001/XMLSchema" xmlns:xsi="http://www.w3.org/2001/XMLSchema-instance" name="Crossroads_47">
  <sceneObjects>
    <SceneObject path="Stag_Tunnel">
      <components>
        <string>Transform</string>
      </components>
    </SceneObject>
    <SceneObject path="Stag_Tunnel/lights">
      <components>
        <string>Transform</string>
      </components>
    </SceneObject>
    <SceneObject path="Stag_Tunnel/lights/point_light 3">
      <components>
        <string>Transform</string>
      </components>
    </SceneObject>
    <SceneObject path="Stag_Tunnel/lights/point_light 3/HeroLight 3">
      <components>
        <string>Transform</string>
        <string>SpriteRenderer</string>
      </components>
    </SceneObject>
    <SceneObject path="Stag_Tunnel/lights/point_light 4">
      <components>
        <string>Transform</string>
      </components>
    </SceneObject>
    <SceneObject path="Stag_Tunnel/lights/point_light 4/HeroLight 3">
      <components>
        <string>Transform</string>
        <string>SpriteRenderer</string>
      </components>
    </SceneObject>
    <SceneObject path="Stag_Tunnel/lights/point_light 2">
      <components>
        <string>Transform</string>
      </components>
    </SceneObject>
    <SceneObject path="Stag_Tunnel/lights/point_light 2/HeroLight 3">
      <components>
        <string>Transform</string>
        <string>SpriteRenderer</string>
      </components>
    </SceneObject>
    <SceneObject path="Stag_Tunnel/lights/point_light 5">
      <components>
        <string>Transform</string>
      </components>
    </SceneObject>
    <SceneObject path="Stag_Tunnel/lights/point_light 5/HeroLight 3">
      <components>
        <string>Transform</string>
        <string>SpriteRenderer</string>
      </components>
    </SceneObject>
    <SceneObject path="Stag_Tunnel/station_FG_tunnel_main">
      <components>
        <string>Transform</string>
        <string>SpriteRenderer</string>
      </components>
    </SceneObject>
    <SceneObject path="Stag_Tunnel/station_FG_tunnel_main/station_FG_tunnel_side">
      <components>
        <string>Transform</string>
        <string>SpriteRenderer</string>
      </components>
    </SceneObject>
    <SceneObject path="Stag_Tunnel/station_FG_tunnel_main/station_FG_tunnel_1">
      <components>
        <string>Transform</string>
        <string>SpriteRenderer</string>
      </components>
    </SceneObject>
    <SceneObject path="Stag_Tunnel/station_FG_tunnel_main/station_FG_tunnel_2">
      <components>
        <string>Transform</string>
        <string>SpriteRenderer</string>
      </components>
    </SceneObject>
    <SceneObject path="Stag_Tunnel/station_FG_tunnel_main/tunnel_FG_layers_3">
      <components>
        <string>Transform</string>
        <string>SpriteRenderer</string>
      </components>
    </SceneObject>
    <SceneObject path="Stag_Tunnel/station_FG_tunnel_main/station_BG_tunnel_2">
      <components>
        <string>Transform</string>
        <string>SpriteRenderer</string>
      </components>
    </SceneObject>
    <SceneObject path="Stag_Tunnel/station_FG_tunnel_main/station_BG_tunnel_1">
      <components>
        <string>Transform</string>
        <string>SpriteRenderer</string>
      </components>
    </SceneObject>
    <SceneObject path="Stag_Tunnel/Stag_tunnel_Grate">
      <components>
        <string>Transform</string>
        <string>MeshFilter</string>
        <string>MeshRenderer</string>
        <string>tk2dSprite</string>
        <string>tk2dSpriteAnimator</string>
        <string>PlayMakerFSM</string>
      </components>
    </SceneObject>
    <SceneObject path="Stag_Tunnel/Stag_tunnel_Grate/Dust Rumble">
      <components>
        <string>Transform</string>
        <string>ParticleSystem</string>
        <string>ParticleSystemRenderer</string>
        <string>ParticleSystemAutoDestroy</string>
      </components>
    </SceneObject>
    <SceneObject path="_Props">
      <components>
        <string>Transform</string>
      </components>
    </SceneObject>
    <SceneObject path="_Props/Crossroads Statue Horned">
      <components>
        <string>Transform</string>
        <string>SpriteRenderer</string>
        <string>BoxCollider2D</string>
        <string>Breakable</string>
      </components>
    </SceneObject>
    <SceneObject path="_Props/Crossroads Statue Horned/Particle_rocks_long (2)">
      <components>
        <string>Transform</string>
        <string>ParticleSystem</string>
        <string>ParticleSystemRenderer</string>
      </components>
    </SceneObject>
    <SceneObject path="_Props/Crossroads Statue Horned/Particle_rocks_small">
      <components>
        <string>Transform</string>
        <string>ParticleSystem</string>
        <string>ParticleSystemRenderer</string>
      </components>
    </SceneObject>
    <SceneObject path="_Props/Crossroads Statue Horned/stat_horn_base">
      <components>
        <string>Transform</string>
        <string>SpriteRenderer</string>
      </components>
    </SceneObject>
    <SceneObject path="_Props/Crossroads Statue Stone">
      <components>
        <string>Transform</string>
        <string>SpriteRenderer</string>
        <string>BoxCollider2D</string>
        <string>Breakable</string>
      </components>
    </SceneObject>
    <SceneObject path="_Props/Crossroads Statue Stone/Particle_rocks_small">
      <components>
        <string>Transform</string>
        <string>ParticleSystem</string>
        <string>ParticleSystemRenderer</string>
      </components>
    </SceneObject>
    <SceneObject path="_Props/Crossroads Statue Stone/Fungus Base Statue Stone">
      <components>
        <string>Transform</string>
        <string>SpriteRenderer</string>
      </components>
    </SceneObject>
    <SceneObject path="_Props/Crossroads Statue Stone/Simple Rock S3 (2)">
      <components>
        <string>Transform</string>
        <string>Rigidbody2D</string>
        <string>ObjectBounce</string>
        <string>BoxCollider2D</string>
        <string>SpriteRenderer</string>
        <string>SimpleRock</string>
        <string>FinishingRigidBody</string>
      </components>
    </SceneObject>
    <SceneObject path="_Props/Crossroads Statue Stone/Simple Rock S3 (2)/EnemyDetector">
      <components>
        <string>Transform</string>
        <string>CircleCollider2D</string>
      </components>
    </SceneObject>
    <SceneObject path="_Props/Crossroads Statue Stone/Simple Rock L3 (1)">
      <components>
        <string>Transform</string>
        <string>Rigidbody2D</string>
        <string>ObjectBounce</string>
        <string>BoxCollider2D</string>
        <string>SpriteRenderer</string>
        <string>SimpleRock</string>
        <string>FinishingRigidBody</string>
      </components>
    </SceneObject>
    <SceneObject path="_Props/Crossroads Statue Stone/Simple Rock L3 (1)/EnemyDetector">
      <components>
        <string>Transform</string>
        <string>CircleCollider2D</string>
      </components>
    </SceneObject>
    <SceneObject path="_Props/Crossroads Statue Stone/Simple Rock S1 (1)">
      <components>
        <string>Transform</string>
        <string>Rigidbody2D</string>
        <string>ObjectBounce</string>
        <string>BoxCollider2D</string>
        <string>SpriteRenderer</string>
        <string>SimpleRock</string>
        <string>FinishingRigidBody</string>
      </components>
    </SceneObject>
    <SceneObject path="_Props/Crossroads Statue Stone/Simple Rock S1 (1)/EnemyDetector">
      <components>
        <string>Transform</string>
        <string>CircleCollider2D</string>
      </components>
    </SceneObject>
    <SceneObject path="_Props/Crossroads Statue Stone/Simple Rock S3 (1)">
      <components>
        <string>Transform</string>
        <string>Rigidbody2D</string>
        <string>ObjectBounce</string>
        <string>BoxCollider2D</string>
        <string>SpriteRenderer</string>
        <string>SimpleRock</string>
        <string>FinishingRigidBody</string>
      </components>
    </SceneObject>
    <SceneObject path="_Props/Crossroads Statue Stone/Simple Rock S3 (1)/EnemyDetector">
      <components>
        <string>Transform</string>
        <string>CircleCollider2D</string>
      </components>
    </SceneObject>
    <SceneObject path="_Props/Water Drip">
      <components>
        <string>Transform</string>
        <string>MeshFilter</string>
        <string>MeshRenderer</string>
        <string>tk2dSprite</string>
        <string>tk2dSpriteAnimator</string>
        <string>Rigidbody2D</string>
        <string>AudioSource</string>
        <string>BoxCollider2D</string>
        <string>WaterDrip</string>
      </components>
    </SceneObject>
    <SceneObject path="_Props/Water Drip (1)">
      <components>
        <string>Transform</string>
        <string>MeshFilter</string>
        <string>MeshRenderer</string>
        <string>tk2dSprite</string>
        <string>tk2dSpriteAnimator</string>
        <string>Rigidbody2D</string>
        <string>AudioSource</string>
        <string>BoxCollider2D</string>
        <string>WaterDrip</string>
      </components>
    </SceneObject>
    <SceneObject path="_Areas">
      <components>
        <string>Transform</string>
      </components>
    </SceneObject>
    <SceneObject path="_SceneManager">
      <components>
        <string>Transform</string>
        <string>SceneManager</string>
        <string>PlayMakerFSM</string>
      </components>
    </SceneObject>
    <SceneObject path="_Transition Gates">
      <components>
        <string>Transform</string>
      </components>
    </SceneObject>
    <SceneObject path="_Transition Gates/right1">
      <components>
        <string>Transform</string>
        <string>BoxCollider2D</string>
        <string>TransitionPoint</string>
        <string>GateSnap</string>
        <string>PlayMakerFSM</string>
      </components>
    </SceneObject>
    <SceneObject path="_Transition Gates/right1/EnemyDetector">
      <components>
        <string>Transform</string>
        <string>BoxCollider2D</string>
        <string>PlayMakerFSM</string>
        <string>PlayMakerCollisionEnter2D</string>
      </components>
    </SceneObject>
    <SceneObject path="_Transition Gates/right1/Hazard Respawn Marker">
      <components>
        <string>Transform</string>
        <string>HazardRespawnMarker</string>
      </components>
    </SceneObject>
    <SceneObject path="_Transition Gates/right1/haze2 (5)">
      <components>
        <string>Transform</string>
        <string>SpriteRenderer</string>
      </components>
    </SceneObject>
    <SceneObject path="_Transition Gates/door_stagExit">
      <components>
        <string>Transform</string>
        <string>BoxCollider2D</string>
        <string>PlayMakerFSM</string>
        <string>TransitionPoint</string>
        <string>PlayMakerFSM</string>
      </components>
    </SceneObject>
    <SceneObject path="_Transition Gates/door_stagExit/Hazard Respawn Marker">
      <components>
        <string>Transform</string>
        <string>HazardRespawnMarker</string>
      </components>
    </SceneObject>
    <SceneObject path="_Transition Gates/door_stagExit/Prompt Marker">
      <components>
        <string>Transform</string>
      </components>
    </SceneObject>
    <SceneObject path="_Camera Lock Zones">
      <components>
        <string>Transform</string>
      </components>
    </SceneObject>
    <SceneObject path="_Camera Lock Zones/CameraLockArea">
      <components>
        <string>Transform</string>
        <string>BoxCollider2D</string>
        <string>CameraLockArea</string>
      </components>
    </SceneObject>
    <SceneObject path="Music Region">
      <components>
        <string>Transform</string>
        <string>BoxCollider2D</string>
        <string>MusicRegion</string>
      </components>
    </SceneObject>
    <SceneObject path="TileMap">
      <components>
        <string>Transform</string>
        <string>tk2dTileMap</string>
      </components>
    </SceneObject>
    <SceneObject path="Stag">
      <components>
        <string>Transform</string>
        <string>MeshRenderer</string>
        <string>MeshFilter</string>
        <string>tk2dSprite</string>
        <string>BoxCollider2D</string>
        <string>tk2dSpriteAnimator</string>
        <string>PlayMakerFSM</string>
        <string>PlayMakerFSM</string>
        <string>PlayMakerFSM</string>
        <string>AudioSource</string>
        <string>SpawnStagMenu</string>
        <string>PlayMakerFixedUpdate</string>
      </components>
    </SceneObject>
    <SceneObject path="Stag/Arrival Dust">
      <components>
        <string>Transform</string>
        <string>MeshFilter</string>
        <string>MeshRenderer</string>
        <string>tk2dSprite</string>
        <string>tk2dSpriteAnimator</string>
      </components>
    </SceneObject>
    <SceneObject path="Stag/Arrival Anim">
      <components>
        <string>Transform</string>
        <string>MeshFilter</string>
        <string>MeshRenderer</string>
        <string>tk2dSprite</string>
        <string>tk2dSpriteAnimator</string>
      </components>
    </SceneObject>
    <SceneObject path="Stag/Prompt Marker">
      <components>
        <string>Transform</string>
      </components>
    </SceneObject>
    <SceneObject path="Stag/Travel Range">
      <components>
        <string>Transform</string>
        <string>BoxCollider2D</string>
        <string>PlayMakerFSM</string>
      </components>
    </SceneObject>
    <SceneObject path="Stag/Prompt Marker Trv">
      <components>
        <string>Transform</string>
        <string>SpriteRenderer</string>
      </components>
    </SceneObject>
    <SceneObject path="Stag/Dream Dialogue">
      <components>
        <string>Transform</string>
        <string>PlayMakerFSM</string>
        <string>BoxCollider2D</string>
        <string>NonBouncer</string>
      </components>
    </SceneObject>
    <SceneObject path="Stag/Dream Dialogue/Active Pt">
      <components>
        <string>Transform</string>
        <string>ParticleSystem</string>
        <string>ParticleSystemRenderer</string>
      </components>
    </SceneObject>
    <SceneObject path="Stag/Dream Dialogue/Impact Pt">
      <components>
        <string>Transform</string>
        <string>ParticleSystem</string>
        <string>ParticleSystemRenderer</string>
      </components>
    </SceneObject>
    <SceneObject path="BlurPlane">
      <components>
        <string>Transform</string>
        <string>MeshFilter</string>
        <string>MeshRenderer</string>
        <string>BlurPlane</string>
      </components>
    </SceneObject>
    <SceneObject path="_Scenery">
      <components>
        <string>Transform</string>
      </components>
    </SceneObject>
    <SceneObject path="_Scenery/black_solid 27">
      <components>
        <string>Transform</string>
        <string>SpriteRenderer</string>
      </components>
    </SceneObject>
    <SceneObject path="_Scenery/black_solid 28">
      <components>
        <string>Transform</string>
        <string>SpriteRenderer</string>
      </components>
    </SceneObject>
    <SceneObject path="_Scenery/black_solid 29">
      <components>
        <string>Transform</string>
        <string>SpriteRenderer</string>
      </components>
    </SceneObject>
    <SceneObject path="_Scenery/black_solid 30">
      <components>
        <string>Transform</string>
        <string>SpriteRenderer</string>
      </components>
    </SceneObject>
    <SceneObject path="_Scenery/black_solid 31">
      <components>
        <string>Transform</string>
        <string>SpriteRenderer</string>
      </components>
    </SceneObject>
    <SceneObject path="_Scenery/black_solid 32">
      <components>
        <string>Transform</string>
        <string>SpriteRenderer</string>
      </components>
    </SceneObject>
    <SceneObject path="_Scenery/cd_archbase_01 4">
      <components>
        <string>Transform</string>
        <string>SpriteRenderer</string>
      </components>
    </SceneObject>
    <SceneObject path="_Scenery/cd_archbase_01 13">
      <components>
        <string>Transform</string>
        <string>SpriteRenderer</string>
      </components>
    </SceneObject>
    <SceneObject path="_Scenery/cd_archbase_01 14">
      <components>
        <string>Transform</string>
        <string>SpriteRenderer</string>
      </components>
    </SceneObject>
    <SceneObject path="_Scenery/cd_archbase_01 15">
      <components>
        <string>Transform</string>
        <string>SpriteRenderer</string>
      </components>
    </SceneObject>
    <SceneObject path="_Scenery/cd_archbase_01 16">
      <components>
        <string>Transform</string>
        <string>SpriteRenderer</string>
      </components>
    </SceneObject>
    <SceneObject path="_Scenery/cd_archbase_01 17">
      <components>
        <string>Transform</string>
        <string>SpriteRenderer</string>
      </components>
    </SceneObject>
    <SceneObject path="_Scenery/cd_archbase_01 25">
      <components>
        <string>Transform</string>
        <string>SpriteRenderer</string>
      </components>
    </SceneObject>
    <SceneObject path="_Scenery/cd_archbase_01 54">
      <components>
        <string>Transform</string>
        <string>SpriteRenderer</string>
      </components>
    </SceneObject>
    <SceneObject path="_Scenery/cd_archway_01 3">
      <components>
        <string>Transform</string>
        <string>SpriteRenderer</string>
      </components>
    </SceneObject>
    <SceneObject path="_Scenery/cd_archway_02 7">
      <components>
        <string>Transform</string>
        <string>SpriteRenderer</string>
      </components>
    </SceneObject>
    <SceneObject path="_Scenery/cd_archway_02 8">
      <components>
        <string>Transform</string>
        <string>SpriteRenderer</string>
      </components>
    </SceneObject>
    <SceneObject path="_Scenery/cd_archway_02 9">
      <components>
        <string>Transform</string>
        <string>SpriteRenderer</string>
      </components>
    </SceneObject>
    <SceneObject path="_Scenery/cd_archway_03 10">
      <components>
        <string>Transform</string>
        <string>SpriteRenderer</string>
      </components>
    </SceneObject>
    <SceneObject path="_Scenery/cd_archway_03 11">
      <components>
        <string>Transform</string>
        <string>SpriteRenderer</string>
      </components>
    </SceneObject>
    <SceneObject path="_Scenery/cd_archway_03 12">
      <components>
        <string>Transform</string>
        <string>SpriteRenderer</string>
      </components>
    </SceneObject>
    <SceneObject path="_Scenery/cd_BG_egg_pile">
      <components>
        <string>Transform</string>
      </components>
    </SceneObject>
    <SceneObject path="_Scenery/cd_BG_egg_pile/BG_egg_07_0004_Layer-6">
      <components>
        <string>Transform</string>
        <string>SpriteRenderer</string>
      </components>
    </SceneObject>
    <SceneObject path="_Scenery/cd_BG_egg_pile/BG_egg_07_0006_Layer-5">
      <components>
        <string>Transform</string>
        <string>SpriteRenderer</string>
      </components>
    </SceneObject>
    <SceneObject path="_Scenery/cd_BG_egg_pile/BG_egg_07_0003_Layer-4">
      <components>
        <string>Transform</string>
        <string>SpriteRenderer</string>
      </components>
    </SceneObject>
    <SceneObject path="_Scenery/cd_BG_egg_pile/BG_egg_07_0002_Layer-3">
      <components>
        <string>Transform</string>
        <string>SpriteRenderer</string>
      </components>
    </SceneObject>
    <SceneObject path="_Scenery/cd_BG_egg_pile/BG_egg_07_0001_Layer-2">
      <components>
        <string>Transform</string>
        <string>SpriteRenderer</string>
      </components>
    </SceneObject>
    <SceneObject path="_Scenery/cd_BG_egg_pile/BG_egg_07_0000_Layer-1">
      <components>
        <string>Transform</string>
        <string>SpriteRenderer</string>
      </components>
    </SceneObject>
    <SceneObject path="_Scenery/cd_BG_egg_pile/BG_egg_07_0005_Layer-0">
      <components>
        <string>Transform</string>
        <string>SpriteRenderer</string>
      </components>
    </SceneObject>
    <SceneObject path="_Scenery/cd_BG_egg_pile 2">
      <components>
        <string>Transform</string>
      </components>
    </SceneObject>
    <SceneObject path="_Scenery/cd_BG_egg_pile 2/BG_egg_07_0004_Layer-6">
      <components>
        <string>Transform</string>
        <string>SpriteRenderer</string>
      </components>
    </SceneObject>
    <SceneObject path="_Scenery/cd_BG_egg_pile 2/BG_egg_07_0000_Layer-1">
      <components>
        <string>Transform</string>
        <string>SpriteRenderer</string>
      </components>
    </SceneObject>
    <SceneObject path="_Scenery/cd_BG_egg_pile 2/BG_egg_07_0005_Layer-0">
      <components>
        <string>Transform</string>
        <string>SpriteRenderer</string>
      </components>
    </SceneObject>
    <SceneObject path="_Scenery/cd_BG_egg_pile 2/BG_egg_07_0004_Layer-6 (1)">
      <components>
        <string>Transform</string>
        <string>SpriteRenderer</string>
      </components>
    </SceneObject>
    <SceneObject path="_Scenery/cd_BG_egg_pile 3">
      <components>
        <string>Transform</string>
      </components>
    </SceneObject>
    <SceneObject path="_Scenery/cd_BG_egg_pile 3/BG_egg_07_0004_Layer-6">
      <components>
        <string>Transform</string>
        <string>SpriteRenderer</string>
      </components>
    </SceneObject>
    <SceneObject path="_Scenery/cd_BG_egg_pile 3/BG_egg_07_0006_Layer-5">
      <components>
        <string>Transform</string>
        <string>SpriteRenderer</string>
      </components>
    </SceneObject>
    <SceneObject path="_Scenery/cd_BG_egg_pile 3/BG_egg_07_0005_Layer-0">
      <components>
        <string>Transform</string>
        <string>SpriteRenderer</string>
      </components>
    </SceneObject>
    <SceneObject path="_Scenery/cd_BG_egg_pile 3/BG_egg_07_0004_Layer-7">
      <components>
        <string>Transform</string>
        <string>SpriteRenderer</string>
      </components>
    </SceneObject>
    <SceneObject path="_Scenery/cd_BG_egg_pile 3/BG_egg_07_0004_Layer-8">
      <components>
        <string>Transform</string>
        <string>SpriteRenderer</string>
      </components>
    </SceneObject>
    <SceneObject path="_Scenery/cd_BG_egg_pile 3/BG_egg_07_0006_Layer-6">
      <components>
        <string>Transform</string>
        <string>SpriteRenderer</string>
      </components>
    </SceneObject>
    <SceneObject path="_Scenery/cd_BG_egg_pile 3/BG_egg_07_0006_Layer-6 (1)">
      <components>
        <string>Transform</string>
        <string>SpriteRenderer</string>
      </components>
    </SceneObject>
    <SceneObject path="_Scenery/cd_BG_egg_pile 3/BG_egg_07_0006_Layer-6 (2)">
      <components>
        <string>Transform</string>
        <string>SpriteRenderer</string>
      </components>
    </SceneObject>
    <SceneObject path="_Scenery/cd_BG_egg_pile 3/BG_egg_07_0006_Layer-6 (3)">
      <components>
        <string>Transform</string>
        <string>SpriteRenderer</string>
      </components>
    </SceneObject>
    <SceneObject path="_Scenery/cd_BG_egg_pile 4">
      <components>
        <string>Transform</string>
      </components>
    </SceneObject>
    <SceneObject path="_Scenery/cd_BG_egg_pile 4/BG_egg_07_0004_Layer-6">
      <components>
        <string>Transform</string>
        <string>SpriteRenderer</string>
      </components>
    </SceneObject>
    <SceneObject path="_Scenery/cd_BG_egg_pile 4/BG_egg_07_0006_Layer-5">
      <components>
        <string>Transform</string>
        <string>SpriteRenderer</string>
      </components>
    </SceneObject>
    <SceneObject path="_Scenery/cd_BG_egg_pile 4/BG_egg_07_0003_Layer-4">
      <components>
        <string>Transform</string>
        <string>SpriteRenderer</string>
      </components>
    </SceneObject>
    <SceneObject path="_Scenery/cd_BG_egg_pile 4/BG_egg_07_0002_Layer-3">
      <components>
        <string>Transform</string>
        <string>SpriteRenderer</string>
      </components>
    </SceneObject>
    <SceneObject path="_Scenery/cd_BG_egg_pile 4/BG_egg_07_0001_Layer-2">
      <components>
        <string>Transform</string>
        <string>SpriteRenderer</string>
      </components>
    </SceneObject>
    <SceneObject path="_Scenery/cd_BG_egg_pile 4/BG_egg_07_0000_Layer-1">
      <components>
        <string>Transform</string>
        <string>SpriteRenderer</string>
      </components>
    </SceneObject>
    <SceneObject path="_Scenery/cd_BG_egg_pile 4/BG_egg_07_0005_Layer-0">
      <components>
        <string>Transform</string>
        <string>SpriteRenderer</string>
      </components>
    </SceneObject>
    <SceneObject path="_Scenery/cd_big_roof 2">
      <components>
        <string>Transform</string>
      </components>
    </SceneObject>
    <SceneObject path="_Scenery/cd_big_roof 2/cd_big_roof_0006_01">
      <components>
        <string>Transform</string>
        <string>SpriteRenderer</string>
      </components>
    </SceneObject>
    <SceneObject path="_Scenery/cd_big_roof 2/cd_big_roof_0005_02">
      <components>
        <string>Transform</string>
        <string>SpriteRenderer</string>
      </components>
    </SceneObject>
    <SceneObject path="_Scenery/cd_big_roof 2/cd_big_roof_0004_03">
      <components>
        <string>Transform</string>
        <string>SpriteRenderer</string>
      </components>
    </SceneObject>
    <SceneObject path="_Scenery/cd_big_roof 2/cd_big_roof_0003_04">
      <components>
        <string>Transform</string>
        <string>SpriteRenderer</string>
      </components>
    </SceneObject>
    <SceneObject path="_Scenery/cd_big_roof 2/cd_big_roof_0002_05">
      <components>
        <string>Transform</string>
        <string>SpriteRenderer</string>
      </components>
    </SceneObject>
    <SceneObject path="_Scenery/cd_big_roof 2/cd_big_roof_0000_07">
      <components>
        <string>Transform</string>
        <string>SpriteRenderer</string>
      </components>
    </SceneObject>
    <SceneObject path="_Scenery/cd_big_roof 2/cd_big_roof_0004_03 (1)">
      <components>
        <string>Transform</string>
        <string>SpriteRenderer</string>
      </components>
    </SceneObject>
    <SceneObject path="_Scenery/cd_big_roof 2/cd_big_roof_0004_03 (2)">
      <components>
        <string>Transform</string>
        <string>SpriteRenderer</string>
      </components>
    </SceneObject>
    <SceneObject path="_Scenery/cd_big_roof 3">
      <components>
        <string>Transform</string>
      </components>
    </SceneObject>
    <SceneObject path="_Scenery/cd_big_roof 3/cd_big_roof_0006_01">
      <components>
        <string>Transform</string>
        <string>SpriteRenderer</string>
      </components>
    </SceneObject>
    <SceneObject path="_Scenery/cd_big_roof 3/cd_big_roof_0005_02">
      <components>
        <string>Transform</string>
        <string>SpriteRenderer</string>
      </components>
    </SceneObject>
    <SceneObject path="_Scenery/cd_big_roof 3/cd_big_roof_0004_03">
      <components>
        <string>Transform</string>
        <string>SpriteRenderer</string>
      </components>
    </SceneObject>
    <SceneObject path="_Scenery/cd_big_roof 3/cd_big_roof_0003_04">
      <components>
        <string>Transform</string>
        <string>SpriteRenderer</string>
      </components>
    </SceneObject>
    <SceneObject path="_Scenery/cd_big_roof 3/cd_big_roof_0002_05">
      <components>
        <string>Transform</string>
        <string>SpriteRenderer</string>
      </components>
    </SceneObject>
    <SceneObject path="_Scenery/cd_big_roof 3/cd_big_roof_0001_06">
      <components>
        <string>Transform</string>
        <string>SpriteRenderer</string>
      </components>
    </SceneObject>
    <SceneObject path="_Scenery/cd_big_roof 7">
      <components>
        <string>Transform</string>
      </components>
    </SceneObject>
    <SceneObject path="_Scenery/cd_big_roof 7/cd_big_roof_0006_01">
      <components>
        <string>Transform</string>
        <string>SpriteRenderer</string>
      </components>
    </SceneObject>
    <SceneObject path="_Scenery/cd_big_roof 7/cd_big_roof_0004_03">
      <components>
        <string>Transform</string>
        <string>SpriteRenderer</string>
      </components>
    </SceneObject>
    <SceneObject path="_Scenery/cd_big_roof 7/cd_big_roof_0003_04">
      <components>
        <string>Transform</string>
        <string>SpriteRenderer</string>
      </components>
    </SceneObject>
    <SceneObject path="_Scenery/cd_big_roof 7/cd_big_roof_0002_05">
      <components>
        <string>Transform</string>
        <string>SpriteRenderer</string>
      </components>
    </SceneObject>
    <SceneObject path="_Scenery/cd_big_roof 7/cd_big_roof_0000_07">
      <components>
        <string>Transform</string>
        <string>SpriteRenderer</string>
      </components>
    </SceneObject>
    <SceneObject path="_Scenery/cd_floor_highway_01 53">
      <components>
        <string>Transform</string>
      </components>
    </SceneObject>
    <SceneObject path="_Scenery/cd_floor_highway_01 53/highway_02_layered_0003_01">
      <components>
        <string>Transform</string>
        <string>SpriteRenderer</string>
      </components>
    </SceneObject>
    <SceneObject path="_Scenery/cd_floor_highway_01 53/highway_02_layered_0002_02">
      <components>
        <string>Transform</string>
        <string>SpriteRenderer</string>
      </components>
    </SceneObject>
    <SceneObject path="_Scenery/cd_floor_highway_01 53/highway_02_layered_0001_03">
      <components>
        <string>Transform</string>
        <string>SpriteRenderer</string>
      </components>
    </SceneObject>
    <SceneObject path="_Scenery/cd_floor_highway_01 53/highway_02_layered_0000_04">
      <components>
        <string>Transform</string>
        <string>SpriteRenderer</string>
      </components>
    </SceneObject>
    <SceneObject path="_Scenery/cd_floor_highway_02 40">
      <components>
        <string>Transform</string>
      </components>
    </SceneObject>
    <SceneObject path="_Scenery/cd_floor_highway_02 40/highway_01_layered_0004_Layer-5">
      <components>
        <string>Transform</string>
        <string>SpriteRenderer</string>
      </components>
    </SceneObject>
    <SceneObject path="_Scenery/cd_floor_highway_02 40/highway_01_layered_0002_Layer-1">
      <components>
        <string>Transform</string>
        <string>SpriteRenderer</string>
      </components>
    </SceneObject>
    <SceneObject path="_Scenery/cd_floor_highway_02 40/highway_01_layered_0001_Layer-4">
      <components>
        <string>Transform</string>
        <string>SpriteRenderer</string>
      </components>
    </SceneObject>
    <SceneObject path="_Scenery/cd_floor_highway_02 40/highway_01_layered_0003_Layer-0">
      <components>
        <string>Transform</string>
        <string>SpriteRenderer</string>
      </components>
    </SceneObject>
    <SceneObject path="_Scenery/cd_floor_highway_02 41">
      <components>
        <string>Transform</string>
      </components>
    </SceneObject>
    <SceneObject path="_Scenery/cd_floor_highway_02 41/highway_01_layered_0004_Layer-5">
      <components>
        <string>Transform</string>
        <string>SpriteRenderer</string>
      </components>
    </SceneObject>
    <SceneObject path="_Scenery/cd_floor_highway_02 41/highway_01_layered_0002_Layer-1">
      <components>
        <string>Transform</string>
        <string>SpriteRenderer</string>
      </components>
    </SceneObject>
    <SceneObject path="_Scenery/cd_floor_highway_02 41/highway_01_layered_0001_Layer-4">
      <components>
        <string>Transform</string>
        <string>SpriteRenderer</string>
      </components>
    </SceneObject>
    <SceneObject path="_Scenery/cd_floor_highway_02 41/highway_01_layered_0003_Layer-0">
      <components>
        <string>Transform</string>
        <string>SpriteRenderer</string>
      </components>
    </SceneObject>
    <SceneObject path="_Scenery/cd_floor_highway_02 42">
      <components>
        <string>Transform</string>
      </components>
    </SceneObject>
    <SceneObject path="_Scenery/cd_floor_highway_02 42/highway_01_layered_0004_Layer-5">
      <components>
        <string>Transform</string>
        <string>SpriteRenderer</string>
      </components>
    </SceneObject>
    <SceneObject path="_Scenery/cd_floor_highway_02 42/highway_01_layered_0002_Layer-1">
      <components>
        <string>Transform</string>
        <string>SpriteRenderer</string>
      </components>
    </SceneObject>
    <SceneObject path="_Scenery/cd_floor_highway_02 42/highway_01_layered_0001_Layer-4">
      <components>
        <string>Transform</string>
        <string>SpriteRenderer</string>
      </components>
    </SceneObject>
    <SceneObject path="_Scenery/cd_floor_highway_02 42/highway_01_layered_0003_Layer-0">
      <components>
        <string>Transform</string>
        <string>SpriteRenderer</string>
      </components>
    </SceneObject>
    <SceneObject path="_Scenery/cd_floor_highway_02 43">
      <components>
        <string>Transform</string>
      </components>
    </SceneObject>
    <SceneObject path="_Scenery/cd_floor_highway_02 43/highway_01_layered_0004_Layer-5">
      <components>
        <string>Transform</string>
        <string>SpriteRenderer</string>
      </components>
    </SceneObject>
    <SceneObject path="_Scenery/cd_floor_highway_02 43/highway_01_layered_0002_Layer-1">
      <components>
        <string>Transform</string>
        <string>SpriteRenderer</string>
      </components>
    </SceneObject>
    <SceneObject path="_Scenery/cd_floor_highway_02 43/highway_01_layered_0001_Layer-4">
      <components>
        <string>Transform</string>
        <string>SpriteRenderer</string>
      </components>
    </SceneObject>
    <SceneObject path="_Scenery/cd_floor_highway_02 43/highway_01_layered_0003_Layer-0">
      <components>
        <string>Transform</string>
        <string>SpriteRenderer</string>
      </components>
    </SceneObject>
    <SceneObject path="_Scenery/cd_floor_highway_02 44">
      <components>
        <string>Transform</string>
      </components>
    </SceneObject>
    <SceneObject path="_Scenery/cd_floor_highway_02 44/highway_01_layered_0004_Layer-5">
      <components>
        <string>Transform</string>
        <string>SpriteRenderer</string>
      </components>
    </SceneObject>
    <SceneObject path="_Scenery/cd_floor_highway_02 44/highway_01_layered_0002_Layer-1">
      <components>
        <string>Transform</string>
        <string>SpriteRenderer</string>
      </components>
    </SceneObject>
    <SceneObject path="_Scenery/cd_floor_highway_02 44/highway_01_layered_0001_Layer-4">
      <components>
        <string>Transform</string>
        <string>SpriteRenderer</string>
      </components>
    </SceneObject>
    <SceneObject path="_Scenery/cd_floor_highway_02 44/highway_01_layered_0003_Layer-0">
      <components>
        <string>Transform</string>
        <string>SpriteRenderer</string>
      </components>
    </SceneObject>
    <SceneObject path="_Scenery/cd_floor_highway_02 45">
      <components>
        <string>Transform</string>
      </components>
    </SceneObject>
    <SceneObject path="_Scenery/cd_floor_highway_02 45/highway_01_layered_0004_Layer-5">
      <components>
        <string>Transform</string>
        <string>SpriteRenderer</string>
      </components>
    </SceneObject>
    <SceneObject path="_Scenery/cd_floor_highway_02 45/highway_01_layered_0002_Layer-1">
      <components>
        <string>Transform</string>
        <string>SpriteRenderer</string>
      </components>
    </SceneObject>
    <SceneObject path="_Scenery/cd_floor_highway_02 45/highway_01_layered_0001_Layer-4">
      <components>
        <string>Transform</string>
        <string>SpriteRenderer</string>
      </components>
    </SceneObject>
    <SceneObject path="_Scenery/cd_floor_highway_02 45/highway_01_layered_0003_Layer-0">
      <components>
        <string>Transform</string>
        <string>SpriteRenderer</string>
      </components>
    </SceneObject>
    <SceneObject path="_Scenery/cd_floor_highway_02 46">
      <components>
        <string>Transform</string>
      </components>
    </SceneObject>
    <SceneObject path="_Scenery/cd_floor_highway_02 46/highway_01_layered_0004_Layer-5">
      <components>
        <string>Transform</string>
        <string>SpriteRenderer</string>
      </components>
    </SceneObject>
    <SceneObject path="_Scenery/cd_floor_highway_02 46/highway_01_layered_0002_Layer-1">
      <components>
        <string>Transform</string>
        <string>SpriteRenderer</string>
      </components>
    </SceneObject>
    <SceneObject path="_Scenery/cd_floor_highway_02 46/highway_01_layered_0001_Layer-4">
      <components>
        <string>Transform</string>
        <string>SpriteRenderer</string>
      </components>
    </SceneObject>
    <SceneObject path="_Scenery/cd_floor_highway_02 46/highway_01_layered_0003_Layer-0">
      <components>
        <string>Transform</string>
        <string>SpriteRenderer</string>
      </components>
    </SceneObject>
    <SceneObject path="_Scenery/cd_wall_01 26">
      <components>
        <string>Transform</string>
        <string>SpriteRenderer</string>
      </components>
    </SceneObject>
    <SceneObject path="_Scenery/cd_wall_01 27">
      <components>
        <string>Transform</string>
        <string>SpriteRenderer</string>
      </components>
    </SceneObject>
    <SceneObject path="_Scenery/cd_wall_01_solid 5">
      <components>
        <string>Transform</string>
        <string>SpriteRenderer</string>
      </components>
    </SceneObject>
    <SceneObject path="_Scenery/fog">
      <components>
        <string>Transform</string>
        <string>SpriteRenderer</string>
      </components>
    </SceneObject>
    <SceneObject path="_Scenery/fog 1">
      <components>
        <string>Transform</string>
        <string>SpriteRenderer</string>
      </components>
    </SceneObject>
    <SceneObject path="_Scenery/fog 2">
      <components>
        <string>Transform</string>
        <string>SpriteRenderer</string>
      </components>
    </SceneObject>
    <SceneObject path="_Scenery/fog 3">
      <components>
        <string>Transform</string>
        <string>SpriteRenderer</string>
      </components>
    </SceneObject>
    <SceneObject path="_Scenery/fungd_arch_back_02 18">
      <components>
        <string>Transform</string>
        <string>SpriteRenderer</string>
      </components>
    </SceneObject>
    <SceneObject path="_Scenery/fungd_arch_back_02 19">
      <components>
        <string>Transform</string>
        <string>SpriteRenderer</string>
      </components>
    </SceneObject>
    <SceneObject path="_Scenery/fungd_arch_back_02 20">
      <components>
        <string>Transform</string>
        <string>SpriteRenderer</string>
      </components>
    </SceneObject>
    <SceneObject path="_Scenery/fungd_arch_back_02 21">
      <components>
        <string>Transform</string>
        <string>SpriteRenderer</string>
      </components>
    </SceneObject>
    <SceneObject path="_Scenery/fungd_arch_back_02 22">
      <components>
        <string>Transform</string>
        <string>SpriteRenderer</string>
      </components>
    </SceneObject>
    <SceneObject path="_Scenery/fungd_arch_back_02 23">
      <components>
        <string>Transform</string>
        <string>SpriteRenderer</string>
      </components>
    </SceneObject>
    <SceneObject path="_Scenery/fungd_pole_back 33">
      <components>
        <string>Transform</string>
        <string>SpriteRenderer</string>
      </components>
    </SceneObject>
    <SceneObject path="_Scenery/fungd_pole_back 34">
      <components>
        <string>Transform</string>
        <string>SpriteRenderer</string>
      </components>
    </SceneObject>
    <SceneObject path="_Scenery/fungd_pole_back 35">
      <components>
        <string>Transform</string>
        <string>SpriteRenderer</string>
      </components>
    </SceneObject>
    <SceneObject path="_Scenery/fungd_pole_back 36">
      <components>
        <string>Transform</string>
        <string>SpriteRenderer</string>
      </components>
    </SceneObject>
    <SceneObject path="_Scenery/fungd_pole_back 37">
      <components>
        <string>Transform</string>
        <string>SpriteRenderer</string>
      </components>
    </SceneObject>
    <SceneObject path="_Scenery/haze1">
      <components>
        <string>Transform</string>
        <string>SpriteRenderer</string>
      </components>
    </SceneObject>
    <SceneObject path="_Scenery/point_light">
      <components>
        <string>Transform</string>
      </components>
    </SceneObject>
    <SceneObject path="_Scenery/point_light 1">
      <components>
        <string>Transform</string>
      </components>
    </SceneObject>
    <SceneObject path="_Scenery/point_light 2">
      <components>
        <string>Transform</string>
      </components>
    </SceneObject>
    <SceneObject path="_Scenery/point_light 3">
      <components>
        <string>Transform</string>
      </components>
    </SceneObject>
    <SceneObject path="_Scenery/point_light 4">
      <components>
        <string>Transform</string>
      </components>
    </SceneObject>
    <SceneObject path="_Scenery/point_light 5">
      <components>
        <string>Transform</string>
      </components>
    </SceneObject>
    <SceneObject path="_Scenery/scenery details3">
      <components>
        <string>Transform</string>
      </components>
    </SceneObject>
    <SceneObject path="_Scenery/scenery details3/statue_08">
      <components>
        <string>Transform</string>
        <string>SpriteRenderer</string>
      </components>
    </SceneObject>
    <SceneObject path="_Scenery/scenery details3/pole_15">
      <components>
        <string>Transform</string>
      </components>
    </SceneObject>
    <SceneObject path="_Scenery/scenery details3/pole_14">
      <components>
        <string>Transform</string>
      </components>
    </SceneObject>
    <SceneObject path="_Scenery/scenery details3/pole_13">
      <components>
        <string>Transform</string>
      </components>
    </SceneObject>
    <SceneObject path="_Scenery/scenery details3/pole_12">
      <components>
        <string>Transform</string>
      </components>
    </SceneObject>
    <SceneObject path="_Scenery/scenery details3/pole_11">
      <components>
        <string>Transform</string>
      </components>
    </SceneObject>
    <SceneObject path="_Scenery/scenery details3/statue_01">
      <components>
        <string>Transform</string>
        <string>SpriteRenderer</string>
      </components>
    </SceneObject>
    <SceneObject path="_Scenery/scenery details3/pole_09">
      <components>
        <string>Transform</string>
        <string>SpriteRenderer</string>
      </components>
    </SceneObject>
    <SceneObject path="_Scenery/scenery details3/highway_FG_0007_Layer-78">
      <components>
        <string>Transform</string>
        <string>SpriteRenderer</string>
      </components>
    </SceneObject>
    <SceneObject path="_Scenery/scenery details3/highway_FG_0011_Layer-74">
      <components>
        <string>Transform</string>
        <string>SpriteRenderer</string>
      </components>
    </SceneObject>
    <SceneObject path="_Scenery/scenery details3/pole_01">
      <components>
        <string>Transform</string>
        <string>SpriteRenderer</string>
      </components>
    </SceneObject>
    <SceneObject path="_Scenery/scenery details3/pole_10">
      <components>
        <string>Transform</string>
      </components>
    </SceneObject>
    <SceneObject path="_Scenery/scenery details3/highway_FG_0015_Layer-70">
      <components>
        <string>Transform</string>
        <string>SpriteRenderer</string>
      </components>
    </SceneObject>
    <SceneObject path="_Scenery/scenery details3/pole_04_FG">
      <components>
        <string>Transform</string>
        <string>SpriteRenderer</string>
      </components>
    </SceneObject>
    <SceneObject path="_Scenery/scenery details3/pole_04">
      <components>
        <string>Transform</string>
        <string>SpriteRenderer</string>
      </components>
    </SceneObject>
    <SceneObject path="_Scenery/scenery details3/pole_06">
      <components>
        <string>Transform</string>
        <string>SpriteRenderer</string>
      </components>
    </SceneObject>
    <SceneObject path="_Scenery/scenery details3/pole_06">
      <components>
        <string>Transform</string>
        <string>SpriteRenderer</string>
      </components>
    </SceneObject>
    <SceneObject path="_Scenery/stag_door">
      <components>
        <string>Transform</string>
      </components>
    </SceneObject>
    <SceneObject path="_Scenery/stag_door/stagdoor_0004_Color-Balance-1-copy-9">
      <components>
        <string>Transform</string>
        <string>SpriteRenderer</string>
      </components>
    </SceneObject>
    <SceneObject path="_Scenery/stag_door/cd_floor_highway_03">
      <components>
        <string>Transform</string>
      </components>
    </SceneObject>
    <SceneObject path="_Scenery/stag_door/cd_floor_highway_03/highway_01_layered_0004_Layer-5">
      <components>
        <string>Transform</string>
        <string>SpriteRenderer</string>
      </components>
    </SceneObject>
    <SceneObject path="_Scenery/stag_door/cd_floor_highway_03/highway_01_layered_0002_Layer-1">
      <components>
        <string>Transform</string>
        <string>SpriteRenderer</string>
      </components>
    </SceneObject>
    <SceneObject path="_Scenery/stag_door/cd_floor_highway_03/highway_01_layered_0001_Layer-4">
      <components>
        <string>Transform</string>
        <string>SpriteRenderer</string>
      </components>
    </SceneObject>
    <SceneObject path="_Scenery/stag_door/cd_floor_highway_03/highway_01_layered_0003_Layer-0">
      <components>
        <string>Transform</string>
        <string>SpriteRenderer</string>
      </components>
    </SceneObject>
    <SceneObject path="_Scenery/stag_door/hot_spring_layers_0005_01-copy-85">
      <components>
        <string>Transform</string>
        <string>SpriteRenderer</string>
      </components>
    </SceneObject>
    <SceneObject path="_Scenery/stag_door/stagdoor_0003_Color-Balance-1-copy-5">
      <components>
        <string>Transform</string>
        <string>SpriteRenderer</string>
      </components>
    </SceneObject>
    <SceneObject path="_Scenery/stag_door/stagdoor_0002_Color-Balance-1-copy-7">
      <components>
        <string>Transform</string>
        <string>SpriteRenderer</string>
      </components>
    </SceneObject>
    <SceneObject path="_Scenery/stag_door/stagdoor_0000_Color-Balance-1-copy-3">
      <components>
        <string>Transform</string>
        <string>SpriteRenderer</string>
      </components>
    </SceneObject>
    <SceneObject path="_Scenery/stag_door/stagdoor_0001_Layer-7">
      <components>
        <string>Transform</string>
        <string>SpriteRenderer</string>
      </components>
    </SceneObject>
    <SceneObject path="_Scenery/stag_door/stagdoor_0001_Layer-7/haze2">
      <components>
        <string>Transform</string>
        <string>SpriteRenderer</string>
      </components>
    </SceneObject>
    <SceneObject path="_Scenery/stag_door/stagdoor_0001_Layer-7/Lamp_Bug">
      <components>
        <string>Transform</string>
      </components>
    </SceneObject>
    <SceneObject path="_Scenery/stag_door/stagdoor_0001_Layer-7/Lamp_Bug/Lamp_Bug">
      <components>
        <string>Transform</string>
      </components>
    </SceneObject>
    <SceneObject path="_Scenery/stag_door/stagdoor_0001_Layer-7/Lamp_Bug/Lamp_Bug/shop_lamp_bug0000 (1)">
      <components>
        <string>Transform</string>
        <string>SpriteRenderer</string>
        <string>Animator</string>
      </components>
    </SceneObject>
    <SceneObject path="_Scenery/station_pole">
      <components>
        <string>Transform</string>
      </components>
    </SceneObject>
    <SceneObject path="_Scenery/station_pole/Stag_Pole_Tall_Break (2)">
      <components>
        <string>Transform</string>
        <string>SpriteRenderer</string>
        <string>BoxCollider2D</string>
        <string>Breakable</string>
        <string>NonBouncer</string>
      </components>
    </SceneObject>
    <SceneObject path="_Scenery/station_pole/Stag_Pole_Tall_Break (2)/glass_burst pole 1 (1)">
      <components>
        <string>Transform</string>
        <string>ParticleSystem</string>
        <string>ParticleSystemRenderer</string>
        <string>ParticleSystemAutoRecycle</string>
      </components>
    </SceneObject>
    <SceneObject path="_Scenery/station_pole/Stag_Pole_Tall_Break (2)/Fungus Top Scarab (1)">
      <components>
        <string>Transform</string>
        <string>SpriteRenderer</string>
        <string>ObjectBounce</string>
        <string>Rigidbody2D</string>
        <string>PolygonCollider2D</string>
        <string>SpinSelf</string>
      </components>
    </SceneObject>
    <SceneObject path="_Scenery/station_pole/Stag_Pole_Tall_Break (2)/lamp_bug_escape (7)">
      <components>
        <string>Transform</string>
        <string>ParticleSystem</string>
        <string>ParticleSystemRenderer</string>
      </components>
    </SceneObject>
    <SceneObject path="_Scenery/station_pole/Stag_Pole_Tall_Break (2)/stag_sign_breakable_0002_Layer-0">
      <components>
        <string>Transform</string>
        <string>SpriteRenderer</string>
      </components>
    </SceneObject>
    <SceneObject path="_Scenery/station_pole/Stag_Pole_Tall_Break (2)/Fungus Top Scarab (2)">
      <components>
        <string>Transform</string>
        <string>SpriteRenderer</string>
        <string>ObjectBounce</string>
        <string>Rigidbody2D</string>
        <string>BoxCollider2D</string>
        <string>SpinSelf</string>
      </components>
    </SceneObject>
    <SceneObject path="_Scenery/station_pole/Stag_Pole_Tall_Break (2)/Fungus Top Scarab (3)">
      <components>
        <string>Transform</string>
        <string>SpriteRenderer</string>
        <string>ObjectBounce</string>
        <string>Rigidbody2D</string>
        <string>BoxCollider2D</string>
        <string>SpinSelf</string>
      </components>
    </SceneObject>
    <SceneObject path="_Scenery/station_pole/Stag_Pole_Tall_Break (2)/Fungus Top Scarab (4)">
      <components>
        <string>Transform</string>
        <string>SpriteRenderer</string>
        <string>ObjectBounce</string>
        <string>Rigidbody2D</string>
        <string>BoxCollider2D</string>
        <string>SpinSelf</string>
      </components>
    </SceneObject>
    <SceneObject path="_Scenery/station_pole/Stag_Pole_Tall_Break (2)/Active">
      <components>
        <string>Transform</string>
      </components>
    </SceneObject>
    <SceneObject path="_Scenery/station_pole/Stag_Pole_Tall_Break (2)/Active/Lamp_Bug (19)">
      <components>
        <string>Transform</string>
      </components>
    </SceneObject>
    <SceneObject path="_Scenery/station_pole/Stag_Pole_Tall_Break (2)/Active/Lamp_Bug (19)/shop_lamp_bug0000 (1)">
      <components>
        <string>Transform</string>
        <string>SpriteRenderer</string>
        <string>Animator</string>
        <string>PlayFromRandomFrameMecanim</string>
      </components>
    </SceneObject>
    <SceneObject path="_Scenery/station_pole/Stag_Pole_Tall_Break (2)/Active/Lamp_Bug (19)/haze2 (9)">
      <components>
        <string>Transform</string>
        <string>SpriteRenderer</string>
      </components>
    </SceneObject>
    <SceneObject path="_Scenery/white_grass1">
      <components>
        <string>Transform</string>
        <string>BoxCollider2D</string>
        <string>AudioSource</string>
        <string>GrassBehaviour</string>
        <string>GrassCut</string>
      </components>
    </SceneObject>
    <SceneObject path="_Scenery/white_grass1/Sprite">
      <components>
        <string>Transform</string>
        <string>SpriteRenderer</string>
        <string>Animator</string>
      </components>
    </SceneObject>
    <SceneObject path="_Scenery/white_grass1/grass_01_death_00000">
      <components>
        <string>Transform</string>
        <string>SpriteRenderer</string>
      </components>
    </SceneObject>
    <SceneObject path="_Scenery/white_grass1/White Grass A">
      <components>
        <string>Transform</string>
        <string>ParticleSystem</string>
        <string>ParticleSystemRenderer</string>
        <string>ParticleSystemAutoRecycle</string>
      </components>
    </SceneObject>
    <SceneObject path="_Scenery/white_grass2">
      <components>
        <string>Transform</string>
        <string>BoxCollider2D</string>
        <string>AudioSource</string>
        <string>GrassBehaviour</string>
        <string>GrassCut</string>
      </components>
    </SceneObject>
    <SceneObject path="_Scenery/white_grass2/Sprite">
      <components>
        <string>Transform</string>
        <string>SpriteRenderer</string>
        <string>Animator</string>
      </components>
    </SceneObject>
    <SceneObject path="_Scenery/white_grass2/White Grass A">
      <components>
        <string>Transform</string>
        <string>ParticleSystem</string>
        <string>ParticleSystemRenderer</string>
        <string>ParticleSystemAutoRecycle</string>
      </components>
    </SceneObject>
    <SceneObject path="_Scenery/white_grass2/grass_02_death_00000">
      <components>
        <string>Transform</string>
        <string>SpriteRenderer</string>
      </components>
    </SceneObject>
    <SceneObject path="_Scenery/white_grass5">
      <components>
        <string>Transform</string>
        <string>BoxCollider2D</string>
        <string>AudioSource</string>
        <string>GrassBehaviour</string>
        <string>GrassCut</string>
      </components>
    </SceneObject>
    <SceneObject path="_Scenery/white_grass5/Sprite">
      <components>
        <string>Transform</string>
        <string>SpriteRenderer</string>
        <string>Animator</string>
      </components>
    </SceneObject>
    <SceneObject path="_Scenery/white_grass5/White Grass A">
      <components>
        <string>Transform</string>
        <string>ParticleSystem</string>
        <string>ParticleSystemRenderer</string>
        <string>ParticleSystemAutoRecycle</string>
      </components>
    </SceneObject>
    <SceneObject path="_Scenery/white_grass5/grass_04_death_00001">
      <components>
        <string>Transform</string>
        <string>SpriteRenderer</string>
      </components>
    </SceneObject>
    <SceneObject path="_Scenery/cd_wall_01 28">
      <components>
        <string>Transform</string>
        <string>SpriteRenderer</string>
      </components>
    </SceneObject>
    <SceneObject path="_Scenery/Station Bell">
      <components>
        <string>Transform</string>
        <string>MeshFilter</string>
        <string>MeshRenderer</string>
        <string>tk2dSprite</string>
        <string>tk2dSpriteAnimator</string>
        <string>PlayMakerFSM</string>
        <string>BoxCollider2D</string>
        <string>PlayMakerFixedUpdate</string>
      </components>
    </SceneObject>
    <SceneObject path="_Scenery/Station Bell/Bell">
      <components>
        <string>Transform</string>
        <string>MeshFilter</string>
        <string>MeshRenderer</string>
        <string>tk2dSprite</string>
        <string>tk2dSpriteAnimator</string>
        <string>BoxCollider2D</string>
        <string>PlayMakerFSM</string>
        <string>NonBouncer</string>
      </components>
    </SceneObject>
    <SceneObject path="_Scenery/Station Bell/Prompt Marker">
      <components>
        <string>Transform</string>
      </components>
    </SceneObject>
    <SceneObject path="_Scenery/Station Bell/Front">
      <components>
        <string>Transform</string>
        <string>MeshFilter</string>
        <string>MeshRenderer</string>
        <string>tk2dSprite</string>
        <string>tk2dSpriteAnimator</string>
      </components>
    </SceneObject>
    <SceneObject path="_Scenery/Station Bell/Dust Box Down">
      <components>
        <string>Transform</string>
        <string>ParticleSystem</string>
        <string>ParticleSystemRenderer</string>
        <string>ParticleSystemAutoDestroy</string>
      </components>
    </SceneObject>
    <SceneObject path="_Scenery/Station Bell/Dust Bell Up">
      <components>
        <string>Transform</string>
        <string>ParticleSystem</string>
        <string>ParticleSystemRenderer</string>
        <string>ParticleSystemAutoDestroy</string>
      </components>
    </SceneObject>
    <SceneObject path="_Scenery/cd_wall_01 29">
      <components>
        <string>Transform</string>
        <string>SpriteRenderer</string>
      </components>
    </SceneObject>
    <SceneObject path="_Scenery/Fog">
      <components>
        <string>Transform</string>
        <string>SpriteRenderer</string>
      </components>
    </SceneObject>
    <SceneObject path="_Scenery/Fog (1)">
      <components>
        <string>Transform</string>
        <string>SpriteRenderer</string>
      </components>
    </SceneObject>
    <SceneObject path="_Scenery/cd_FG_eggs_07">
      <components>
        <string>Transform</string>
      </components>
    </SceneObject>
    <SceneObject path="_Scenery/cd_FG_eggs_07/FG_eggs_07_0004_01">
      <components>
        <string>Transform</string>
        <string>SpriteRenderer</string>
      </components>
    </SceneObject>
    <SceneObject path="_Scenery/cd_FG_eggs_07/FG_eggs_07_0003_02">
      <components>
        <string>Transform</string>
        <string>SpriteRenderer</string>
      </components>
    </SceneObject>
    <SceneObject path="_Scenery/cd_FG_eggs_07/FG_eggs_07_0002_03">
      <components>
        <string>Transform</string>
        <string>SpriteRenderer</string>
      </components>
    </SceneObject>
    <SceneObject path="_Scenery/cd_FG_eggs_07/FG_eggs_07_0000_05">
      <components>
        <string>Transform</string>
        <string>SpriteRenderer</string>
      </components>
    </SceneObject>
    <SceneObject path="_Scenery/cd_FG_eggs_07 (1)">
      <components>
        <string>Transform</string>
      </components>
    </SceneObject>
    <SceneObject path="_Scenery/cd_FG_eggs_07 (1)/FG_eggs_07_0004_01">
      <components>
        <string>Transform</string>
        <string>SpriteRenderer</string>
      </components>
    </SceneObject>
    <SceneObject path="_Scenery/cd_FG_eggs_07 (1)/FG_eggs_07_0003_02">
      <components>
        <string>Transform</string>
        <string>SpriteRenderer</string>
      </components>
    </SceneObject>
    <SceneObject path="_Scenery/cd_FG_eggs_07 (1)/FG_eggs_07_0002_03">
      <components>
        <string>Transform</string>
        <string>SpriteRenderer</string>
      </components>
    </SceneObject>
    <SceneObject path="_Scenery/cd_FG_eggs_07 (1)/FG_eggs_07_0000_05">
      <components>
        <string>Transform</string>
        <string>SpriteRenderer</string>
      </components>
    </SceneObject>
    <SceneObject path="_Scenery/cd_FG_eggs_07 (1)/FG_eggs_07_0000_06">
      <components>
        <string>Transform</string>
        <string>SpriteRenderer</string>
      </components>
    </SceneObject>
    <SceneObject path="_Scenery/cd_FG_rock_18">
      <components>
        <string>Transform</string>
      </components>
    </SceneObject>
    <SceneObject path="_Scenery/cd_FG_rock_18/roof_FG_rock_08_0005_01">
      <components>
        <string>Transform</string>
        <string>SpriteRenderer</string>
      </components>
    </SceneObject>
    <SceneObject path="_Scenery/cd_FG_rock_18/roof_FG_rock_08_0004_02">
      <components>
        <string>Transform</string>
        <string>SpriteRenderer</string>
      </components>
    </SceneObject>
    <SceneObject path="_Scenery/cd_FG_rock_18/roof_FG_rock_08_0002_04">
      <components>
        <string>Transform</string>
        <string>SpriteRenderer</string>
      </components>
    </SceneObject>
    <SceneObject path="_Scenery/cd_FG_rock_18/roof_FG_rock_08_0001_05">
      <components>
        <string>Transform</string>
        <string>SpriteRenderer</string>
      </components>
    </SceneObject>
    <SceneObject path="_Scenery/cd_FG_rock_18/roof_FG_rock_08_0000_06">
      <components>
        <string>Transform</string>
        <string>SpriteRenderer</string>
      </components>
    </SceneObject>
    <SceneObject path="_Scenery/Polygon_Collider_Cross_47">
      <components>
        <string>Transform</string>
      </components>
    </SceneObject>
    <SceneObject path="_Scenery/Polygon_Collider_Cross_47/Roof Collider">
      <components>
        <string>Transform</string>
        <string>PolygonCollider2D</string>
        <string>Roof</string>
      </components>
    </SceneObject>
    <SceneObject path="_Managers">
      <components>
        <string>Transform</string>
      </components>
    </SceneObject>
    <SceneObject path="_Managers/PlayMaker Unity 2D">
      <components>
        <string>Transform</string>
        <string>PlayMakerFSM</string>
        <string>PlayMakerUnity2d</string>
        <string>PlayMakerCollisionEnter2D</string>
        <string>PlayMakerCollisionExit2D</string>
        <string>PlayMakerCollisionStay2D</string>
        <string>PlayMakerTriggerEnter2D</string>
        <string>PlayMakerTriggerExit2D</string>
        <string>PlayMakerTriggerStay2D</string>
      </components>
    </SceneObject>
    <SceneObject path="_Effects">
      <components>
        <string>Transform</string>
      </components>
    </SceneObject>
    <SceneObject path="TileMap Render Data">
      <components>
        <string>Transform</string>
      </components>
    </SceneObject>
    <SceneObject path="TileMap Render Data/Scenemap">
      <components>
        <string>Transform</string>
      </components>
    </SceneObject>
    <SceneObject path="TileMap Render Data/Scenemap/Chunk 0 0">
      <components>
        <string>Transform</string>
        <string>MeshFilter</string>
        <string>MeshRenderer</string>
        <string>EdgeCollider2D</string>
      </components>
    </SceneObject>
    <SceneObject path="TileMap Render Data/Scenemap/Chunk 0 1">
      <components>
        <string>Transform</string>
        <string>MeshFilter</string>
        <string>MeshRenderer</string>
        <string>EdgeCollider2D</string>
        <string>EdgeCollider2D</string>
      </components>
    </SceneObject>
    <SceneObject path="_Markers">
      <components>
        <string>Transform</string>
      </components>
    </SceneObject>
    <SceneObject path="_Markers/Hollow_Shade Marker">
      <components>
        <string>Transform</string>
        <string>PlayMakerFSM</string>
      </components>
    </SceneObject>
    <SceneObject path="_Markers/Hollow_Shade Marker/HS_Image">
      <components>
        <string>Transform</string>
      </components>
    </SceneObject>
    <SceneObject path="_Items">
      <components>
        <string>Transform</string>
      </components>
    </SceneObject>
    <SceneObject path="_NPCs">
      <components>
        <string>Transform</string>
      </components>
    </SceneObject>
    <SceneObject path="_NPCs/Tiso Bench NPC">
      <components>
        <string>Transform</string>
        <string>MeshFilter</string>
        <string>MeshRenderer</string>
        <string>tk2dSprite</string>
        <string>tk2dSpriteAnimator</string>
        <string>PlayMakerFSM</string>
        <string>BoxCollider2D</string>
        <string>PlayMakerFSM</string>
        <string>PlayMakerFSM</string>
        <string>PlayMakerFSM</string>
        <string>PlayMakerFixedUpdate</string>
      </components>
    </SceneObject>
    <SceneObject path="_NPCs/Tiso Bench NPC/Prompt Marker">
      <components>
        <string>Transform</string>
        <string>MeshRenderer</string>
        <string>MeshFilter</string>
        <string>tk2dSprite</string>
        <string>tk2dSpriteAnimator</string>
        <string>PlayMakerFSM</string>
      </components>
    </SceneObject>
    <SceneObject path="_NPCs/Tiso Bench NPC/Dream Dialogue">
      <components>
        <string>Transform</string>
        <string>PlayMakerFSM</string>
        <string>BoxCollider2D</string>
        <string>NonBouncer</string>
      </components>
    </SceneObject>
    <SceneObject path="_NPCs/Tiso Bench NPC/Dream Dialogue/Active Pt">
      <components>
        <string>Transform</string>
        <string>ParticleSystem</string>
        <string>ParticleSystemRenderer</string>
      </components>
    </SceneObject>
    <SceneObject path="_NPCs/Tiso Bench NPC/Dream Dialogue/Impact Pt">
      <components>
        <string>Transform</string>
        <string>ParticleSystem</string>
        <string>ParticleSystemRenderer</string>
      </components>
    </SceneObject>
    <SceneObject path="Infected_Parent">
      <components>
        <string>Transform</string>
        <string>PlayMakerFSM</string>
      </components>
    </SceneObject>
    <SceneObject path="Infected_Parent/Infected Flag">
      <components>
        <string>Transform</string>
      </components>
    </SceneObject>
    <SceneObject path="Infected_Parent/infected_crossroads_particles">
      <components>
        <string>Transform</string>
      </components>
    </SceneObject>
    <SceneObject path="Infected_Parent/infected_crossroads_particles/wispy smoke BG">
      <components>
        <string>Transform</string>
        <string>ParticleSystem</string>
        <string>ParticleSystemRenderer</string>
      </components>
    </SceneObject>
    <SceneObject path="Infected_Parent/infected_crossroads_particles/wispy smoke FG">
      <components>
        <string>Transform</string>
        <string>ParticleSystem</string>
        <string>ParticleSystemRenderer</string>
      </components>
    </SceneObject>
    <SceneObject path="Infected_Parent/infected_crossroads_particles/Particle System dots">
      <components>
        <string>Transform</string>
        <string>ParticleSystem</string>
        <string>ParticleSystemRenderer</string>
      </components>
    </SceneObject>
    <SceneObject path="UnInfected Parent">
      <components>
        <string>Transform</string>
        <string>PlayMakerFSM</string>
      </components>
    </SceneObject>
    <SceneObject path="UnInfected Parent/BG_swarm_01">
      <components>
        <string>Transform</string>
      </components>
    </SceneObject>
    <SceneObject path="UnInfected Parent/BG_swarm_01/particle">
      <components>
        <string>Transform</string>
        <string>ParticleSystem</string>
        <string>ParticleSystemRenderer</string>
      </components>
    </SceneObject>
    <SceneObject path="UnInfected Parent/FG_swarm_02">
      <components>
        <string>Transform</string>
        <string>ParticleSystem</string>
        <string>ParticleSystemRenderer</string>
      </components>
    </SceneObject>
    <SceneObject path="_Enemies">
      <components>
        <string>Transform</string>
      </components>
    </SceneObject>
    <SceneObject path="RestBench">
      <components>
        <string>Transform</string>
        <string>SpriteRenderer</string>
        <string>BoxCollider2D</string>
        <string>RestBench</string>
        <string>PlayMakerFSM</string>
        <string>RespawnMarker</string>
        <string>PlayMakerFixedUpdate</string>
      </components>
    </SceneObject>
    <SceneObject path="RestBench/Lit">
      <components>
        <string>Transform</string>
        <string>SpriteRenderer</string>
      </components>
    </SceneObject>
    <SceneObject path="RestBench/Detect Range">
      <components>
        <string>Transform</string>
        <string>BoxCollider2D</string>
        <string>PlayMakerFSM</string>
      </components>
    </SceneObject>
    <SceneObject path="RestBench/Light">
      <components>
        <string>Transform</string>
        <string>SpriteRenderer</string>
        <string>PlayMakerFSM</string>
      </components>
    </SceneObject>
    <SceneObject path="RestBench/Particle B">
      <components>
        <string>Transform</string>
        <string>ParticleSystem</string>
        <string>ParticleSystemRenderer</string>
      </components>
    </SceneObject>
    <SceneObject path="RestBench/Particle F">
      <components>
        <string>Transform</string>
        <string>ParticleSystem</string>
        <string>ParticleSystemRenderer</string>
      </components>
    </SceneObject>
    <SceneObject path="RestBench/Particle Rest">
      <components>
        <string>Transform</string>
        <string>ParticleSystem</string>
        <string>ParticleSystemRenderer</string>
      </components>
    </SceneObject>
    <SceneObject path="RestBench/Light Small">
      <components>
        <string>Transform</string>
        <string>SpriteRenderer</string>
        <string>PlayMakerFSM</string>
      </components>
    </SceneObject>
    <SceneObject path="RestBench/Prompt Marker">
      <components>
        <string>Transform</string>
      </components>
    </SceneObject>
    <SceneObject path="RestBench/Heal Anim">
      <components>
        <string>Transform</string>
        <string>MeshFilter</string>
        <string>MeshRenderer</string>
        <string>tk2dSprite</string>
        <string>tk2dSpriteAnimator</string>
        <string>PlayMakerFSM</string>
      </components>
    </SceneObject>
    <SceneObject path="Stag Blanker">
      <components>
        <string>Transform</string>
        <string>SpriteRenderer</string>
        <string>PlayMakerFSM</string>
      </components>
    </SceneObject>
    <SceneObject path="sprite_set_generic">
      <components>
        <string>Transform</string>
      </components>
    </SceneObject>
    <SceneObject path="sprite_set_generic/Mossman_Shaker">
      <components>
        <string>Transform</string>
        <string>MeshRenderer</string>
        <string>MeshFilter</string>
        <string>tk2dSprite</string>
        <string>BoxCollider2D</string>
      </components>
    </SceneObject>
    <SceneObject path="sprite_set_generic/Mossman_Shaker (1)">
      <components>
        <string>Transform</string>
        <string>MeshRenderer</string>
        <string>MeshFilter</string>
        <string>tk2dSprite</string>
        <string>BoxCollider2D</string>
      </components>
    </SceneObject>
    <SceneObject path="sprite_set_generic/Mossman_Shaker (2)">
      <components>
        <string>Transform</string>
        <string>MeshRenderer</string>
        <string>MeshFilter</string>
        <string>tk2dSprite</string>
        <string>BoxCollider2D</string>
      </components>
    </SceneObject>
    <SceneObject path="sprite_set_generic/Mossman_Shaker (3)">
      <components>
        <string>Transform</string>
        <string>MeshRenderer</string>
        <string>MeshFilter</string>
        <string>tk2dSprite</string>
        <string>BoxCollider2D</string>
      </components>
    </SceneObject>
  </sceneObjects>
</SceneData>