<?xml version="1.0" encoding="utf-8"?>
<SceneData xmlns:xsd="http://www.w3.org/2001/XMLSchema" xmlns:xsi="http://www.w3.org/2001/XMLSchema-instance" name="Dream_Guardian_Monomon">
  <sceneObjects>
    <SceneObject path="wp_clouds_0002_1 (70)">
      <components>
        <string>Transform</string>
        <string>SpriteRenderer</string>
      </components>
    </SceneObject>
    <SceneObject path="wp_clouds_0002_1 (105)">
      <components>
        <string>Transform</string>
        <string>SpriteRenderer</string>
      </components>
    </SceneObject>
    <SceneObject path="wp_clouds_0002_1 (97)">
      <components>
        <string>Transform</string>
        <string>SpriteRenderer</string>
      </components>
    </SceneObject>
    <SceneObject path="_Items">
      <components>
        <string>Transform</string>
      </components>
    </SceneObject>
    <SceneObject path="wp_clouds_0002_1 (75)">
      <components>
        <string>Transform</string>
        <string>SpriteRenderer</string>
      </components>
    </SceneObject>
    <SceneObject path="Roof Collider">
      <components>
        <string>Transform</string>
        <string>PolygonCollider2D</string>
        <string>NonSlider</string>
        <string>PlayMakerCollisionEnter2D</string>
        <string>Roof</string>
      </components>
    </SceneObject>
    <SceneObject path="back_arches">
      <components>
        <string>Transform</string>
      </components>
    </SceneObject>
    <SceneObject path="_Effects">
      <components>
        <string>Transform</string>
      </components>
    </SceneObject>
    <SceneObject path="Cinematic Player">
      <components>
        <string>Transform</string>
        <string>MeshFilter</string>
        <string>MeshCollider</string>
        <string>MeshRenderer</string>
        <string>AudioSource</string>
        <string>CinematicPlayer</string>
      </components>
    </SceneObject>
    <SceneObject path="Cinematic Player/FadeInBlanker">
      <components>
        <string>Transform</string>
        <string>MeshFilter</string>
        <string>MeshRenderer</string>
      </components>
    </SceneObject>
    <SceneObject path="Dreamer_confrontation_0003_a (2)">
      <components>
        <string>Transform</string>
        <string>SpriteRenderer</string>
      </components>
    </SceneObject>
    <SceneObject path="wp_clouds_0002_1 (60)">
      <components>
        <string>Transform</string>
        <string>SpriteRenderer</string>
      </components>
    </SceneObject>
    <SceneObject path="wp_clouds_0002_1 (68)">
      <components>
        <string>Transform</string>
        <string>SpriteRenderer</string>
      </components>
    </SceneObject>
    <SceneObject path="Dreamer_confrontation_0003_a">
      <components>
        <string>Transform</string>
        <string>SpriteRenderer</string>
      </components>
    </SceneObject>
    <SceneObject path="World Edge (1)">
      <components>
        <string>Transform</string>
        <string>BoxCollider2D</string>
        <string>NonSlider</string>
        <string>BoxCollider2D</string>
        <string>PlayMakerFSM</string>
        <string>NonThunker</string>
      </components>
    </SceneObject>
    <SceneObject path="wp_clouds_0002_1 (83)">
      <components>
        <string>Transform</string>
        <string>SpriteRenderer</string>
      </components>
    </SceneObject>
    <SceneObject path="wp_clouds_0002_1 (93)">
      <components>
        <string>Transform</string>
        <string>SpriteRenderer</string>
      </components>
    </SceneObject>
    <SceneObject path="FG_platform (5)">
      <components>
        <string>Transform</string>
        <string>SpriteRenderer</string>
      </components>
    </SceneObject>
    <SceneObject path="wp_clouds_0002_1 (89)">
      <components>
        <string>Transform</string>
        <string>SpriteRenderer</string>
      </components>
    </SceneObject>
    <SceneObject path="BlurPlane">
      <components>
        <string>Transform</string>
        <string>MeshFilter</string>
        <string>MeshRenderer</string>
        <string>BlurPlane</string>
      </components>
    </SceneObject>
    <SceneObject path="wp_clouds_0002_1 (85)">
      <components>
        <string>Transform</string>
        <string>SpriteRenderer</string>
      </components>
    </SceneObject>
    <SceneObject path="FG_platform (3)">
      <components>
        <string>Transform</string>
        <string>SpriteRenderer</string>
      </components>
    </SceneObject>
    <SceneObject path="Play Music Strings and Choir">
      <components>
        <string>Transform</string>
        <string>BoxCollider2D</string>
        <string>PlayMakerFSM</string>
        <string>AudioSource</string>
      </components>
    </SceneObject>
    <SceneObject path="_Enemies">
      <components>
        <string>Transform</string>
      </components>
    </SceneObject>
    <SceneObject path="_Managers">
      <components>
        <string>Transform</string>
      </components>
    </SceneObject>
    <SceneObject path="_Managers/PlayMaker Unity 2D">
      <components>
        <string>Transform</string>
        <string>PlayMakerFSM</string>
        <string>PlayMakerUnity2d</string>
        <string>PlayMakerCollisionEnter2D</string>
        <string>PlayMakerCollisionExit2D</string>
        <string>PlayMakerCollisionStay2D</string>
        <string>PlayMakerTriggerEnter2D</string>
        <string>PlayMakerTriggerExit2D</string>
        <string>PlayMakerTriggerStay2D</string>
      </components>
    </SceneObject>
    <SceneObject path="wp_clouds_0002_1 (106)">
      <components>
        <string>Transform</string>
        <string>SpriteRenderer</string>
      </components>
    </SceneObject>
    <SceneObject path="CameraLockArea (5)">
      <components>
        <string>Transform</string>
        <string>BoxCollider2D</string>
        <string>CameraLockArea</string>
      </components>
    </SceneObject>
    <SceneObject path="_Camera Lock Zones">
      <components>
        <string>Transform</string>
      </components>
    </SceneObject>
    <SceneObject path="Dreamer Appear orb">
      <components>
        <string>Transform</string>
        <string>SpriteRenderer</string>
        <string>BoxCollider2D</string>
        <string>Animator</string>
        <string>PlayMakerFSM</string>
      </components>
    </SceneObject>
    <SceneObject path="Dreamer Appear orb/Dream Orb Get S">
      <components>
        <string>Transform</string>
        <string>ParticleSystem</string>
        <string>ParticleSystemRenderer</string>
        <string>KeepWorldScalePositive</string>
      </components>
    </SceneObject>
    <SceneObject path="Dreamer Appear orb/white_fader">
      <components>
        <string>Transform</string>
        <string>SpriteRenderer</string>
      </components>
    </SceneObject>
    <SceneObject path="Dreamer Appear orb/dusk_knight_dream_shield">
      <components>
        <string>Transform</string>
        <string>SpriteRenderer</string>
      </components>
    </SceneObject>
    <SceneObject path="Dreamer Appear orb/dusk_knight_dream_shield (1)">
      <components>
        <string>Transform</string>
        <string>SpriteRenderer</string>
      </components>
    </SceneObject>
    <SceneObject path="Dreamer Appear orb/white_fader (1)">
      <components>
        <string>Transform</string>
        <string>SpriteRenderer</string>
      </components>
    </SceneObject>
    <SceneObject path="FG_platform (2)">
      <components>
        <string>Transform</string>
        <string>SpriteRenderer</string>
      </components>
    </SceneObject>
    <SceneObject path="_NPCs">
      <components>
        <string>Transform</string>
      </components>
    </SceneObject>
    <SceneObject path="dawn_set">
      <components>
        <string>Transform</string>
        <string>PlayMakerFSM</string>
      </components>
    </SceneObject>
    <SceneObject path="dawn_set/dawn_01">
      <components>
        <string>Transform</string>
        <string>SpriteRenderer</string>
      </components>
    </SceneObject>
    <SceneObject path="dawn_set/dawn_01/haze2">
      <components>
        <string>Transform</string>
        <string>SpriteRenderer</string>
      </components>
    </SceneObject>
    <SceneObject path="dawn_set/dawn_02">
      <components>
        <string>Transform</string>
        <string>SpriteRenderer</string>
      </components>
    </SceneObject>
    <SceneObject path="dawn_set/dawn_02/haze2">
      <components>
        <string>Transform</string>
        <string>SpriteRenderer</string>
      </components>
    </SceneObject>
    <SceneObject path="wp_clouds_0002_1 (62)">
      <components>
        <string>Transform</string>
        <string>SpriteRenderer</string>
      </components>
    </SceneObject>
    <SceneObject path="FG_platform (6)">
      <components>
        <string>Transform</string>
        <string>SpriteRenderer</string>
      </components>
    </SceneObject>
    <SceneObject path="dream_catcher_active_01 (4)">
      <components>
        <string>Transform</string>
        <string>SpriteRenderer</string>
        <string>CircleCollider2D</string>
        <string>CircleCollider2D</string>
        <string>SceneryTriggerCircle</string>
        <string>Animator</string>
      </components>
    </SceneObject>
    <SceneObject path="FG_platform (4)">
      <components>
        <string>Transform</string>
        <string>SpriteRenderer</string>
      </components>
    </SceneObject>
    <SceneObject path="_SceneManager">
      <components>
        <string>Transform</string>
        <string>SceneManager</string>
        <string>PlayMakerFSM</string>
        <string>PlayMakerFSM</string>
      </components>
    </SceneObject>
    <SceneObject path="wp_clouds_0002_1 (69)">
      <components>
        <string>Transform</string>
        <string>SpriteRenderer</string>
      </components>
    </SceneObject>
    <SceneObject path="dream_particle_set">
      <components>
        <string>Transform</string>
        <string>PlayMakerFSM</string>
      </components>
    </SceneObject>
    <SceneObject path="dream_particle_set/dream_particle_03">
      <components>
        <string>Transform</string>
        <string>ParticleSystem</string>
        <string>ParticleSystemRenderer</string>
      </components>
    </SceneObject>
    <SceneObject path="dream_particle_set/dream_particle_03 (1)">
      <components>
        <string>Transform</string>
        <string>ParticleSystem</string>
        <string>ParticleSystemRenderer</string>
      </components>
    </SceneObject>
    <SceneObject path="_Transition Gates">
      <components>
        <string>Transform</string>
      </components>
    </SceneObject>
    <SceneObject path="wp_clouds_0002_1 (61)">
      <components>
        <string>Transform</string>
        <string>SpriteRenderer</string>
      </components>
    </SceneObject>
    <SceneObject path="Autosaver">
      <components>
        <string>Transform</string>
        <string>PlayMakerFSM</string>
      </components>
    </SceneObject>
    <SceneObject path="Dreamer_confrontation_0003_a (3)">
      <components>
        <string>Transform</string>
        <string>SpriteRenderer</string>
      </components>
    </SceneObject>
    <SceneObject path="Dreamer_confrontation_0004_a">
      <components>
        <string>Transform</string>
        <string>SpriteRenderer</string>
      </components>
    </SceneObject>
    <SceneObject path="CameraLockArea (4)">
      <components>
        <string>Transform</string>
        <string>BoxCollider2D</string>
        <string>CameraLockArea</string>
      </components>
    </SceneObject>
    <SceneObject path="TileMap">
      <components>
        <string>Transform</string>
        <string>tk2dTileMap</string>
      </components>
    </SceneObject>
    <SceneObject path="Dreamer_confrontation_0000_a">
      <components>
        <string>Transform</string>
        <string>SpriteRenderer</string>
      </components>
    </SceneObject>
    <SceneObject path="_Scenery">
      <components>
        <string>Transform</string>
      </components>
    </SceneObject>
    <SceneObject path="TileMap Render Data">
      <components>
        <string>Transform</string>
      </components>
    </SceneObject>
    <SceneObject path="TileMap Render Data/Scenemap">
      <components>
        <string>Transform</string>
      </components>
    </SceneObject>
    <SceneObject path="TileMap Render Data/Scenemap/Chunk 0 0">
      <components>
        <string>Transform</string>
        <string>MeshFilter</string>
        <string>MeshRenderer</string>
        <string>EdgeCollider2D</string>
      </components>
    </SceneObject>
    <SceneObject path="TileMap Render Data/Scenemap/Chunk 0 1">
      <components>
        <string>Transform</string>
        <string>MeshFilter</string>
        <string>MeshRenderer</string>
        <string>EdgeCollider2D</string>
        <string>EdgeCollider2D</string>
      </components>
    </SceneObject>
    <SceneObject path="TileMap Render Data/Scenemap/Chunk 0 2">
      <components>
        <string>Transform</string>
        <string>MeshFilter</string>
        <string>MeshRenderer</string>
        <string>EdgeCollider2D</string>
      </components>
    </SceneObject>
    <SceneObject path="wp_clouds_0002_1 (95)">
      <components>
        <string>Transform</string>
        <string>SpriteRenderer</string>
      </components>
    </SceneObject>
    <SceneObject path="wp_clouds_0002_1 (99)">
      <components>
        <string>Transform</string>
        <string>SpriteRenderer</string>
      </components>
    </SceneObject>
    <SceneObject path="_Markers">
      <components>
        <string>Transform</string>
      </components>
    </SceneObject>
    <SceneObject path="door1">
      <components>
        <string>Transform</string>
        <string>BoxCollider2D</string>
        <string>TransitionPoint</string>
        <string>PlayMakerFSM</string>
      </components>
    </SceneObject>
    <SceneObject path="door1/Hazard Respawn Marker">
      <components>
        <string>Transform</string>
        <string>HazardRespawnMarker</string>
      </components>
    </SceneObject>
    <SceneObject path="door1/Prompt Marker">
      <components>
        <string>Transform</string>
      </components>
    </SceneObject>
    <SceneObject path="_Props">
      <components>
        <string>Transform</string>
      </components>
    </SceneObject>
    <SceneObject path="FG_platform (7)">
      <components>
        <string>Transform</string>
        <string>SpriteRenderer</string>
      </components>
    </SceneObject>
    <SceneObject path="wp_clouds_0002_1 (79)">
      <components>
        <string>Transform</string>
        <string>SpriteRenderer</string>
      </components>
    </SceneObject>
    <SceneObject path="Roof Collider (1)">
      <components>
        <string>Transform</string>
        <string>PolygonCollider2D</string>
        <string>NonSlider</string>
        <string>PlayMakerCollisionEnter2D</string>
        <string>Roof</string>
      </components>
    </SceneObject>
    <SceneObject path="wp_clouds_0002_1 (103)">
      <components>
        <string>Transform</string>
        <string>SpriteRenderer</string>
      </components>
    </SceneObject>
    <SceneObject path="Dreamer NPC">
      <components>
        <string>Transform</string>
        <string>MeshFilter</string>
        <string>MeshRenderer</string>
        <string>tk2dSprite</string>
        <string>tk2dSpriteAnimator</string>
        <string>BoxCollider2D</string>
        <string>PlayMakerFSM</string>
        <string>PlayMakerFSM</string>
        <string>SpriteFlash</string>
        <string>PersonalObjectPool</string>
        <string>PlayMakerFixedUpdate</string>
      </components>
    </SceneObject>
    <SceneObject path="Dreamer NPC/White Flash">
      <components>
        <string>Transform</string>
        <string>SpriteRenderer</string>
        <string>PlayMakerFSM</string>
      </components>
    </SceneObject>
    <SceneObject path="Dreamer NPC/Cage">
      <components>
        <string>Transform</string>
        <string>BoxCollider2D</string>
        <string>NonSlider</string>
        <string>BoxCollider2D</string>
        <string>PlayMakerFSM</string>
      </components>
    </SceneObject>
    <SceneObject path="Dreamer NPC/Cage/CameraLockArea B">
      <components>
        <string>Transform</string>
        <string>BoxCollider2D</string>
        <string>CameraLockArea</string>
      </components>
    </SceneObject>
    <SceneObject path="Dreamer NPC/Dream Dialogue">
      <components>
        <string>Transform</string>
        <string>BoxCollider2D</string>
        <string>PlayMakerFSM</string>
        <string>NonBouncer</string>
      </components>
    </SceneObject>
    <SceneObject path="Dreamer NPC/Dream Dialogue/Active Pt">
      <components>
        <string>Transform</string>
        <string>ParticleSystem</string>
        <string>ParticleSystemRenderer</string>
      </components>
    </SceneObject>
    <SceneObject path="Dreamer NPC/Dream Dialogue/Impact Pt">
      <components>
        <string>Transform</string>
        <string>ParticleSystem</string>
        <string>ParticleSystemRenderer</string>
      </components>
    </SceneObject>
    <SceneObject path="Dreamer NPC/Pt Wounded">
      <components>
        <string>Transform</string>
        <string>ParticleSystem</string>
        <string>ParticleSystemRenderer</string>
        <string>KeepWorldScalePositive</string>
      </components>
    </SceneObject>
    <SceneObject path="Dreamer NPC/Get Pulse">
      <components>
        <string>Transform</string>
        <string>ParticleSystem</string>
        <string>ParticleSystemRenderer</string>
      </components>
    </SceneObject>
    <SceneObject path="Dreamer NPC/Get Pulse 2">
      <components>
        <string>Transform</string>
        <string>ParticleSystem</string>
        <string>ParticleSystemRenderer</string>
      </components>
    </SceneObject>
    <SceneObject path="Dreamer NPC/Wounded">
      <components>
        <string>Transform</string>
        <string>MeshRenderer</string>
        <string>MeshFilter</string>
        <string>tk2dSprite</string>
        <string>tk2dSpriteAnimator</string>
        <string>PlayMakerFSM</string>
      </components>
    </SceneObject>
    <SceneObject path="Dream Fall Catcher">
      <components>
        <string>Transform</string>
        <string>PlayMakerFSM</string>
        <string>BoxCollider2D</string>
      </components>
    </SceneObject>
    <SceneObject path="Dream Fall Catcher/Bottom">
      <components>
        <string>Transform</string>
        <string>BoxCollider2D</string>
      </components>
    </SceneObject>
    <SceneObject path="Dream Entry">
      <components>
        <string>Transform</string>
        <string>PlayMakerFSM</string>
        <string>AudioSource</string>
      </components>
    </SceneObject>
    <SceneObject path="Dream Entry/Knight Dream Arrival">
      <components>
        <string>Transform</string>
        <string>MeshRenderer</string>
        <string>MeshFilter</string>
        <string>tk2dSprite</string>
        <string>tk2dSpriteAnimator</string>
      </components>
    </SceneObject>
    <SceneObject path="Dream Entry/Knight Dream Arrival/Spark">
      <components>
        <string>Transform</string>
        <string>MeshFilter</string>
        <string>MeshRenderer</string>
        <string>tk2dSprite</string>
        <string>tk2dSpriteAnimator</string>
        <string>PlayMakerFSM</string>
      </components>
    </SceneObject>
    <SceneObject path="Dream Entry/Knight Dream Arrival/Attack Pt">
      <components>
        <string>Transform</string>
        <string>ParticleSystem</string>
        <string>ParticleSystemRenderer</string>
      </components>
    </SceneObject>
    <SceneObject path="dream_beam_animation">
      <components>
        <string>Transform</string>
        <string>Animator</string>
      </components>
    </SceneObject>
    <SceneObject path="wp_clouds_0002_1 (84)">
      <components>
        <string>Transform</string>
        <string>SpriteRenderer</string>
      </components>
    </SceneObject>
    <SceneObject path="wp_clouds_0002_1 (73)">
      <components>
        <string>Transform</string>
        <string>SpriteRenderer</string>
      </components>
    </SceneObject>
    <SceneObject path="CameraLockArea B">
      <components>
        <string>Transform</string>
        <string>BoxCollider2D</string>
        <string>CameraLockArea</string>
      </components>
    </SceneObject>
    <SceneObject path="wp_clouds_0002_1 (90)">
      <components>
        <string>Transform</string>
        <string>SpriteRenderer</string>
      </components>
    </SceneObject>
    <SceneObject path="wp_clouds_0002_1 (98)">
      <components>
        <string>Transform</string>
        <string>SpriteRenderer</string>
      </components>
    </SceneObject>
    <SceneObject path="wp_clouds_0002_1 (58)">
      <components>
        <string>Transform</string>
        <string>SpriteRenderer</string>
      </components>
    </SceneObject>
    <SceneObject path="wp_clouds_0002_1 (66)">
      <components>
        <string>Transform</string>
        <string>SpriteRenderer</string>
      </components>
    </SceneObject>
    <SceneObject path="wp_clouds_0002_1 (88)">
      <components>
        <string>Transform</string>
        <string>SpriteRenderer</string>
      </components>
    </SceneObject>
    <SceneObject path="wp_clouds_0002_1 (67)">
      <components>
        <string>Transform</string>
        <string>SpriteRenderer</string>
      </components>
    </SceneObject>
    <SceneObject path="wp_clouds_0002_1 (78)">
      <components>
        <string>Transform</string>
        <string>SpriteRenderer</string>
      </components>
    </SceneObject>
    <SceneObject path="wp_clouds_0002_1 (74)">
      <components>
        <string>Transform</string>
        <string>SpriteRenderer</string>
      </components>
    </SceneObject>
    <SceneObject path="_Areas">
      <components>
        <string>Transform</string>
      </components>
    </SceneObject>
    <SceneObject path="wp_clouds_0002_1 (80)">
      <components>
        <string>Transform</string>
        <string>SpriteRenderer</string>
      </components>
    </SceneObject>
    <SceneObject path="wp_clouds_0002_1 (64)">
      <components>
        <string>Transform</string>
        <string>SpriteRenderer</string>
      </components>
    </SceneObject>
    <SceneObject path="wp_clouds_0002_1 (86)">
      <components>
        <string>Transform</string>
        <string>SpriteRenderer</string>
      </components>
    </SceneObject>
    <SceneObject path="wp_clouds_0002_1 (102)">
      <components>
        <string>Transform</string>
        <string>SpriteRenderer</string>
      </components>
    </SceneObject>
    <SceneObject path="wp_clouds_0002_1 (81)">
      <components>
        <string>Transform</string>
        <string>SpriteRenderer</string>
      </components>
    </SceneObject>
    <SceneObject path="wp_clouds_0002_1 (71)">
      <components>
        <string>Transform</string>
        <string>SpriteRenderer</string>
      </components>
    </SceneObject>
    <SceneObject path="wp_clouds_0002_1 (77)">
      <components>
        <string>Transform</string>
        <string>SpriteRenderer</string>
      </components>
    </SceneObject>
    <SceneObject path="wp_clouds_0002_1 (63)">
      <components>
        <string>Transform</string>
        <string>SpriteRenderer</string>
      </components>
    </SceneObject>
    <SceneObject path="wp_clouds_0002_1 (87)">
      <components>
        <string>Transform</string>
        <string>SpriteRenderer</string>
      </components>
    </SceneObject>
    <SceneObject path="wp_clouds_0002_1 (100)">
      <components>
        <string>Transform</string>
        <string>SpriteRenderer</string>
      </components>
    </SceneObject>
    <SceneObject path="wp_clouds_0002_1 (101)">
      <components>
        <string>Transform</string>
        <string>SpriteRenderer</string>
      </components>
    </SceneObject>
    <SceneObject path="FG_platform (8)">
      <components>
        <string>Transform</string>
        <string>SpriteRenderer</string>
      </components>
    </SceneObject>
    <SceneObject path="FG_platform (9)">
      <components>
        <string>Transform</string>
        <string>SpriteRenderer</string>
      </components>
    </SceneObject>
    <SceneObject path="Dreamer_confrontation_0001_a">
      <components>
        <string>Transform</string>
        <string>SpriteRenderer</string>
      </components>
    </SceneObject>
    <SceneObject path="wp_clouds_0002_1 (94)">
      <components>
        <string>Transform</string>
        <string>SpriteRenderer</string>
      </components>
    </SceneObject>
    <SceneObject path="wp_clouds_0002_1 (72)">
      <components>
        <string>Transform</string>
        <string>SpriteRenderer</string>
      </components>
    </SceneObject>
    <SceneObject path="wp_clouds_0002_1 (76)">
      <components>
        <string>Transform</string>
        <string>SpriteRenderer</string>
      </components>
    </SceneObject>
    <SceneObject path="Roof Collider (2)">
      <components>
        <string>Transform</string>
        <string>PolygonCollider2D</string>
        <string>NonSlider</string>
        <string>PlayMakerCollisionEnter2D</string>
        <string>Roof</string>
      </components>
    </SceneObject>
    <SceneObject path="dream_catcher_active_03">
      <components>
        <string>Transform</string>
        <string>SpriteRenderer</string>
        <string>CircleCollider2D</string>
        <string>CircleCollider2D</string>
        <string>SceneryTriggerCircle</string>
        <string>Animator</string>
      </components>
    </SceneObject>
    <SceneObject path="water_fog">
      <components>
        <string>Transform</string>
        <string>SpriteRenderer</string>
      </components>
    </SceneObject>
    <SceneObject path="wp_clouds_0002_1 (104)">
      <components>
        <string>Transform</string>
        <string>SpriteRenderer</string>
      </components>
    </SceneObject>
    <SceneObject path="wp_clouds_0002_1 (92)">
      <components>
        <string>Transform</string>
        <string>SpriteRenderer</string>
      </components>
    </SceneObject>
    <SceneObject path="wp_clouds_0002_1 (91)">
      <components>
        <string>Transform</string>
        <string>SpriteRenderer</string>
      </components>
    </SceneObject>
    <SceneObject path="wp_clouds_0002_1 (82)">
      <components>
        <string>Transform</string>
        <string>SpriteRenderer</string>
      </components>
    </SceneObject>
    <SceneObject path="wp_clouds_0002_1 (96)">
      <components>
        <string>Transform</string>
        <string>SpriteRenderer</string>
      </components>
    </SceneObject>
    <SceneObject path="cd_archway_full (3)">
      <components>
        <string>Transform</string>
      </components>
    </SceneObject>
    <SceneObject path="Dreamer_confrontation_0003_a (1)">
      <components>
        <string>Transform</string>
        <string>SpriteRenderer</string>
      </components>
    </SceneObject>
    <SceneObject path="wp_clouds_0002_1 (65)">
      <components>
        <string>Transform</string>
        <string>SpriteRenderer</string>
      </components>
    </SceneObject>
    <SceneObject path="FG_platform (1)">
      <components>
        <string>Transform</string>
        <string>SpriteRenderer</string>
      </components>
    </SceneObject>
    <SceneObject path="Dreamer_confrontation_0005_a">
      <components>
        <string>Transform</string>
        <string>SpriteRenderer</string>
      </components>
    </SceneObject>
    <SceneObject path="dream_catcher_active_02">
      <components>
        <string>Transform</string>
        <string>SpriteRenderer</string>
        <string>CircleCollider2D</string>
        <string>CircleCollider2D</string>
        <string>SceneryTriggerCircle</string>
        <string>Animator</string>
      </components>
    </SceneObject>
  </sceneObjects>
</SceneData>