<?xml version="1.0" encoding="utf-8"?>
<SceneData xmlns:xsd="http://www.w3.org/2001/XMLSchema" xmlns:xsi="http://www.w3.org/2001/XMLSchema-instance" name="Deepnest_09">
  <sceneObjects>
    <SceneObject path="deep_nest_webs_0004_Layer-16 (3)">
      <components>
        <string>Transform</string>
        <string>SpriteRenderer</string>
      </components>
    </SceneObject>
    <SceneObject path="deep_nest_webs_0001_Layer-7">
      <components>
        <string>Transform</string>
        <string>SpriteRenderer</string>
      </components>
    </SceneObject>
    <SceneObject path="fg_spiders">
      <components>
        <string>Transform</string>
      </components>
    </SceneObject>
    <SceneObject path="fg_spiders/spiders fg">
      <components>
        <string>Transform</string>
        <string>ParticleSystem</string>
        <string>ParticleSystemRenderer</string>
      </components>
    </SceneObject>
    <SceneObject path="fg_spiders/spiders fg (1)">
      <components>
        <string>Transform</string>
        <string>ParticleSystem</string>
        <string>ParticleSystemRenderer</string>
      </components>
    </SceneObject>
    <SceneObject path="fg_spiders/spiders fg (2)">
      <components>
        <string>Transform</string>
        <string>ParticleSystem</string>
        <string>ParticleSystemRenderer</string>
      </components>
    </SceneObject>
    <SceneObject path="bone_deep_0103_b_sil (7)">
      <components>
        <string>Transform</string>
        <string>SpriteRenderer</string>
      </components>
    </SceneObject>
    <SceneObject path="deepnest_fog_02 (2)">
      <components>
        <string>Transform</string>
        <string>SpriteRenderer</string>
      </components>
    </SceneObject>
    <SceneObject path="deep_station_spool_02 (7)">
      <components>
        <string>Transform</string>
        <string>SpriteRenderer</string>
      </components>
    </SceneObject>
    <SceneObject path="deep_mid_tight">
      <components>
        <string>Transform</string>
      </components>
    </SceneObject>
    <SceneObject path="deep_mid_tight/bone_deep_0088_c">
      <components>
        <string>Transform</string>
        <string>SpriteRenderer</string>
      </components>
    </SceneObject>
    <SceneObject path="deep_mid_tight/bone_deep_0089_c">
      <components>
        <string>Transform</string>
        <string>SpriteRenderer</string>
      </components>
    </SceneObject>
    <SceneObject path="deep_mid_tight/bone_deep_0090_c">
      <components>
        <string>Transform</string>
        <string>SpriteRenderer</string>
      </components>
    </SceneObject>
    <SceneObject path="deep_mid_tight/bone_deep_0091_c">
      <components>
        <string>Transform</string>
        <string>SpriteRenderer</string>
      </components>
    </SceneObject>
    <SceneObject path="deep_mid_tight/bone_deep_0092_c">
      <components>
        <string>Transform</string>
        <string>SpriteRenderer</string>
      </components>
    </SceneObject>
    <SceneObject path="deep_mid_tight/bone_deep_0094_c">
      <components>
        <string>Transform</string>
        <string>SpriteRenderer</string>
      </components>
    </SceneObject>
    <SceneObject path="deep_mid_tight/bone_deep_0095_c">
      <components>
        <string>Transform</string>
        <string>SpriteRenderer</string>
      </components>
    </SceneObject>
    <SceneObject path="deep_mid_tight/bone_deep_0096_c">
      <components>
        <string>Transform</string>
        <string>SpriteRenderer</string>
      </components>
    </SceneObject>
    <SceneObject path="deep_mid_tight/bone_deep_0097_c">
      <components>
        <string>Transform</string>
        <string>SpriteRenderer</string>
      </components>
    </SceneObject>
    <SceneObject path="deep_mid_tight/bone_deep_0095_c (1)">
      <components>
        <string>Transform</string>
        <string>SpriteRenderer</string>
      </components>
    </SceneObject>
    <SceneObject path="deep_web_curved 3">
      <components>
        <string>Transform</string>
        <string>SpriteRenderer</string>
      </components>
    </SceneObject>
    <SceneObject path="cut_webs_0001_2 (1)">
      <components>
        <string>Transform</string>
        <string>SpriteRenderer</string>
      </components>
    </SceneObject>
    <SceneObject path="deep_fgtight 4">
      <components>
        <string>Transform</string>
      </components>
    </SceneObject>
    <SceneObject path="deep_fgtight 4/bone_deep_0113_g">
      <components>
        <string>Transform</string>
        <string>SpriteRenderer</string>
      </components>
    </SceneObject>
    <SceneObject path="deep_fgtight 4/bone_deep_0112_g">
      <components>
        <string>Transform</string>
        <string>SpriteRenderer</string>
      </components>
    </SceneObject>
    <SceneObject path="deep_fgtight 4/bone_deep_0111_g">
      <components>
        <string>Transform</string>
        <string>SpriteRenderer</string>
      </components>
    </SceneObject>
    <SceneObject path="deep_fgtight 4/bone_deep_0110_g">
      <components>
        <string>Transform</string>
        <string>SpriteRenderer</string>
      </components>
    </SceneObject>
    <SceneObject path="bone_deep_0103_b_sil (1)">
      <components>
        <string>Transform</string>
        <string>SpriteRenderer</string>
      </components>
    </SceneObject>
    <SceneObject path="Roof Collider">
      <components>
        <string>Transform</string>
        <string>PolygonCollider2D</string>
        <string>NonSlider</string>
        <string>PlayMakerCollisionEnter2D</string>
        <string>Roof</string>
      </components>
    </SceneObject>
    <SceneObject path="_Effects">
      <components>
        <string>Transform</string>
      </components>
    </SceneObject>
    <SceneObject path="bone_deep_0103_b_sil">
      <components>
        <string>Transform</string>
        <string>SpriteRenderer</string>
      </components>
    </SceneObject>
    <SceneObject path="_Areas">
      <components>
        <string>Transform</string>
      </components>
    </SceneObject>
    <SceneObject path="BlurPlane">
      <components>
        <string>Transform</string>
        <string>MeshFilter</string>
        <string>MeshRenderer</string>
        <string>BlurPlane</string>
      </components>
    </SceneObject>
    <SceneObject path="Spider_interior_set_0018_spider_web_FG_02 (1)">
      <components>
        <string>Transform</string>
        <string>SpriteRenderer</string>
      </components>
    </SceneObject>
    <SceneObject path="deep_web_group">
      <components>
        <string>Transform</string>
      </components>
    </SceneObject>
    <SceneObject path="deep_web_group/deep_web_curved 9">
      <components>
        <string>Transform</string>
        <string>SpriteRenderer</string>
      </components>
    </SceneObject>
    <SceneObject path="deep_web_group/deep_web_11">
      <components>
        <string>Transform</string>
        <string>SpriteRenderer</string>
      </components>
    </SceneObject>
    <SceneObject path="deep_web_group/deep_web_10">
      <components>
        <string>Transform</string>
        <string>SpriteRenderer</string>
      </components>
    </SceneObject>
    <SceneObject path="deep_web_group/deep_web_09">
      <components>
        <string>Transform</string>
        <string>SpriteRenderer</string>
      </components>
    </SceneObject>
    <SceneObject path="deep_web_group/deep_web_08">
      <components>
        <string>Transform</string>
        <string>SpriteRenderer</string>
      </components>
    </SceneObject>
    <SceneObject path="deep_web_group/deep_web_07">
      <components>
        <string>Transform</string>
        <string>SpriteRenderer</string>
      </components>
    </SceneObject>
    <SceneObject path="deep_web_group/deep_web_curved 8">
      <components>
        <string>Transform</string>
        <string>SpriteRenderer</string>
      </components>
    </SceneObject>
    <SceneObject path="deep_web_group/deep_web_curved 7">
      <components>
        <string>Transform</string>
        <string>SpriteRenderer</string>
      </components>
    </SceneObject>
    <SceneObject path="deep_web_group/deep_web_curved 6">
      <components>
        <string>Transform</string>
        <string>SpriteRenderer</string>
      </components>
    </SceneObject>
    <SceneObject path="deep_web_group/deep_web_curved 5">
      <components>
        <string>Transform</string>
        <string>SpriteRenderer</string>
      </components>
    </SceneObject>
    <SceneObject path="deep_web_group/deep_web_10 (1)">
      <components>
        <string>Transform</string>
        <string>SpriteRenderer</string>
      </components>
    </SceneObject>
    <SceneObject path="deep_web_group/deep_web_10 (2)">
      <components>
        <string>Transform</string>
        <string>SpriteRenderer</string>
      </components>
    </SceneObject>
    <SceneObject path="deep_web_group/deep_web_08 (1)">
      <components>
        <string>Transform</string>
        <string>SpriteRenderer</string>
      </components>
    </SceneObject>
    <SceneObject path="deep_web_group/deep_web_08 (2)">
      <components>
        <string>Transform</string>
        <string>SpriteRenderer</string>
      </components>
    </SceneObject>
    <SceneObject path="deep_web_group/deep_web_08 (3)">
      <components>
        <string>Transform</string>
        <string>SpriteRenderer</string>
      </components>
    </SceneObject>
    <SceneObject path="deep_station_spool_02 (8)">
      <components>
        <string>Transform</string>
        <string>SpriteRenderer</string>
      </components>
    </SceneObject>
    <SceneObject path="cut_webs_0000_1 (2)">
      <components>
        <string>Transform</string>
        <string>SpriteRenderer</string>
      </components>
    </SceneObject>
    <SceneObject path="deep_nest_webs_0004_Layer-5">
      <components>
        <string>Transform</string>
        <string>SpriteRenderer</string>
      </components>
    </SceneObject>
    <SceneObject path="deep_nest_webs_0002_Layer-5">
      <components>
        <string>Transform</string>
        <string>SpriteRenderer</string>
      </components>
    </SceneObject>
    <SceneObject path="deep_detail_10 (1)">
      <components>
        <string>Transform</string>
        <string>SpriteRenderer</string>
      </components>
    </SceneObject>
    <SceneObject path="tunnel_FG_layers_0000_Layer-1">
      <components>
        <string>Transform</string>
        <string>SpriteRenderer</string>
      </components>
    </SceneObject>
    <SceneObject path="bone_deep_0103_b_sil (9)">
      <components>
        <string>Transform</string>
        <string>SpriteRenderer</string>
      </components>
    </SceneObject>
    <SceneObject path="Spider_interior_set_0018_spider_web_FG_02 (2)">
      <components>
        <string>Transform</string>
        <string>SpriteRenderer</string>
      </components>
    </SceneObject>
    <SceneObject path="_UI">
      <components>
        <string>Transform</string>
      </components>
    </SceneObject>
    <SceneObject path="deep_station_spool_02 (1)">
      <components>
        <string>Transform</string>
        <string>SpriteRenderer</string>
      </components>
    </SceneObject>
    <SceneObject path="deep_nest_webs_0000_Layer-1 (1)">
      <components>
        <string>Transform</string>
        <string>SpriteRenderer</string>
      </components>
    </SceneObject>
    <SceneObject path="deep_nest_webs_0004_Layer-16 (4)">
      <components>
        <string>Transform</string>
        <string>SpriteRenderer</string>
      </components>
    </SceneObject>
    <SceneObject path="_Transition Gates">
      <components>
        <string>Transform</string>
      </components>
    </SceneObject>
    <SceneObject path="_Transition Gates/left1">
      <components>
        <string>Transform</string>
        <string>BoxCollider2D</string>
        <string>TransitionPoint</string>
        <string>GateSnap</string>
      </components>
    </SceneObject>
    <SceneObject path="_Transition Gates/left1/EnemyDetector">
      <components>
        <string>Transform</string>
        <string>BoxCollider2D</string>
        <string>PlayMakerFSM</string>
        <string>PlayMakerCollisionEnter2D</string>
      </components>
    </SceneObject>
    <SceneObject path="_Transition Gates/left1/Hazard Respawn Marker">
      <components>
        <string>Transform</string>
        <string>HazardRespawnMarker</string>
      </components>
    </SceneObject>
    <SceneObject path="_Transition Gates/left1/haze2 (5)">
      <components>
        <string>Transform</string>
        <string>SpriteRenderer</string>
      </components>
    </SceneObject>
    <SceneObject path="Lamp_Bug (1)">
      <components>
        <string>Transform</string>
      </components>
    </SceneObject>
    <SceneObject path="Lamp_Bug (1)/Lamp_Bug">
      <components>
        <string>Transform</string>
      </components>
    </SceneObject>
    <SceneObject path="deep_nest_webs_0000_Layer-1 (2)">
      <components>
        <string>Transform</string>
        <string>SpriteRenderer</string>
      </components>
    </SceneObject>
    <SceneObject path="cut_webs_0002_3 (1)">
      <components>
        <string>Transform</string>
        <string>SpriteRenderer</string>
      </components>
    </SceneObject>
    <SceneObject path="deep_nest_webs_0004_Layer-13 (1)">
      <components>
        <string>Transform</string>
        <string>SpriteRenderer</string>
      </components>
    </SceneObject>
    <SceneObject path="deep_nest_webs_0004_Layer-13 (2)">
      <components>
        <string>Transform</string>
        <string>SpriteRenderer</string>
      </components>
    </SceneObject>
    <SceneObject path="bone_deep_0103_b_sil (11)">
      <components>
        <string>Transform</string>
        <string>SpriteRenderer</string>
      </components>
    </SceneObject>
    <SceneObject path="station_pole">
      <components>
        <string>Transform</string>
      </components>
    </SceneObject>
    <SceneObject path="station_pole/Stag_Pole_Tall_Break (2)">
      <components>
        <string>Transform</string>
        <string>SpriteRenderer</string>
        <string>BoxCollider2D</string>
        <string>Breakable</string>
        <string>NonBouncer</string>
      </components>
    </SceneObject>
    <SceneObject path="station_pole/Stag_Pole_Tall_Break (2)/glass_burst pole 1 (1)">
      <components>
        <string>Transform</string>
        <string>ParticleSystem</string>
        <string>ParticleSystemRenderer</string>
        <string>ParticleSystemAutoRecycle</string>
      </components>
    </SceneObject>
    <SceneObject path="station_pole/Stag_Pole_Tall_Break (2)/Fungus Top Scarab (1)">
      <components>
        <string>Transform</string>
        <string>SpriteRenderer</string>
        <string>ObjectBounce</string>
        <string>Rigidbody2D</string>
        <string>PolygonCollider2D</string>
        <string>SpinSelf</string>
      </components>
    </SceneObject>
    <SceneObject path="station_pole/Stag_Pole_Tall_Break (2)/lamp_bug_escape (7)">
      <components>
        <string>Transform</string>
        <string>ParticleSystem</string>
        <string>ParticleSystemRenderer</string>
      </components>
    </SceneObject>
    <SceneObject path="station_pole/Stag_Pole_Tall_Break (2)/stag_sign_breakable_0002_Layer-0">
      <components>
        <string>Transform</string>
        <string>SpriteRenderer</string>
      </components>
    </SceneObject>
    <SceneObject path="station_pole/Stag_Pole_Tall_Break (2)/Fungus Top Scarab (2)">
      <components>
        <string>Transform</string>
        <string>SpriteRenderer</string>
        <string>ObjectBounce</string>
        <string>Rigidbody2D</string>
        <string>BoxCollider2D</string>
        <string>SpinSelf</string>
      </components>
    </SceneObject>
    <SceneObject path="station_pole/Stag_Pole_Tall_Break (2)/Fungus Top Scarab (3)">
      <components>
        <string>Transform</string>
        <string>SpriteRenderer</string>
        <string>ObjectBounce</string>
        <string>Rigidbody2D</string>
        <string>BoxCollider2D</string>
        <string>SpinSelf</string>
      </components>
    </SceneObject>
    <SceneObject path="station_pole/Stag_Pole_Tall_Break (2)/Fungus Top Scarab (4)">
      <components>
        <string>Transform</string>
        <string>SpriteRenderer</string>
        <string>ObjectBounce</string>
        <string>Rigidbody2D</string>
        <string>BoxCollider2D</string>
        <string>SpinSelf</string>
      </components>
    </SceneObject>
    <SceneObject path="station_pole/Stag_Pole_Tall_Break (2)/Active">
      <components>
        <string>Transform</string>
      </components>
    </SceneObject>
    <SceneObject path="station_pole/Stag_Pole_Tall_Break (2)/Active/Lamp_Bug (19)">
      <components>
        <string>Transform</string>
      </components>
    </SceneObject>
    <SceneObject path="station_pole/Stag_Pole_Tall_Break (2)/Active/Lamp_Bug (19)/shop_lamp_bug0000 (1)">
      <components>
        <string>Transform</string>
        <string>SpriteRenderer</string>
        <string>Animator</string>
        <string>PlayFromRandomFrameMecanim</string>
      </components>
    </SceneObject>
    <SceneObject path="station_pole/Stag_Pole_Tall_Break (2)/Active/Lamp_Bug (19)/haze2 (9)">
      <components>
        <string>Transform</string>
        <string>SpriteRenderer</string>
      </components>
    </SceneObject>
    <SceneObject path="deep_roof_group 9">
      <components>
        <string>Transform</string>
      </components>
    </SceneObject>
    <SceneObject path="deep_roof_group 9/deep_fg_145">
      <components>
        <string>Transform</string>
      </components>
    </SceneObject>
    <SceneObject path="deep_roof_group 9/deep_fg_145/bone_deep_0113_g">
      <components>
        <string>Transform</string>
        <string>SpriteRenderer</string>
      </components>
    </SceneObject>
    <SceneObject path="deep_roof_group 9/deep_fg_145/bone_deep_0112_g">
      <components>
        <string>Transform</string>
        <string>SpriteRenderer</string>
      </components>
    </SceneObject>
    <SceneObject path="deep_roof_group 9/deep_fg_145/bone_deep_0111_g">
      <components>
        <string>Transform</string>
        <string>SpriteRenderer</string>
      </components>
    </SceneObject>
    <SceneObject path="deep_roof_group 9/deep_fg_145/bone_deep_0110_g">
      <components>
        <string>Transform</string>
        <string>SpriteRenderer</string>
      </components>
    </SceneObject>
    <SceneObject path="deep_roof_group 9/deep_fg_147">
      <components>
        <string>Transform</string>
      </components>
    </SceneObject>
    <SceneObject path="deep_roof_group 9/deep_fg_147/bone_deep_0113_g">
      <components>
        <string>Transform</string>
        <string>SpriteRenderer</string>
      </components>
    </SceneObject>
    <SceneObject path="deep_roof_group 9/deep_fg_147/bone_deep_0112_g">
      <components>
        <string>Transform</string>
        <string>SpriteRenderer</string>
      </components>
    </SceneObject>
    <SceneObject path="deep_roof_group 9/deep_fg_147/bone_deep_0111_g">
      <components>
        <string>Transform</string>
        <string>SpriteRenderer</string>
      </components>
    </SceneObject>
    <SceneObject path="deep_roof_group 9/deep_fg_147/bone_deep_0110_g">
      <components>
        <string>Transform</string>
        <string>SpriteRenderer</string>
      </components>
    </SceneObject>
    <SceneObject path="deep_roof_group 9/deep_fg_148">
      <components>
        <string>Transform</string>
      </components>
    </SceneObject>
    <SceneObject path="deep_roof_group 9/deep_fg_148/bone_deep_0112_g">
      <components>
        <string>Transform</string>
        <string>SpriteRenderer</string>
      </components>
    </SceneObject>
    <SceneObject path="deep_roof_group 9/deep_fg_148/bone_deep_0110_g">
      <components>
        <string>Transform</string>
        <string>SpriteRenderer</string>
      </components>
    </SceneObject>
    <SceneObject path="door_stagExit">
      <components>
        <string>Transform</string>
        <string>BoxCollider2D</string>
        <string>PlayMakerFSM</string>
        <string>TransitionPoint</string>
        <string>PlayMakerFSM</string>
      </components>
    </SceneObject>
    <SceneObject path="door_stagExit/Hazard Respawn Marker">
      <components>
        <string>Transform</string>
        <string>HazardRespawnMarker</string>
      </components>
    </SceneObject>
    <SceneObject path="door_stagExit/Prompt Marker">
      <components>
        <string>Transform</string>
      </components>
    </SceneObject>
    <SceneObject path="deep_nest_webs_0004_Layer-16 (1)">
      <components>
        <string>Transform</string>
        <string>SpriteRenderer</string>
      </components>
    </SceneObject>
    <SceneObject path="deep_detail_10">
      <components>
        <string>Transform</string>
        <string>SpriteRenderer</string>
      </components>
    </SceneObject>
    <SceneObject path="deep_station_spool_02">
      <components>
        <string>Transform</string>
        <string>SpriteRenderer</string>
      </components>
    </SceneObject>
    <SceneObject path="cut_webs_0001_2 (2)">
      <components>
        <string>Transform</string>
        <string>SpriteRenderer</string>
      </components>
    </SceneObject>
    <SceneObject path="Stag">
      <components>
        <string>Transform</string>
        <string>MeshRenderer</string>
        <string>MeshFilter</string>
        <string>tk2dSprite</string>
        <string>BoxCollider2D</string>
        <string>tk2dSpriteAnimator</string>
        <string>PlayMakerFSM</string>
        <string>PlayMakerFSM</string>
        <string>PlayMakerFSM</string>
        <string>AudioSource</string>
        <string>SpawnStagMenu</string>
        <string>PlayMakerFixedUpdate</string>
      </components>
    </SceneObject>
    <SceneObject path="Stag/Arrival Dust">
      <components>
        <string>Transform</string>
        <string>MeshFilter</string>
        <string>MeshRenderer</string>
        <string>tk2dSprite</string>
        <string>tk2dSpriteAnimator</string>
      </components>
    </SceneObject>
    <SceneObject path="Stag/Arrival Anim">
      <components>
        <string>Transform</string>
        <string>MeshFilter</string>
        <string>MeshRenderer</string>
        <string>tk2dSprite</string>
        <string>tk2dSpriteAnimator</string>
      </components>
    </SceneObject>
    <SceneObject path="Stag/Prompt Marker">
      <components>
        <string>Transform</string>
      </components>
    </SceneObject>
    <SceneObject path="Stag/Travel Range">
      <components>
        <string>Transform</string>
        <string>BoxCollider2D</string>
        <string>PlayMakerFSM</string>
      </components>
    </SceneObject>
    <SceneObject path="Stag/Prompt Marker Trv">
      <components>
        <string>Transform</string>
        <string>SpriteRenderer</string>
      </components>
    </SceneObject>
    <SceneObject path="Stag/Dream Dialogue">
      <components>
        <string>Transform</string>
        <string>PlayMakerFSM</string>
        <string>BoxCollider2D</string>
        <string>NonBouncer</string>
      </components>
    </SceneObject>
    <SceneObject path="Stag/Dream Dialogue/Active Pt">
      <components>
        <string>Transform</string>
        <string>ParticleSystem</string>
        <string>ParticleSystemRenderer</string>
      </components>
    </SceneObject>
    <SceneObject path="Stag/Dream Dialogue/Impact Pt">
      <components>
        <string>Transform</string>
        <string>ParticleSystem</string>
        <string>ParticleSystemRenderer</string>
      </components>
    </SceneObject>
    <SceneObject path="deepnest_fog_02 (4)">
      <components>
        <string>Transform</string>
        <string>SpriteRenderer</string>
      </components>
    </SceneObject>
    <SceneObject path="deep_station_spool_02 (5)">
      <components>
        <string>Transform</string>
        <string>SpriteRenderer</string>
      </components>
    </SceneObject>
    <SceneObject path="cut_webs_0000_1">
      <components>
        <string>Transform</string>
        <string>SpriteRenderer</string>
      </components>
    </SceneObject>
    <SceneObject path="bone_deep_0103_b_sil (12)">
      <components>
        <string>Transform</string>
        <string>SpriteRenderer</string>
      </components>
    </SceneObject>
    <SceneObject path="TileMap">
      <components>
        <string>Transform</string>
        <string>tk2dTileMap</string>
      </components>
    </SceneObject>
    <SceneObject path="deep_nest_webs_0000_Layer-1">
      <components>
        <string>Transform</string>
        <string>SpriteRenderer</string>
      </components>
    </SceneObject>
    <SceneObject path="_SceneManager">
      <components>
        <string>Transform</string>
        <string>SceneManager</string>
        <string>PlayMakerFSM</string>
      </components>
    </SceneObject>
    <SceneObject path="deep_nest_webs_0002_Layer-3">
      <components>
        <string>Transform</string>
        <string>SpriteRenderer</string>
      </components>
    </SceneObject>
    <SceneObject path="deep_fgtight 1">
      <components>
        <string>Transform</string>
      </components>
    </SceneObject>
    <SceneObject path="deep_fgtight 1/bone_deep_0112_g">
      <components>
        <string>Transform</string>
        <string>SpriteRenderer</string>
      </components>
    </SceneObject>
    <SceneObject path="deep_fgtight 1/bone_deep_0111_g">
      <components>
        <string>Transform</string>
        <string>SpriteRenderer</string>
      </components>
    </SceneObject>
    <SceneObject path="deep_fgtight 1/bone_deep_0110_g">
      <components>
        <string>Transform</string>
        <string>SpriteRenderer</string>
      </components>
    </SceneObject>
    <SceneObject path="cut_web triangle (1)">
      <components>
        <string>Transform</string>
        <string>SpriteRenderer</string>
        <string>BoxCollider2D</string>
        <string>NonBouncer</string>
        <string>Breakable</string>
      </components>
    </SceneObject>
    <SceneObject path="cut_web triangle (1)/White Grass A">
      <components>
        <string>Transform</string>
        <string>ParticleSystem</string>
        <string>ParticleSystemRenderer</string>
        <string>ParticleSystemAutoRecycle</string>
      </components>
    </SceneObject>
    <SceneObject path="deep_nest_webs_0002_Layer-4">
      <components>
        <string>Transform</string>
        <string>SpriteRenderer</string>
      </components>
    </SceneObject>
    <SceneObject path="deep_fg_11">
      <components>
        <string>Transform</string>
      </components>
    </SceneObject>
    <SceneObject path="deep_fg_11/bone_deep_0104_b">
      <components>
        <string>Transform</string>
        <string>SpriteRenderer</string>
      </components>
    </SceneObject>
    <SceneObject path="deep_fg_11/bone_deep_0103_b">
      <components>
        <string>Transform</string>
        <string>SpriteRenderer</string>
      </components>
    </SceneObject>
    <SceneObject path="deep_fg_11/bone_deep_0102_b">
      <components>
        <string>Transform</string>
        <string>SpriteRenderer</string>
      </components>
    </SceneObject>
    <SceneObject path="deep_fg_9 (1)">
      <components>
        <string>Transform</string>
      </components>
    </SceneObject>
    <SceneObject path="deep_fg_9 (1)/bone_deep_0104_b">
      <components>
        <string>Transform</string>
        <string>SpriteRenderer</string>
      </components>
    </SceneObject>
    <SceneObject path="deep_fg_9 (1)/bone_deep_0103_b">
      <components>
        <string>Transform</string>
        <string>SpriteRenderer</string>
      </components>
    </SceneObject>
    <SceneObject path="deep_fg_9 (1)/bone_deep_0102_b">
      <components>
        <string>Transform</string>
        <string>SpriteRenderer</string>
      </components>
    </SceneObject>
    <SceneObject path="deep_fg_9 (1)/bone_deep_0101_b">
      <components>
        <string>Transform</string>
        <string>SpriteRenderer</string>
      </components>
    </SceneObject>
    <SceneObject path="deep_fg_9 (1)/bone_deep_0101_b (1)">
      <components>
        <string>Transform</string>
        <string>SpriteRenderer</string>
      </components>
    </SceneObject>
    <SceneObject path="deep_fg_9 (1)/bone_deep_0101_b (2)">
      <components>
        <string>Transform</string>
        <string>SpriteRenderer</string>
      </components>
    </SceneObject>
    <SceneObject path="deep_fg_9">
      <components>
        <string>Transform</string>
      </components>
    </SceneObject>
    <SceneObject path="deep_fg_9/bone_deep_0104_b">
      <components>
        <string>Transform</string>
        <string>SpriteRenderer</string>
      </components>
    </SceneObject>
    <SceneObject path="cut_webs_0001_2">
      <components>
        <string>Transform</string>
        <string>SpriteRenderer</string>
      </components>
    </SceneObject>
    <SceneObject path="bone_deep_0103_b_sil (2)">
      <components>
        <string>Transform</string>
        <string>SpriteRenderer</string>
      </components>
    </SceneObject>
    <SceneObject path="_Camera Lock Zones">
      <components>
        <string>Transform</string>
      </components>
    </SceneObject>
    <SceneObject path="Spider_interior_set_0018_spider_web_FG_02 (3)">
      <components>
        <string>Transform</string>
        <string>SpriteRenderer</string>
      </components>
    </SceneObject>
    <SceneObject path="deep_fg_9 (2)">
      <components>
        <string>Transform</string>
      </components>
    </SceneObject>
    <SceneObject path="deep_fg_9 (2)/bone_deep_0104_b">
      <components>
        <string>Transform</string>
        <string>SpriteRenderer</string>
      </components>
    </SceneObject>
    <SceneObject path="deep_fg_9 (2)/bone_deep_0103_b">
      <components>
        <string>Transform</string>
        <string>SpriteRenderer</string>
      </components>
    </SceneObject>
    <SceneObject path="deep_fg_9 (2)/bone_deep_0102_b">
      <components>
        <string>Transform</string>
        <string>SpriteRenderer</string>
      </components>
    </SceneObject>
    <SceneObject path="_Scenery">
      <components>
        <string>Transform</string>
      </components>
    </SceneObject>
    <SceneObject path="_Scenery/black_solid 27">
      <components>
        <string>Transform</string>
        <string>SpriteRenderer</string>
      </components>
    </SceneObject>
    <SceneObject path="_Scenery/black_solid 28">
      <components>
        <string>Transform</string>
        <string>SpriteRenderer</string>
      </components>
    </SceneObject>
    <SceneObject path="_Scenery/black_solid 29">
      <components>
        <string>Transform</string>
        <string>SpriteRenderer</string>
      </components>
    </SceneObject>
    <SceneObject path="_Scenery/black_solid 30">
      <components>
        <string>Transform</string>
        <string>SpriteRenderer</string>
      </components>
    </SceneObject>
    <SceneObject path="_Scenery/black_solid 31">
      <components>
        <string>Transform</string>
        <string>SpriteRenderer</string>
      </components>
    </SceneObject>
    <SceneObject path="_Scenery/black_solid 32">
      <components>
        <string>Transform</string>
        <string>SpriteRenderer</string>
      </components>
    </SceneObject>
    <SceneObject path="_Scenery/cd_archbase_01 4">
      <components>
        <string>Transform</string>
        <string>SpriteRenderer</string>
      </components>
    </SceneObject>
    <SceneObject path="_Scenery/cd_archbase_01 13">
      <components>
        <string>Transform</string>
        <string>SpriteRenderer</string>
      </components>
    </SceneObject>
    <SceneObject path="_Scenery/cd_archbase_01 14">
      <components>
        <string>Transform</string>
        <string>SpriteRenderer</string>
      </components>
    </SceneObject>
    <SceneObject path="_Scenery/cd_archbase_01 15">
      <components>
        <string>Transform</string>
        <string>SpriteRenderer</string>
      </components>
    </SceneObject>
    <SceneObject path="_Scenery/cd_archbase_01 16">
      <components>
        <string>Transform</string>
        <string>SpriteRenderer</string>
      </components>
    </SceneObject>
    <SceneObject path="_Scenery/cd_archbase_01 17">
      <components>
        <string>Transform</string>
        <string>SpriteRenderer</string>
      </components>
    </SceneObject>
    <SceneObject path="_Scenery/cd_archbase_01 25">
      <components>
        <string>Transform</string>
        <string>SpriteRenderer</string>
      </components>
    </SceneObject>
    <SceneObject path="_Scenery/cd_archbase_01 54">
      <components>
        <string>Transform</string>
        <string>SpriteRenderer</string>
      </components>
    </SceneObject>
    <SceneObject path="_Scenery/cd_archway_01 3">
      <components>
        <string>Transform</string>
        <string>SpriteRenderer</string>
      </components>
    </SceneObject>
    <SceneObject path="_Scenery/cd_archway_02 7">
      <components>
        <string>Transform</string>
        <string>SpriteRenderer</string>
      </components>
    </SceneObject>
    <SceneObject path="_Scenery/cd_archway_02 8">
      <components>
        <string>Transform</string>
        <string>SpriteRenderer</string>
      </components>
    </SceneObject>
    <SceneObject path="_Scenery/cd_archway_02 9">
      <components>
        <string>Transform</string>
        <string>SpriteRenderer</string>
      </components>
    </SceneObject>
    <SceneObject path="_Scenery/cd_archway_03 10">
      <components>
        <string>Transform</string>
        <string>SpriteRenderer</string>
      </components>
    </SceneObject>
    <SceneObject path="_Scenery/cd_archway_03 11">
      <components>
        <string>Transform</string>
        <string>SpriteRenderer</string>
      </components>
    </SceneObject>
    <SceneObject path="_Scenery/cd_archway_03 12">
      <components>
        <string>Transform</string>
        <string>SpriteRenderer</string>
      </components>
    </SceneObject>
    <SceneObject path="_Scenery/cd_wall_01_solid 5">
      <components>
        <string>Transform</string>
        <string>SpriteRenderer</string>
      </components>
    </SceneObject>
    <SceneObject path="_Scenery/cd_floor_highway_02 40">
      <components>
        <string>Transform</string>
      </components>
    </SceneObject>
    <SceneObject path="_Scenery/cd_floor_highway_02 40/highway_01_layered_0004_Layer-5">
      <components>
        <string>Transform</string>
        <string>SpriteRenderer</string>
      </components>
    </SceneObject>
    <SceneObject path="_Scenery/cd_floor_highway_02 40/highway_01_layered_0002_Layer-1">
      <components>
        <string>Transform</string>
        <string>SpriteRenderer</string>
      </components>
    </SceneObject>
    <SceneObject path="_Scenery/cd_floor_highway_02 40/highway_01_layered_0001_Layer-4">
      <components>
        <string>Transform</string>
        <string>SpriteRenderer</string>
      </components>
    </SceneObject>
    <SceneObject path="_Scenery/cd_floor_highway_02 40/highway_01_layered_0003_Layer-0">
      <components>
        <string>Transform</string>
        <string>SpriteRenderer</string>
      </components>
    </SceneObject>
    <SceneObject path="_Scenery/cd_floor_highway_02 41">
      <components>
        <string>Transform</string>
      </components>
    </SceneObject>
    <SceneObject path="_Scenery/cd_floor_highway_02 41/highway_01_layered_0004_Layer-5">
      <components>
        <string>Transform</string>
        <string>SpriteRenderer</string>
      </components>
    </SceneObject>
    <SceneObject path="_Scenery/cd_floor_highway_02 41/highway_01_layered_0002_Layer-1">
      <components>
        <string>Transform</string>
        <string>SpriteRenderer</string>
      </components>
    </SceneObject>
    <SceneObject path="_Scenery/cd_floor_highway_02 41/highway_01_layered_0001_Layer-4">
      <components>
        <string>Transform</string>
        <string>SpriteRenderer</string>
      </components>
    </SceneObject>
    <SceneObject path="_Scenery/cd_floor_highway_02 41/highway_01_layered_0003_Layer-0">
      <components>
        <string>Transform</string>
        <string>SpriteRenderer</string>
      </components>
    </SceneObject>
    <SceneObject path="_Scenery/cd_floor_highway_02 42">
      <components>
        <string>Transform</string>
      </components>
    </SceneObject>
    <SceneObject path="_Scenery/cd_floor_highway_02 42/highway_01_layered_0004_Layer-5">
      <components>
        <string>Transform</string>
        <string>SpriteRenderer</string>
      </components>
    </SceneObject>
    <SceneObject path="_Scenery/cd_floor_highway_02 42/highway_01_layered_0002_Layer-1">
      <components>
        <string>Transform</string>
        <string>SpriteRenderer</string>
      </components>
    </SceneObject>
    <SceneObject path="_Scenery/cd_floor_highway_02 42/highway_01_layered_0001_Layer-4">
      <components>
        <string>Transform</string>
        <string>SpriteRenderer</string>
      </components>
    </SceneObject>
    <SceneObject path="_Scenery/cd_floor_highway_02 42/highway_01_layered_0003_Layer-0">
      <components>
        <string>Transform</string>
        <string>SpriteRenderer</string>
      </components>
    </SceneObject>
    <SceneObject path="_Scenery/cd_floor_highway_02 43">
      <components>
        <string>Transform</string>
      </components>
    </SceneObject>
    <SceneObject path="_Scenery/cd_floor_highway_02 43/highway_01_layered_0004_Layer-5">
      <components>
        <string>Transform</string>
        <string>SpriteRenderer</string>
      </components>
    </SceneObject>
    <SceneObject path="_Scenery/cd_floor_highway_02 43/highway_01_layered_0002_Layer-1">
      <components>
        <string>Transform</string>
        <string>SpriteRenderer</string>
      </components>
    </SceneObject>
    <SceneObject path="_Scenery/cd_floor_highway_02 43/highway_01_layered_0001_Layer-4">
      <components>
        <string>Transform</string>
        <string>SpriteRenderer</string>
      </components>
    </SceneObject>
    <SceneObject path="_Scenery/cd_floor_highway_02 43/highway_01_layered_0003_Layer-0">
      <components>
        <string>Transform</string>
        <string>SpriteRenderer</string>
      </components>
    </SceneObject>
    <SceneObject path="_Scenery/cd_floor_highway_02 44">
      <components>
        <string>Transform</string>
      </components>
    </SceneObject>
    <SceneObject path="_Scenery/cd_floor_highway_02 44/highway_01_layered_0004_Layer-5">
      <components>
        <string>Transform</string>
        <string>SpriteRenderer</string>
      </components>
    </SceneObject>
    <SceneObject path="_Scenery/cd_floor_highway_02 44/highway_01_layered_0002_Layer-1">
      <components>
        <string>Transform</string>
        <string>SpriteRenderer</string>
      </components>
    </SceneObject>
    <SceneObject path="_Scenery/cd_floor_highway_02 44/highway_01_layered_0001_Layer-4">
      <components>
        <string>Transform</string>
        <string>SpriteRenderer</string>
      </components>
    </SceneObject>
    <SceneObject path="_Scenery/cd_floor_highway_02 44/highway_01_layered_0003_Layer-0">
      <components>
        <string>Transform</string>
        <string>SpriteRenderer</string>
      </components>
    </SceneObject>
    <SceneObject path="_Scenery/cd_floor_highway_02 45">
      <components>
        <string>Transform</string>
      </components>
    </SceneObject>
    <SceneObject path="_Scenery/cd_floor_highway_02 45/highway_01_layered_0004_Layer-5">
      <components>
        <string>Transform</string>
        <string>SpriteRenderer</string>
      </components>
    </SceneObject>
    <SceneObject path="_Scenery/cd_floor_highway_02 45/highway_01_layered_0002_Layer-1">
      <components>
        <string>Transform</string>
        <string>SpriteRenderer</string>
      </components>
    </SceneObject>
    <SceneObject path="_Scenery/cd_floor_highway_02 45/highway_01_layered_0001_Layer-4">
      <components>
        <string>Transform</string>
        <string>SpriteRenderer</string>
      </components>
    </SceneObject>
    <SceneObject path="_Scenery/cd_floor_highway_02 45/highway_01_layered_0003_Layer-0">
      <components>
        <string>Transform</string>
        <string>SpriteRenderer</string>
      </components>
    </SceneObject>
    <SceneObject path="_Scenery/cd_floor_highway_02 46">
      <components>
        <string>Transform</string>
      </components>
    </SceneObject>
    <SceneObject path="_Scenery/cd_floor_highway_02 46/highway_01_layered_0004_Layer-5">
      <components>
        <string>Transform</string>
        <string>SpriteRenderer</string>
      </components>
    </SceneObject>
    <SceneObject path="_Scenery/cd_floor_highway_02 46/highway_01_layered_0002_Layer-1">
      <components>
        <string>Transform</string>
        <string>SpriteRenderer</string>
      </components>
    </SceneObject>
    <SceneObject path="_Scenery/cd_floor_highway_02 46/highway_01_layered_0001_Layer-4">
      <components>
        <string>Transform</string>
        <string>SpriteRenderer</string>
      </components>
    </SceneObject>
    <SceneObject path="_Scenery/cd_floor_highway_02 46/highway_01_layered_0003_Layer-0">
      <components>
        <string>Transform</string>
        <string>SpriteRenderer</string>
      </components>
    </SceneObject>
    <SceneObject path="_Scenery/fungd_pole_back 33">
      <components>
        <string>Transform</string>
        <string>SpriteRenderer</string>
      </components>
    </SceneObject>
    <SceneObject path="_Scenery/fungd_pole_back 34">
      <components>
        <string>Transform</string>
        <string>SpriteRenderer</string>
      </components>
    </SceneObject>
    <SceneObject path="_Scenery/cd_wall_01 27">
      <components>
        <string>Transform</string>
        <string>SpriteRenderer</string>
      </components>
    </SceneObject>
    <SceneObject path="_Scenery/cd_wall_01 26">
      <components>
        <string>Transform</string>
        <string>SpriteRenderer</string>
      </components>
    </SceneObject>
    <SceneObject path="_Scenery/fungd_pole_back 35">
      <components>
        <string>Transform</string>
        <string>SpriteRenderer</string>
      </components>
    </SceneObject>
    <SceneObject path="_Scenery/fungd_pole_back 36">
      <components>
        <string>Transform</string>
        <string>SpriteRenderer</string>
      </components>
    </SceneObject>
    <SceneObject path="_Scenery/fungd_pole_back 37">
      <components>
        <string>Transform</string>
        <string>SpriteRenderer</string>
      </components>
    </SceneObject>
    <SceneObject path="_Scenery/fungd_arch_back_02 18">
      <components>
        <string>Transform</string>
        <string>SpriteRenderer</string>
      </components>
    </SceneObject>
    <SceneObject path="_Scenery/fungd_arch_back_02 19">
      <components>
        <string>Transform</string>
        <string>SpriteRenderer</string>
      </components>
    </SceneObject>
    <SceneObject path="_Scenery/fungd_arch_back_02 20">
      <components>
        <string>Transform</string>
        <string>SpriteRenderer</string>
      </components>
    </SceneObject>
    <SceneObject path="_Scenery/fungd_arch_back_02 21">
      <components>
        <string>Transform</string>
        <string>SpriteRenderer</string>
      </components>
    </SceneObject>
    <SceneObject path="_Scenery/fungd_arch_back_02 22">
      <components>
        <string>Transform</string>
        <string>SpriteRenderer</string>
      </components>
    </SceneObject>
    <SceneObject path="_Scenery/fungd_arch_back_02 23">
      <components>
        <string>Transform</string>
        <string>SpriteRenderer</string>
      </components>
    </SceneObject>
    <SceneObject path="_Scenery/station_BG_tunnel 58">
      <components>
        <string>Transform</string>
        <string>SpriteRenderer</string>
      </components>
    </SceneObject>
    <SceneObject path="_Scenery/stag_door">
      <components>
        <string>Transform</string>
      </components>
    </SceneObject>
    <SceneObject path="_Scenery/stag_door/stagdoor_0004_Color-Balance-1-copy-9">
      <components>
        <string>Transform</string>
        <string>SpriteRenderer</string>
      </components>
    </SceneObject>
    <SceneObject path="_Scenery/stag_door/cd_floor_highway_03">
      <components>
        <string>Transform</string>
      </components>
    </SceneObject>
    <SceneObject path="_Scenery/stag_door/cd_floor_highway_03/highway_01_layered_0004_Layer-5">
      <components>
        <string>Transform</string>
        <string>SpriteRenderer</string>
      </components>
    </SceneObject>
    <SceneObject path="_Scenery/stag_door/cd_floor_highway_03/highway_01_layered_0002_Layer-1">
      <components>
        <string>Transform</string>
        <string>SpriteRenderer</string>
      </components>
    </SceneObject>
    <SceneObject path="_Scenery/stag_door/cd_floor_highway_03/highway_01_layered_0001_Layer-4">
      <components>
        <string>Transform</string>
        <string>SpriteRenderer</string>
      </components>
    </SceneObject>
    <SceneObject path="_Scenery/stag_door/cd_floor_highway_03/highway_01_layered_0003_Layer-0">
      <components>
        <string>Transform</string>
        <string>SpriteRenderer</string>
      </components>
    </SceneObject>
    <SceneObject path="_Scenery/stag_door/hot_spring_layers_0005_01-copy-85">
      <components>
        <string>Transform</string>
        <string>SpriteRenderer</string>
      </components>
    </SceneObject>
    <SceneObject path="_Scenery/stag_door/stagdoor_0003_Color-Balance-1-copy-5">
      <components>
        <string>Transform</string>
        <string>SpriteRenderer</string>
      </components>
    </SceneObject>
    <SceneObject path="_Scenery/stag_door/stagdoor_0002_Color-Balance-1-copy-7">
      <components>
        <string>Transform</string>
        <string>SpriteRenderer</string>
      </components>
    </SceneObject>
    <SceneObject path="_Scenery/stag_door/stagdoor_0000_Color-Balance-1-copy-3">
      <components>
        <string>Transform</string>
        <string>SpriteRenderer</string>
      </components>
    </SceneObject>
    <SceneObject path="_Scenery/stag_door/stagdoor_0001_Layer-7">
      <components>
        <string>Transform</string>
        <string>SpriteRenderer</string>
      </components>
    </SceneObject>
    <SceneObject path="_Scenery/stag_door/stagdoor_0001_Layer-7/haze2">
      <components>
        <string>Transform</string>
        <string>SpriteRenderer</string>
      </components>
    </SceneObject>
    <SceneObject path="_Scenery/stag_door/stagdoor_0001_Layer-7/Lamp_Bug">
      <components>
        <string>Transform</string>
      </components>
    </SceneObject>
    <SceneObject path="_Scenery/stag_door/stagdoor_0001_Layer-7/Lamp_Bug/Lamp_Bug">
      <components>
        <string>Transform</string>
      </components>
    </SceneObject>
    <SceneObject path="_Scenery/stag_door/stagdoor_0001_Layer-7/Lamp_Bug/Lamp_Bug/shop_lamp_bug0000 (1)">
      <components>
        <string>Transform</string>
        <string>SpriteRenderer</string>
        <string>Animator</string>
      </components>
    </SceneObject>
    <SceneObject path="_Scenery/station_BG_tunnel_02 59">
      <components>
        <string>Transform</string>
        <string>SpriteRenderer</string>
      </components>
    </SceneObject>
    <SceneObject path="_Scenery/station_FG_tunnel_02 57">
      <components>
        <string>Transform</string>
        <string>SpriteRenderer</string>
      </components>
    </SceneObject>
    <SceneObject path="bone_deep_0103_b_sil (10)">
      <components>
        <string>Transform</string>
        <string>SpriteRenderer</string>
      </components>
    </SceneObject>
    <SceneObject path="deep_station_spool_02 (9)">
      <components>
        <string>Transform</string>
        <string>SpriteRenderer</string>
      </components>
    </SceneObject>
    <SceneObject path="deep_station_spool_03">
      <components>
        <string>Transform</string>
        <string>SpriteRenderer</string>
      </components>
    </SceneObject>
    <SceneObject path="_Props">
      <components>
        <string>Transform</string>
      </components>
    </SceneObject>
    <SceneObject path="deep_nest_webs_0004_Layer-16 (2)">
      <components>
        <string>Transform</string>
        <string>SpriteRenderer</string>
      </components>
    </SceneObject>
    <SceneObject path="_Managers">
      <components>
        <string>Transform</string>
      </components>
    </SceneObject>
    <SceneObject path="_Managers/PlayMaker Unity 2D">
      <components>
        <string>Transform</string>
        <string>PlayMakerFSM</string>
        <string>PlayMakerUnity2d</string>
        <string>PlayMakerCollisionEnter2D</string>
        <string>PlayMakerCollisionExit2D</string>
        <string>PlayMakerCollisionStay2D</string>
        <string>PlayMakerTriggerEnter2D</string>
        <string>PlayMakerTriggerExit2D</string>
        <string>PlayMakerTriggerStay2D</string>
      </components>
    </SceneObject>
    <SceneObject path="deep_nest_webs_0001_Layer-9">
      <components>
        <string>Transform</string>
        <string>SpriteRenderer</string>
      </components>
    </SceneObject>
    <SceneObject path="tunnel_FG_layers_0001_Layer-2">
      <components>
        <string>Transform</string>
        <string>SpriteRenderer</string>
      </components>
    </SceneObject>
    <SceneObject path="TileMap Render Data">
      <components>
        <string>Transform</string>
      </components>
    </SceneObject>
    <SceneObject path="TileMap Render Data/Scenemap">
      <components>
        <string>Transform</string>
      </components>
    </SceneObject>
    <SceneObject path="TileMap Render Data/Scenemap/Chunk 0 0">
      <components>
        <string>Transform</string>
        <string>MeshFilter</string>
        <string>MeshRenderer</string>
        <string>EdgeCollider2D</string>
        <string>EdgeCollider2D</string>
      </components>
    </SceneObject>
    <SceneObject path="TileMap Render Data/Scenemap/Chunk 0 1">
      <components>
        <string>Transform</string>
        <string>MeshFilter</string>
        <string>MeshRenderer</string>
        <string>EdgeCollider2D</string>
      </components>
    </SceneObject>
    <SceneObject path="cut_webs_0002_3">
      <components>
        <string>Transform</string>
        <string>SpriteRenderer</string>
      </components>
    </SceneObject>
    <SceneObject path="_Markers">
      <components>
        <string>Transform</string>
      </components>
    </SceneObject>
    <SceneObject path="web_bench">
      <components>
        <string>Transform</string>
        <string>SpriteRenderer</string>
      </components>
    </SceneObject>
    <SceneObject path="deep_web_group 3">
      <components>
        <string>Transform</string>
      </components>
    </SceneObject>
    <SceneObject path="deep_web_group 3/deep_web_curved 9">
      <components>
        <string>Transform</string>
        <string>SpriteRenderer</string>
      </components>
    </SceneObject>
    <SceneObject path="deep_web_group 3/deep_web_11">
      <components>
        <string>Transform</string>
        <string>SpriteRenderer</string>
      </components>
    </SceneObject>
    <SceneObject path="deep_web_group 3/deep_web_10">
      <components>
        <string>Transform</string>
        <string>SpriteRenderer</string>
      </components>
    </SceneObject>
    <SceneObject path="deep_web_group 3/deep_web_09">
      <components>
        <string>Transform</string>
        <string>SpriteRenderer</string>
      </components>
    </SceneObject>
    <SceneObject path="deep_web_group 3/deep_web_08">
      <components>
        <string>Transform</string>
        <string>SpriteRenderer</string>
      </components>
    </SceneObject>
    <SceneObject path="deep_web_group 3/deep_web_07">
      <components>
        <string>Transform</string>
        <string>SpriteRenderer</string>
      </components>
    </SceneObject>
    <SceneObject path="deep_web_group 3/deep_web_curved 8">
      <components>
        <string>Transform</string>
        <string>SpriteRenderer</string>
      </components>
    </SceneObject>
    <SceneObject path="deep_web_group 3/deep_web_curved 7">
      <components>
        <string>Transform</string>
        <string>SpriteRenderer</string>
      </components>
    </SceneObject>
    <SceneObject path="deep_web_group 3/deep_web_curved 6">
      <components>
        <string>Transform</string>
        <string>SpriteRenderer</string>
      </components>
    </SceneObject>
    <SceneObject path="deep_web_group 3/deep_web_curved 5">
      <components>
        <string>Transform</string>
        <string>SpriteRenderer</string>
      </components>
    </SceneObject>
    <SceneObject path="bone_deep_0103_b_sil (4)">
      <components>
        <string>Transform</string>
        <string>SpriteRenderer</string>
      </components>
    </SceneObject>
    <SceneObject path="bone_deep_0103_b_sil (3)">
      <components>
        <string>Transform</string>
        <string>SpriteRenderer</string>
      </components>
    </SceneObject>
    <SceneObject path="deep_nest_webs_0001_Layer-5">
      <components>
        <string>Transform</string>
        <string>SpriteRenderer</string>
      </components>
    </SceneObject>
    <SceneObject path="deepnest_fog_02 (1)">
      <components>
        <string>Transform</string>
        <string>SpriteRenderer</string>
      </components>
    </SceneObject>
    <SceneObject path="Hollow_Shade Marker">
      <components>
        <string>Transform</string>
        <string>PlayMakerFSM</string>
      </components>
    </SceneObject>
    <SceneObject path="Hollow_Shade Marker/HS_Image">
      <components>
        <string>Transform</string>
      </components>
    </SceneObject>
    <SceneObject path="deep_nest_webs_0002_Layer-4 (1)">
      <components>
        <string>Transform</string>
        <string>SpriteRenderer</string>
      </components>
    </SceneObject>
    <SceneObject path="deep_mid_tight 3">
      <components>
        <string>Transform</string>
      </components>
    </SceneObject>
    <SceneObject path="deep_mid_tight 3/bone_deep_0088_c">
      <components>
        <string>Transform</string>
        <string>SpriteRenderer</string>
      </components>
    </SceneObject>
    <SceneObject path="deep_mid_tight 3/bone_deep_0089_c">
      <components>
        <string>Transform</string>
        <string>SpriteRenderer</string>
      </components>
    </SceneObject>
    <SceneObject path="deep_mid_tight 3/bone_deep_0090_c">
      <components>
        <string>Transform</string>
        <string>SpriteRenderer</string>
      </components>
    </SceneObject>
    <SceneObject path="deep_mid_tight 3/bone_deep_0091_c">
      <components>
        <string>Transform</string>
        <string>SpriteRenderer</string>
      </components>
    </SceneObject>
    <SceneObject path="deep_mid_tight 3/bone_deep_0092_c">
      <components>
        <string>Transform</string>
        <string>SpriteRenderer</string>
      </components>
    </SceneObject>
    <SceneObject path="deep_mid_tight 3/bone_deep_0093_c">
      <components>
        <string>Transform</string>
        <string>SpriteRenderer</string>
      </components>
    </SceneObject>
    <SceneObject path="deep_mid_tight 3/bone_deep_0094_c">
      <components>
        <string>Transform</string>
        <string>SpriteRenderer</string>
      </components>
    </SceneObject>
    <SceneObject path="deep_mid_tight 3/bone_deep_0095_c">
      <components>
        <string>Transform</string>
        <string>SpriteRenderer</string>
      </components>
    </SceneObject>
    <SceneObject path="deep_mid_tight 3/bone_deep_0096_c">
      <components>
        <string>Transform</string>
        <string>SpriteRenderer</string>
      </components>
    </SceneObject>
    <SceneObject path="deep_mid_tight 3/bone_deep_0097_c">
      <components>
        <string>Transform</string>
        <string>SpriteRenderer</string>
      </components>
    </SceneObject>
    <SceneObject path="deep_station_spool_02 (2)">
      <components>
        <string>Transform</string>
        <string>SpriteRenderer</string>
      </components>
    </SceneObject>
    <SceneObject path="bone_deep_0103_b_sil (8)">
      <components>
        <string>Transform</string>
        <string>SpriteRenderer</string>
      </components>
    </SceneObject>
    <SceneObject path="cut_webs_0000_1 (1)">
      <components>
        <string>Transform</string>
        <string>SpriteRenderer</string>
      </components>
    </SceneObject>
    <SceneObject path="deep_fg_9 (3)">
      <components>
        <string>Transform</string>
      </components>
    </SceneObject>
    <SceneObject path="deep_fg_9 (3)/bone_deep_0104_b">
      <components>
        <string>Transform</string>
        <string>SpriteRenderer</string>
      </components>
    </SceneObject>
    <SceneObject path="deep_fg_9 (3)/bone_deep_0103_b">
      <components>
        <string>Transform</string>
        <string>SpriteRenderer</string>
      </components>
    </SceneObject>
    <SceneObject path="deep_fg_9 (3)/bone_deep_0102_b">
      <components>
        <string>Transform</string>
        <string>SpriteRenderer</string>
      </components>
    </SceneObject>
    <SceneObject path="tunnel_FG_layers_0002_Layer-3">
      <components>
        <string>Transform</string>
        <string>SpriteRenderer</string>
      </components>
    </SceneObject>
    <SceneObject path="deep_nest_webs_0004_Layer-13">
      <components>
        <string>Transform</string>
        <string>SpriteRenderer</string>
      </components>
    </SceneObject>
    <SceneObject path="deep_fg_10">
      <components>
        <string>Transform</string>
      </components>
    </SceneObject>
    <SceneObject path="deep_fg_10/bone_deep_0104_b">
      <components>
        <string>Transform</string>
        <string>SpriteRenderer</string>
      </components>
    </SceneObject>
    <SceneObject path="deep_fg_10/bone_deep_0103_b">
      <components>
        <string>Transform</string>
        <string>SpriteRenderer</string>
      </components>
    </SceneObject>
    <SceneObject path="deep_fg_10/bone_deep_0102_b">
      <components>
        <string>Transform</string>
        <string>SpriteRenderer</string>
      </components>
    </SceneObject>
    <SceneObject path="_Items">
      <components>
        <string>Transform</string>
      </components>
    </SceneObject>
    <SceneObject path="deep_fgtight 5">
      <components>
        <string>Transform</string>
      </components>
    </SceneObject>
    <SceneObject path="deep_fgtight 5/bone_deep_0113_g">
      <components>
        <string>Transform</string>
        <string>SpriteRenderer</string>
      </components>
    </SceneObject>
    <SceneObject path="deep_fgtight 5/bone_deep_0112_g">
      <components>
        <string>Transform</string>
        <string>SpriteRenderer</string>
      </components>
    </SceneObject>
    <SceneObject path="deep_fgtight 5/bone_deep_0111_g">
      <components>
        <string>Transform</string>
        <string>SpriteRenderer</string>
      </components>
    </SceneObject>
    <SceneObject path="Fogs_haze">
      <components>
        <string>Transform</string>
      </components>
    </SceneObject>
    <SceneObject path="Fogs_haze/fog 1">
      <components>
        <string>Transform</string>
        <string>SpriteRenderer</string>
      </components>
    </SceneObject>
    <SceneObject path="_NPCs">
      <components>
        <string>Transform</string>
      </components>
    </SceneObject>
    <SceneObject path="deep_station_spool_01 (1)">
      <components>
        <string>Transform</string>
        <string>SpriteRenderer</string>
      </components>
    </SceneObject>
    <SceneObject path="deep_station_spool_02 (10)">
      <components>
        <string>Transform</string>
        <string>SpriteRenderer</string>
      </components>
    </SceneObject>
    <SceneObject path="cut_web triangle">
      <components>
        <string>Transform</string>
        <string>SpriteRenderer</string>
        <string>BoxCollider2D</string>
        <string>NonBouncer</string>
        <string>Breakable</string>
      </components>
    </SceneObject>
    <SceneObject path="cut_web triangle/White Grass A">
      <components>
        <string>Transform</string>
        <string>ParticleSystem</string>
        <string>ParticleSystemRenderer</string>
        <string>ParticleSystemAutoRecycle</string>
      </components>
    </SceneObject>
    <SceneObject path="deep_nest_webs_0001_Layer-2">
      <components>
        <string>Transform</string>
        <string>SpriteRenderer</string>
      </components>
    </SceneObject>
    <SceneObject path="deep_fgtight">
      <components>
        <string>Transform</string>
      </components>
    </SceneObject>
    <SceneObject path="deep_fgtight/bone_deep_0113_g">
      <components>
        <string>Transform</string>
        <string>SpriteRenderer</string>
      </components>
    </SceneObject>
    <SceneObject path="deep_fgtight/bone_deep_0112_g">
      <components>
        <string>Transform</string>
        <string>SpriteRenderer</string>
      </components>
    </SceneObject>
    <SceneObject path="deep_fgtight/bone_deep_0111_g">
      <components>
        <string>Transform</string>
        <string>SpriteRenderer</string>
      </components>
    </SceneObject>
    <SceneObject path="deep_fgtight/bone_deep_0110_g">
      <components>
        <string>Transform</string>
        <string>SpriteRenderer</string>
      </components>
    </SceneObject>
    <SceneObject path="deep_station_spool_02 (6)">
      <components>
        <string>Transform</string>
        <string>SpriteRenderer</string>
      </components>
    </SceneObject>
    <SceneObject path="deep_nest_webs_0001_Layer-6">
      <components>
        <string>Transform</string>
        <string>SpriteRenderer</string>
      </components>
    </SceneObject>
    <SceneObject path="deep_nest_webs_0004_Layer-14">
      <components>
        <string>Transform</string>
        <string>SpriteRenderer</string>
      </components>
    </SceneObject>
    <SceneObject path="deep_nest_webs_0001_Layer-8">
      <components>
        <string>Transform</string>
        <string>SpriteRenderer</string>
      </components>
    </SceneObject>
    <SceneObject path="Spider_interior_set_0018_spider_web_FG_02">
      <components>
        <string>Transform</string>
        <string>SpriteRenderer</string>
      </components>
    </SceneObject>
    <SceneObject path="deep_station_spool_01">
      <components>
        <string>Transform</string>
        <string>SpriteRenderer</string>
      </components>
    </SceneObject>
    <SceneObject path="deep_station_spool_02 (4)">
      <components>
        <string>Transform</string>
        <string>SpriteRenderer</string>
      </components>
    </SceneObject>
    <SceneObject path="deepnest_fog_02 (3)">
      <components>
        <string>Transform</string>
        <string>SpriteRenderer</string>
      </components>
    </SceneObject>
    <SceneObject path="Station Bell">
      <components>
        <string>Transform</string>
        <string>MeshFilter</string>
        <string>MeshRenderer</string>
        <string>tk2dSprite</string>
        <string>tk2dSpriteAnimator</string>
        <string>PlayMakerFSM</string>
        <string>BoxCollider2D</string>
        <string>PlayMakerFixedUpdate</string>
      </components>
    </SceneObject>
    <SceneObject path="Station Bell/Bell">
      <components>
        <string>Transform</string>
        <string>MeshFilter</string>
        <string>MeshRenderer</string>
        <string>tk2dSprite</string>
        <string>tk2dSpriteAnimator</string>
        <string>BoxCollider2D</string>
        <string>PlayMakerFSM</string>
        <string>NonBouncer</string>
      </components>
    </SceneObject>
    <SceneObject path="Station Bell/Prompt Marker">
      <components>
        <string>Transform</string>
      </components>
    </SceneObject>
    <SceneObject path="Station Bell/Front">
      <components>
        <string>Transform</string>
        <string>MeshFilter</string>
        <string>MeshRenderer</string>
        <string>tk2dSprite</string>
        <string>tk2dSpriteAnimator</string>
      </components>
    </SceneObject>
    <SceneObject path="Station Bell/Dust Box Down">
      <components>
        <string>Transform</string>
        <string>ParticleSystem</string>
        <string>ParticleSystemRenderer</string>
        <string>ParticleSystemAutoDestroy</string>
      </components>
    </SceneObject>
    <SceneObject path="Station Bell/Dust Bell Up">
      <components>
        <string>Transform</string>
        <string>ParticleSystem</string>
        <string>ParticleSystemRenderer</string>
        <string>ParticleSystemAutoDestroy</string>
      </components>
    </SceneObject>
    <SceneObject path="deep_fgtight 3">
      <components>
        <string>Transform</string>
      </components>
    </SceneObject>
    <SceneObject path="deep_fgtight 3/bone_deep_0113_g">
      <components>
        <string>Transform</string>
        <string>SpriteRenderer</string>
      </components>
    </SceneObject>
    <SceneObject path="deep_fgtight 3/bone_deep_0112_g">
      <components>
        <string>Transform</string>
        <string>SpriteRenderer</string>
      </components>
    </SceneObject>
    <SceneObject path="deep_fgtight 3/bone_deep_0111_g">
      <components>
        <string>Transform</string>
        <string>SpriteRenderer</string>
      </components>
    </SceneObject>
    <SceneObject path="deep_fgtight 3/bone_deep_0110_g">
      <components>
        <string>Transform</string>
        <string>SpriteRenderer</string>
      </components>
    </SceneObject>
    <SceneObject path="_Enemies">
      <components>
        <string>Transform</string>
      </components>
    </SceneObject>
    <SceneObject path="bone_deep_0103_b_sil (5)">
      <components>
        <string>Transform</string>
        <string>SpriteRenderer</string>
      </components>
    </SceneObject>
    <SceneObject path="bone_deep_0103_b_sil (6)">
      <components>
        <string>Transform</string>
        <string>SpriteRenderer</string>
      </components>
    </SceneObject>
    <SceneObject path="Stag_tunnel_Grate">
      <components>
        <string>Transform</string>
        <string>MeshFilter</string>
        <string>MeshRenderer</string>
        <string>tk2dSprite</string>
        <string>tk2dSpriteAnimator</string>
        <string>PlayMakerFSM</string>
      </components>
    </SceneObject>
    <SceneObject path="Stag_tunnel_Grate/Dust Rumble">
      <components>
        <string>Transform</string>
        <string>ParticleSystem</string>
        <string>ParticleSystemRenderer</string>
        <string>ParticleSystemAutoDestroy</string>
      </components>
    </SceneObject>
    <SceneObject path="deep_station_spool_02 (3)">
      <components>
        <string>Transform</string>
        <string>SpriteRenderer</string>
      </components>
    </SceneObject>
    <SceneObject path="deep_web_group 1">
      <components>
        <string>Transform</string>
      </components>
    </SceneObject>
    <SceneObject path="deep_web_group 1/deep_web_curved 9">
      <components>
        <string>Transform</string>
        <string>SpriteRenderer</string>
      </components>
    </SceneObject>
    <SceneObject path="deep_web_group 1/deep_web_11">
      <components>
        <string>Transform</string>
        <string>SpriteRenderer</string>
      </components>
    </SceneObject>
    <SceneObject path="deep_web_group 1/deep_web_10">
      <components>
        <string>Transform</string>
        <string>SpriteRenderer</string>
      </components>
    </SceneObject>
    <SceneObject path="deep_web_group 1/deep_web_09">
      <components>
        <string>Transform</string>
        <string>SpriteRenderer</string>
      </components>
    </SceneObject>
    <SceneObject path="deep_web_group 1/deep_web_08">
      <components>
        <string>Transform</string>
        <string>SpriteRenderer</string>
      </components>
    </SceneObject>
    <SceneObject path="deep_web_group 1/deep_web_07">
      <components>
        <string>Transform</string>
        <string>SpriteRenderer</string>
      </components>
    </SceneObject>
    <SceneObject path="deep_web_group 1/deep_web_curved 8">
      <components>
        <string>Transform</string>
        <string>SpriteRenderer</string>
      </components>
    </SceneObject>
    <SceneObject path="deep_web_group 1/deep_web_curved 7">
      <components>
        <string>Transform</string>
        <string>SpriteRenderer</string>
      </components>
    </SceneObject>
    <SceneObject path="deep_web_group 1/deep_web_curved 6">
      <components>
        <string>Transform</string>
        <string>SpriteRenderer</string>
      </components>
    </SceneObject>
    <SceneObject path="deep_web_group 1/deep_web_curved 5">
      <components>
        <string>Transform</string>
        <string>SpriteRenderer</string>
      </components>
    </SceneObject>
    <SceneObject path="deep_nest_webs_0004_Layer-16">
      <components>
        <string>Transform</string>
        <string>SpriteRenderer</string>
      </components>
    </SceneObject>
    <SceneObject path="deepnest_fog_02">
      <components>
        <string>Transform</string>
        <string>SpriteRenderer</string>
      </components>
    </SceneObject>
    <SceneObject path="cut_web fat">
      <components>
        <string>Transform</string>
        <string>SpriteRenderer</string>
        <string>BoxCollider2D</string>
        <string>NonBouncer</string>
        <string>Breakable</string>
      </components>
    </SceneObject>
    <SceneObject path="cut_web fat/White Grass A">
      <components>
        <string>Transform</string>
        <string>ParticleSystem</string>
        <string>ParticleSystemRenderer</string>
        <string>ParticleSystemAutoRecycle</string>
      </components>
    </SceneObject>
    <SceneObject path="deep_fgtight 4 (1)">
      <components>
        <string>Transform</string>
      </components>
    </SceneObject>
    <SceneObject path="deep_fgtight 4 (1)/bone_deep_0113_g">
      <components>
        <string>Transform</string>
        <string>SpriteRenderer</string>
      </components>
    </SceneObject>
    <SceneObject path="deep_fgtight 4 (1)/bone_deep_0112_g">
      <components>
        <string>Transform</string>
        <string>SpriteRenderer</string>
      </components>
    </SceneObject>
    <SceneObject path="deep_fgtight 4 (1)/bone_deep_0111_g">
      <components>
        <string>Transform</string>
        <string>SpriteRenderer</string>
      </components>
    </SceneObject>
    <SceneObject path="deep_fgtight 4 (1)/bone_deep_0110_g">
      <components>
        <string>Transform</string>
        <string>SpriteRenderer</string>
      </components>
    </SceneObject>
    <SceneObject path="Stag Blanker">
      <components>
        <string>Transform</string>
        <string>SpriteRenderer</string>
        <string>PlayMakerFSM</string>
      </components>
    </SceneObject>
    <SceneObject path="ruins_sentry_set">
      <components>
        <string>Transform</string>
      </components>
    </SceneObject>
    <SceneObject path="ruins_sentry_set/Great Shield Zombie (1)">
      <components>
        <string>Transform</string>
        <string>MeshRenderer</string>
        <string>MeshFilter</string>
        <string>tk2dSprite</string>
      </components>
    </SceneObject>
    <SceneObject path="ruins_sentry_set/Royal Zombie Fat (1)">
      <components>
        <string>Transform</string>
        <string>MeshRenderer</string>
        <string>MeshFilter</string>
        <string>tk2dSprite</string>
        <string>BoxCollider2D</string>
      </components>
    </SceneObject>
    <SceneObject path="ruins_sentry_set/Royal Zombie flat">
      <components>
        <string>Transform</string>
      </components>
    </SceneObject>
    <SceneObject path="ruins_sentry_set/Royal Zombie point">
      <components>
        <string>Transform</string>
      </components>
    </SceneObject>
  </sceneObjects>
</SceneData>