<?xml version="1.0" encoding="utf-8"?>
<SceneData xmlns:xsd="http://www.w3.org/2001/XMLSchema" xmlns:xsi="http://www.w3.org/2001/XMLSchema-instance" name="Deepnest_East_Hornet_boss">
  <sceneObjects>
    <SceneObject path="Hornet Boss 2">
      <components>
        <string>Transform</string>
        <string>MeshFilter</string>
        <string>MeshRenderer</string>
        <string>tk2dSprite</string>
        <string>tk2dSpriteAnimator</string>
        <string>Rigidbody2D</string>
        <string>BoxCollider2D</string>
        <string>PlayMakerFSM</string>
        <string>SpriteFlash</string>
        <string>SetZ</string>
        <string>PlayMakerFSM</string>
        <string>PlayMakerFSM</string>
        <string>AudioSource</string>
        <string>PlayMakerFixedUpdate</string>
        <string>Recoil</string>
        <string>EnemyDreamnailReaction</string>
        <string>EnemyHitEffectsUninfected</string>
        <string>EnemyDeathEffectsUninfected</string>
        <string>HealthManager</string>
        <string>ExtraDamageable</string>
        <string>DamageHero</string>
      </components>
    </SceneObject>
    <SceneObject path="Hornet Boss 2/Hit GDash">
      <components>
        <string>Transform</string>
        <string>PolygonCollider2D</string>
        <string>NonBouncer</string>
        <string>DamageHero</string>
      </components>
    </SceneObject>
    <SceneObject path="Hornet Boss 2/Hit ADash">
      <components>
        <string>Transform</string>
        <string>PolygonCollider2D</string>
        <string>NonBouncer</string>
        <string>DamageHero</string>
      </components>
    </SceneObject>
    <SceneObject path="Hornet Boss 2/A Dash Range">
      <components>
        <string>Transform</string>
        <string>PolygonCollider2D</string>
        <string>PlayMakerFSM</string>
      </components>
    </SceneObject>
    <SceneObject path="Hornet Boss 2/Sphere Ball">
      <components>
        <string>Transform</string>
        <string>MeshFilter</string>
        <string>MeshRenderer</string>
        <string>tk2dSprite</string>
        <string>tk2dSpriteAnimator</string>
        <string>NonBouncer</string>
        <string>CircleCollider2D</string>
        <string>PlayMakerFSM</string>
        <string>DamageHero</string>
      </components>
    </SceneObject>
    <SceneObject path="Hornet Boss 2/Needle">
      <components>
        <string>Transform</string>
        <string>MeshFilter</string>
        <string>MeshRenderer</string>
        <string>tk2dSprite</string>
        <string>tk2dSpriteAnimator</string>
        <string>NonBouncer</string>
        <string>PolygonCollider2D</string>
        <string>PlayMakerFSM</string>
        <string>Rigidbody2D</string>
        <string>DamageHero</string>
        <string>PlayMakerFixedUpdate</string>
      </components>
    </SceneObject>
    <SceneObject path="Hornet Boss 2/Needle/Thread">
      <components>
        <string>Transform</string>
        <string>MeshFilter</string>
        <string>MeshRenderer</string>
        <string>tk2dSprite</string>
        <string>tk2dSpriteAnimator</string>
        <string>PlayMakerFSM</string>
      </components>
    </SceneObject>
    <SceneObject path="Hornet Boss 2/Needle/Needle Tink">
      <components>
        <string>Transform</string>
        <string>PlayMakerFSM</string>
        <string>PlayMakerFSM</string>
        <string>BoxCollider2D</string>
        <string>AudioSource</string>
        <string>PlayMakerFixedUpdate</string>
      </components>
    </SceneObject>
    <SceneObject path="Hornet Boss 2/Sphere Range">
      <components>
        <string>Transform</string>
        <string>CircleCollider2D</string>
        <string>PlayMakerFSM</string>
      </components>
    </SceneObject>
    <SceneObject path="Hornet Boss 2/Evade Check">
      <components>
        <string>Transform</string>
        <string>PlayMakerFSM</string>
        <string>BoxCollider2D</string>
        <string>PlayMakerFixedUpdate</string>
      </components>
    </SceneObject>
    <SceneObject path="Hornet Boss 2/Run Away Check">
      <components>
        <string>Transform</string>
        <string>PlayMakerFSM</string>
        <string>BoxCollider2D</string>
      </components>
    </SceneObject>
    <SceneObject path="Hornet Boss 2/Evade Range">
      <components>
        <string>Transform</string>
        <string>PlayMakerFSM</string>
        <string>BoxCollider2D</string>
        <string>PlayMakerFSM</string>
      </components>
    </SceneObject>
    <SceneObject path="Hornet Boss 2/A Dash Effect">
      <components>
        <string>Transform</string>
        <string>MeshFilter</string>
        <string>MeshRenderer</string>
        <string>tk2dSprite</string>
        <string>tk2dSpriteAnimator</string>
        <string>PlayMakerFSM</string>
      </components>
    </SceneObject>
    <SceneObject path="Hornet Boss 2/Dust HardLand">
      <components>
        <string>Transform</string>
        <string>ParticleSystem</string>
        <string>ParticleSystemRenderer</string>
        <string>SetParticleScale</string>
      </components>
    </SceneObject>
    <SceneObject path="Hornet Boss 2/G Dash Effect">
      <components>
        <string>Transform</string>
        <string>MeshFilter</string>
        <string>MeshRenderer</string>
        <string>tk2dSprite</string>
        <string>tk2dSpriteAnimator</string>
        <string>PlayMakerFSM</string>
      </components>
    </SceneObject>
    <SceneObject path="Hornet Boss 2/Flash Effect">
      <components>
        <string>Transform</string>
        <string>MeshFilter</string>
        <string>MeshRenderer</string>
        <string>tk2dSprite</string>
        <string>tk2dSpriteAnimator</string>
        <string>PlayMakerFSM</string>
      </components>
    </SceneObject>
    <SceneObject path="Hornet Boss 2/Throw Effect">
      <components>
        <string>Transform</string>
        <string>MeshFilter</string>
        <string>MeshRenderer</string>
        <string>tk2dSprite</string>
        <string>tk2dSpriteAnimator</string>
        <string>PlayMakerFSM</string>
      </components>
    </SceneObject>
    <SceneObject path="Hornet Boss 2/A Sphere Range">
      <components>
        <string>Transform</string>
        <string>PlayMakerFSM</string>
        <string>BoxCollider2D</string>
      </components>
    </SceneObject>
    <SceneObject path="Hornet Boss 2/Refight Range">
      <components>
        <string>Transform</string>
        <string>BoxCollider2D</string>
        <string>PlayMakerFSM</string>
      </components>
    </SceneObject>
    <SceneObject path="Hornet Boss 2/Hit Counter 1">
      <components>
        <string>Transform</string>
        <string>PolygonCollider2D</string>
        <string>NonBouncer</string>
        <string>PlayMakerFSM</string>
        <string>DamageHero</string>
      </components>
    </SceneObject>
    <SceneObject path="Hornet Boss 2/Hit Counter 2">
      <components>
        <string>Transform</string>
        <string>PolygonCollider2D</string>
        <string>NonBouncer</string>
        <string>PlayMakerFSM</string>
        <string>DamageHero</string>
      </components>
    </SceneObject>
    <SceneObject path="Hornet Boss 2/Counter Flash">
      <components>
        <string>Transform</string>
        <string>MeshFilter</string>
        <string>MeshRenderer</string>
        <string>tk2dSprite</string>
        <string>tk2dSpriteAnimator</string>
        <string>PlayMakerFSM</string>
      </components>
    </SceneObject>
    <SceneObject path="Hornet Outskirts Battle Encounter">
      <components>
        <string>Transform</string>
        <string>MeshFilter</string>
        <string>MeshRenderer</string>
        <string>tk2dSprite</string>
        <string>tk2dSpriteAnimator</string>
        <string>BoxCollider2D</string>
        <string>PlayMakerFSM</string>
        <string>Rigidbody2D</string>
        <string>AudioSource</string>
        <string>PlayMakerFixedUpdate</string>
      </components>
    </SceneObject>
    <SceneObject path="Hornet Outskirts Battle Encounter/Thread">
      <components>
        <string>Transform</string>
        <string>MeshFilter</string>
        <string>MeshRenderer</string>
        <string>tk2dSprite</string>
        <string>tk2dSpriteAnimator</string>
      </components>
    </SceneObject>
    <SceneObject path="Hornet Outskirts Battle Encounter/Grass">
      <components>
        <string>Transform</string>
        <string>ParticleSystem</string>
        <string>ParticleSystemRenderer</string>
        <string>SetParticleScale</string>
      </components>
    </SceneObject>
    <SceneObject path="Hornet Outskirts Battle Encounter/Grass Escape">
      <components>
        <string>Transform</string>
        <string>ParticleSystem</string>
        <string>ParticleSystemRenderer</string>
        <string>SetParticleScale</string>
      </components>
    </SceneObject>
    <SceneObject path="Corpse Hornet Outskirts">
      <components>
        <string>Transform</string>
        <string>MeshFilter</string>
        <string>MeshRenderer</string>
        <string>tk2dSprite</string>
        <string>tk2dSpriteAnimator</string>
        <string>BoxCollider2D</string>
        <string>Rigidbody2D</string>
        <string>PlayMakerFSM</string>
        <string>NonBouncer</string>
        <string>PlayMakerFixedUpdate</string>
        <string>PlayMakerFSM</string>
      </components>
    </SceneObject>
    <SceneObject path="Corpse Hornet Outskirts/Thread">
      <components>
        <string>Transform</string>
        <string>MeshFilter</string>
        <string>MeshRenderer</string>
        <string>tk2dSprite</string>
        <string>tk2dSpriteAnimator</string>
      </components>
    </SceneObject>
    <SceneObject path="Corpse Hornet Outskirts/Grass">
      <components>
        <string>Transform</string>
        <string>ParticleSystem</string>
        <string>ParticleSystemRenderer</string>
        <string>SetParticleScale</string>
      </components>
    </SceneObject>
    <SceneObject path="Corpse Hornet Outskirts/Grass Escape">
      <components>
        <string>Transform</string>
        <string>ParticleSystem</string>
        <string>ParticleSystemRenderer</string>
        <string>SetParticleScale</string>
      </components>
    </SceneObject>
    <SceneObject path="Corpse Hornet Outskirts/Start Pt">
      <components>
        <string>Transform</string>
        <string>ParticleSystem</string>
        <string>ParticleSystemRenderer</string>
        <string>ParticleSystemAutoDestroy</string>
      </components>
    </SceneObject>
    <SceneObject path="Corpse Hornet Outskirts/Leave Anim">
      <components>
        <string>Transform</string>
        <string>MeshFilter</string>
        <string>MeshRenderer</string>
        <string>tk2dSprite</string>
        <string>tk2dSpriteAnimator</string>
      </components>
    </SceneObject>
    <SceneObject path="Corpse Hornet Outskirts/NPC">
      <components>
        <string>Transform</string>
        <string>BoxCollider2D</string>
        <string>PlayMakerFSM</string>
        <string>PlayMakerFSM</string>
        <string>PlayMakerFixedUpdate</string>
      </components>
    </SceneObject>
    <SceneObject path="Corpse Hornet Outskirts/NPC/Prompt Marker">
      <components>
        <string>Transform</string>
        <string>MeshRenderer</string>
        <string>MeshFilter</string>
        <string>tk2dSprite</string>
        <string>tk2dSpriteAnimator</string>
        <string>PlayMakerFSM</string>
      </components>
    </SceneObject>
    <SceneObject path="Corpse Hornet Outskirts/Enemy Dream">
      <components>
        <string>Transform</string>
        <string>EnemyDreamnailReaction</string>
        <string>BoxCollider2D</string>
      </components>
    </SceneObject>
    <SceneObject path="Hornet saver">
      <components>
        <string>Transform</string>
        <string>BoxCollider2D</string>
        <string>BoxCollider2D</string>
        <string>BoxCollider2D</string>
        <string>BoxCollider2D</string>
        <string>PolygonCollider2D</string>
      </components>
    </SceneObject>
  </sceneObjects>
</SceneData>